email_id,subject,text,label
1502,Job Application,Please find my resume attached for your consideration. Please respond when convenient. This update is scheduled for Thursday.,job_career
2587,Schedule Update,I would like to arrange a meeting to discuss the project. Please respond when convenient. This update is scheduled for Tuesday.,meetings
2654,Schedule Update,The team meeting has been scheduled for Monday at 10 AM. Please respond when convenient. This update is scheduled for Tuesday.,meetings
1056,Weekend Plans,I hope you are doing well. Let me know when we can catch up. Please respond when convenient. This update is scheduled for Friday.,personal
706,Order Issue,The service is not working properly. Please check the problem. Please respond when convenient. This update is scheduled for Friday.,customer_support
107,Quarterly Report,The client has requested an update on the project timeline. Please respond when convenient. This update is scheduled for Tuesday.,business
590,Service Problem,My product arrived damaged. Please help me with a replacement. Please respond when convenient. This update is scheduled for Wednesday.,customer_support
2469,Payment Update,Your invoice is due for payment by the end of this month. Please respond when convenient. This update is scheduled for Monday.,finance
2414,Payment Update,Could you confirm whether my refund has been issued? Please respond when convenient. This update is scheduled for Thursday.,finance
1601,Career Opportunity,Could you provide an update regarding my job application? Please respond when convenient. This update is scheduled for Tuesday.,job_career
2465,Account Statement,The payment has been processed successfully. Please respond when convenient. This update is scheduled for Tuesday.,finance
229,Quarterly Report,We need your approval before proceeding with the business plan. Please respond when convenient. This update is scheduled for Tuesday.,business
916,Order Issue,My product arrived damaged. Please help me with a replacement. Please respond when convenient. This update is scheduled for Monday.,customer_support
795,Support Request,I am having trouble with my order and need some assistance. Please respond when convenient. This update is scheduled for Friday.,customer_support
3022,Travel Confirmation,Can you help me book a hotel for my business trip? Please respond when convenient. This update is scheduled for Wednesday.,travel
3544,Event Invitation,We are organizing a celebration and would love you to join us. Please respond when convenient. This update is scheduled for Wednesday.,events
1074,Checking In,I wanted to check how you are doing. Please respond when convenient. This update is scheduled for Tuesday.,personal
3352,Travel Confirmation,Can you help me book a hotel for my business trip? Please respond when convenient. This update is scheduled for Monday.,travel
1745,Job Application,I am interested in learning more about the internship opportunity. Please respond when convenient. This update is scheduled for Friday.,job_career
1085,Weekend Plans,Are you free to meet for dinner this weekend? Please respond when convenient. This update is scheduled for Wednesday.,personal
927,Service Problem,I am having trouble with my order and need some assistance. Please respond when convenient. This update is scheduled for Monday.,customer_support
3050,Travel Confirmation,I would like to change the date of my hotel reservation. Please respond when convenient. This update is scheduled for Friday.,travel
1118,Checking In,Would you like to join us for lunch tomorrow? Please respond when convenient. This update is scheduled for Thursday.,personal
643,Service Problem,I have not received my order yet and would like an update. Please respond when convenient. This update is scheduled for Monday.,customer_support
4768,Weekly Update,Here are this week's latest company updates. Please respond when convenient. This update is scheduled for Friday.,newsletter_updates
502,Order Issue,My product arrived damaged. Please help me with a replacement. Please respond when convenient. This update is scheduled for Wednesday.,customer_support
4067,Special Offer,Use this promotional code to receive a discount on your order. Please respond when convenient. This update is scheduled for Tuesday.,promotions
334,Project Update,Please find the latest sales figures attached for discussion. Please respond when convenient. This update is scheduled for Monday.,business
4685,Weekly Update,Here is your regular update with the latest information. Please respond when convenient. This update is scheduled for Friday.,newsletter_updates
487,Quarterly Report,The updated project proposal is ready for your review. Please respond when convenient. This update is scheduled for Tuesday.,business
1963,Career Opportunity,I am interested in learning more about the internship opportunity. Please respond when convenient. This update is scheduled for Wednesday.,job_career
394,Quarterly Report,The client has requested an update on the project timeline. Please respond when convenient. This update is scheduled for Wednesday.,business
4843,Monthly Newsletter,Here is your regular update with the latest information. Please respond when convenient. This update is scheduled for Wednesday.,newsletter_updates
4867,Weekly Update,This week's newsletter includes important announcements. Please respond when convenient. This update is scheduled for Monday.,newsletter_updates
1756,Job Application,Could you provide an update regarding my job application? Please respond when convenient. This update is scheduled for Wednesday.,job_career
2516,Meeting Reminder,The meeting agenda is attached for your review. Please respond when convenient. This update is scheduled for Wednesday.,meetings
3586,Upcoming Event,You are invited to attend our annual conference next month. Please respond when convenient. This update is scheduled for Friday.,events
4316,Exclusive Discount,Get 30 percent off your next purchase this weekend. Please respond when convenient. This update is scheduled for Wednesday.,promotions
4967,Monthly Newsletter,Here is your regular update with the latest information. Please respond when convenient. This update is scheduled for Tuesday.,newsletter_updates
2100,Account Statement,Please find the latest invoice attached to this email. Please respond when convenient. This update is scheduled for Wednesday.,finance
3600,Conference Update,Please RSVP for the upcoming company event. Please respond when convenient. This update is scheduled for Thursday.,events
4122,Exclusive Discount,Use this promotional code to receive a discount on your order. Please respond when convenient. This update is scheduled for Thursday.,promotions
30,Quarterly Report,Please find the latest sales figures attached for discussion. Please respond when convenient. This update is scheduled for Wednesday.,business
66,Quarterly Report,Please find the latest sales figures attached for discussion. Please respond when convenient. This update is scheduled for Tuesday.,business
839,Service Problem,I have not received my order yet and would like an update. Please respond when convenient. This update is scheduled for Monday.,customer_support
3907,Upcoming Event,You are invited to attend our annual conference next month. Please respond when convenient. This update is scheduled for Friday.,events
3774,Event Invitation,Please RSVP for the upcoming company event. Please respond when convenient. This update is scheduled for Tuesday.,events
4636,Latest News,Here are this week's latest company updates. Please respond when convenient. This update is scheduled for Friday.,newsletter_updates
3162,Travel Confirmation,Can you help me book a hotel for my business trip? Please respond when convenient. This update is scheduled for Thursday.,travel
2660,Schedule Update,I would like to arrange a meeting to discuss the project. Please respond when convenient. This update is scheduled for Friday.,meetings
4616,Weekly Update,Here is your regular update with the latest information. Please respond when convenient. This update is scheduled for Thursday.,newsletter_updates
4629,Weekly Update,Read the latest news and updates from our organization. Please respond when convenient. This update is scheduled for Thursday.,newsletter_updates
2452,Payment Update,Your invoice is due for payment by the end of this month. Please respond when convenient. This update is scheduled for Wednesday.,finance
2847,Meeting Reminder,I would like to arrange a meeting to discuss the project. Please respond when convenient. This update is scheduled for Monday.,meetings
1145,Weekend Plans,Are you free to meet for dinner this weekend? Please respond when convenient. This update is scheduled for Friday.,personal
3079,Flight Booking,I would like to change the date of my hotel reservation. Please respond when convenient. This update is scheduled for Monday.,travel
1104,Hello,I wanted to check how you are doing. Please respond when convenient. This update is scheduled for Wednesday.,personal
169,Project Update,We need your approval before proceeding with the business plan. Please respond when convenient. This update is scheduled for Thursday.,business
1671,Interview Invitation,Please find my resume attached for your consideration. Please respond when convenient. This update is scheduled for Monday.,job_career
2571,Meeting Request,I would like to arrange a meeting to discuss the project. Please respond when convenient. This update is scheduled for Friday.,meetings
2378,Invoice,The payment has been processed successfully. Please respond when convenient. This update is scheduled for Wednesday.,finance
4396,Special Offer,Use this promotional code to receive a discount on your order. Please respond when convenient. This update is scheduled for Tuesday.,promotions
4258,Limited Time Deal,Get 30 percent off your next purchase this weekend. Please respond when convenient. This update is scheduled for Tuesday.,promotions
3863,Event Invitation,You are invited to attend our annual conference next month. Please respond when convenient. This update is scheduled for Tuesday.,events
24,Quarterly Report,We need your approval before proceeding with the business plan. Please respond when convenient. This update is scheduled for Thursday.,business
2634,Meeting Reminder,The meeting agenda is attached for your review. Please respond when convenient. This update is scheduled for Tuesday.,meetings
3341,Flight Booking,The flight schedule has been updated by the airline. Please respond when convenient. This update is scheduled for Thursday.,travel
2216,Invoice,I have a question regarding the payment shown on my account. Please respond when convenient. This update is scheduled for Wednesday.,finance
3683,Event Invitation,We are organizing a celebration and would love you to join us. Please respond when convenient. This update is scheduled for Tuesday.,events
4725,Monthly Newsletter,Read the latest news and updates from our organization. Please respond when convenient. This update is scheduled for Friday.,newsletter_updates
1908,Interview Invitation,I am interested in learning more about the internship opportunity. Please respond when convenient. This update is scheduled for Wednesday.,job_career
85,Business Update,The updated project proposal is ready for your review. Please respond when convenient. This update is scheduled for Tuesday.,business
228,Business Update,Please review the quarterly business report and share your feedback. Please respond when convenient. This update is scheduled for Friday.,business
297,Quarterly Report,Please find the latest sales figures attached for discussion. Please respond when convenient. This update is scheduled for Wednesday.,business
1002,Checking In,Would you like to join us for lunch tomorrow? Please respond when convenient. This update is scheduled for Tuesday.,personal
2139,Invoice,I have a question regarding the payment shown on my account. Please respond when convenient. This update is scheduled for Thursday.,finance
712,Service Problem,The service is not working properly. Please check the problem. Please respond when convenient. This update is scheduled for Wednesday.,customer_support
2802,Meeting Reminder,Please confirm your availability for tomorrow's meeting. Please respond when convenient. This update is scheduled for Tuesday.,meetings
2528,Meeting Reminder,Can we reschedule our meeting to Thursday afternoon? Please respond when convenient. This update is scheduled for Monday.,meetings
3753,Event Invitation,We are organizing a celebration and would love you to join us. Please respond when convenient. This update is scheduled for Monday.,events
3322,Travel Confirmation,I would like to change the date of my hotel reservation. Please respond when convenient. This update is scheduled for Thursday.,travel
3182,Hotel Reservation,I would like to change the date of my hotel reservation. Please respond when convenient. This update is scheduled for Thursday.,travel
4184,Exclusive Discount,Enjoy exclusive discounts on selected products today. Please respond when convenient. This update is scheduled for Tuesday.,promotions
1616,Job Application,Please find my resume attached for your consideration. Please respond when convenient. This update is scheduled for Friday.,job_career
3025,Travel Confirmation,The flight schedule has been updated by the airline. Please respond when convenient. This update is scheduled for Monday.,travel
1414,Weekend Plans,Please call me when you have some free time. Please respond when convenient. This update is scheduled for Friday.,personal
764,Service Problem,I have not received my order yet and would like an update. Please respond when convenient. This update is scheduled for Friday.,customer_support
656,Order Issue,Could you help me resolve this issue with my account? Please respond when convenient. This update is scheduled for Wednesday.,customer_support
4798,Latest News,This week's newsletter includes important announcements. Please respond when convenient. This update is scheduled for Wednesday.,newsletter_updates
3850,Conference Update,The event schedule has been updated. Please respond when convenient. This update is scheduled for Tuesday.,events
4154,Limited Time Deal,Get 30 percent off your next purchase this weekend. Please respond when convenient. This update is scheduled for Thursday.,promotions
469,Project Update,The client has requested an update on the project timeline. Please respond when convenient. This update is scheduled for Wednesday.,business
158,Business Update,The client has requested an update on the project timeline. Please respond when convenient. This update is scheduled for Wednesday.,business
1296,Weekend Plans,Please call me when you have some free time. Please respond when convenient. This update is scheduled for Tuesday.,personal
498,Business Update,Please find the latest sales figures attached for discussion. Please respond when convenient. This update is scheduled for Monday.,business
4741,Latest News,Here is your regular update with the latest information. Please respond when convenient. This update is scheduled for Monday.,newsletter_updates
2941,Meeting Reminder,Please confirm your availability for tomorrow's meeting. Please respond when convenient. This update is scheduled for Friday.,meetings
3457,Hotel Reservation,Can you help me book a hotel for my business trip? Please respond when convenient. This update is scheduled for Thursday.,travel
374,Project Update,Please find the latest sales figures attached for discussion. Please respond when convenient. This update is scheduled for Monday.,business
80,Business Update,Please find the latest sales figures attached for discussion. Please respond when convenient. This update is scheduled for Tuesday.,business
1554,Job Application,Please find my resume attached for your consideration. Please respond when convenient. This update is scheduled for Monday.,job_career
1670,Job Application,Could you provide an update regarding my job application? Please respond when convenient. This update is scheduled for Friday.,job_career
2132,Payment Update,The payment has been processed successfully. Please respond when convenient. This update is scheduled for Thursday.,finance
4440,Exclusive Discount,Use this promotional code to receive a discount on your order. Please respond when convenient. This update is scheduled for Monday.,promotions
466,Project Update,Please review the quarterly business report and share your feedback. Please respond when convenient. This update is scheduled for Tuesday.,business
249,Quarterly Report,We need your approval before proceeding with the business plan. Please respond when convenient. This update is scheduled for Thursday.,business
932,Service Problem,I am having trouble with my order and need some assistance. Please respond when convenient. This update is scheduled for Friday.,customer_support
1336,Hello,I wanted to check how you are doing. Please respond when convenient. This update is scheduled for Monday.,personal
4525,Weekly Update,Here is your regular update with the latest information. Please respond when convenient. This update is scheduled for Friday.,newsletter_updates
1339,Checking In,Are you free to meet for dinner this weekend? Please respond when convenient. This update is scheduled for Wednesday.,personal
1407,Hello,I hope you are doing well. Let me know when we can catch up. Please respond when convenient. This update is scheduled for Friday.,personal
1091,Hello,Are you free to meet for dinner this weekend? Please respond when convenient. This update is scheduled for Thursday.,personal
4210,Limited Time Deal,Enjoy exclusive discounts on selected products today. Please respond when convenient. This update is scheduled for Monday.,promotions
743,Service Problem,I am having trouble with my order and need some assistance. Please respond when convenient. This update is scheduled for Thursday.,customer_support
2324,Invoice,I have a question regarding the payment shown on my account. Please respond when convenient. This update is scheduled for Tuesday.,finance
3602,Upcoming Event,Please RSVP for the upcoming company event. Please respond when convenient. This update is scheduled for Tuesday.,events
2124,Account Statement,Your invoice is due for payment by the end of this month. Please respond when convenient. This update is scheduled for Friday.,finance
2095,Account Statement,The payment has been processed successfully. Please respond when convenient. This update is scheduled for Friday.,finance
241,Quarterly Report,The updated project proposal is ready for your review. Please respond when convenient. This update is scheduled for Monday.,business
2352,Invoice,The payment has been processed successfully. Please respond when convenient. This update is scheduled for Friday.,finance
1371,Hello,Are you free to meet for dinner this weekend? Please respond when convenient. This update is scheduled for Friday.,personal
1058,Weekend Plans,Would you like to join us for lunch tomorrow? Please respond when convenient. This update is scheduled for Thursday.,personal
4817,Latest News,Read the latest news and updates from our organization. Please respond when convenient. This update is scheduled for Wednesday.,newsletter_updates
200,Project Update,Please find the latest sales figures attached for discussion. Please respond when convenient. This update is scheduled for Tuesday.,business
2281,Account Statement,The payment has been processed successfully. Please respond when convenient. This update is scheduled for Tuesday.,finance
4750,Monthly Newsletter,This week's newsletter includes important announcements. Please respond when convenient. This update is scheduled for Wednesday.,newsletter_updates
2221,Payment Update,Could you confirm whether my refund has been issued? Please respond when convenient. This update is scheduled for Friday.,finance
4772,Monthly Newsletter,Read the latest news and updates from our organization. Please respond when convenient. This update is scheduled for Friday.,newsletter_updates
2820,Meeting Request,I would like to arrange a meeting to discuss the project. Please respond when convenient. This update is scheduled for Monday.,meetings
3151,Hotel Reservation,Please send me the details of my upcoming trip. Please respond when convenient. This update is scheduled for Thursday.,travel
4257,Exclusive Discount,Enjoy exclusive discounts on selected products today. Please respond when convenient. This update is scheduled for Friday.,promotions
3108,Flight Booking,Your flight booking has been confirmed for next Monday. Please respond when convenient. This update is scheduled for Thursday.,travel
1974,Career Opportunity,Could you provide an update regarding my job application? Please respond when convenient. This update is scheduled for Tuesday.,job_career
1376,Hello,Please call me when you have some free time. Please respond when convenient. This update is scheduled for Thursday.,personal
3969,Upcoming Event,Please RSVP for the upcoming company event. Please respond when convenient. This update is scheduled for Tuesday.,events
4063,Limited Time Deal,Enjoy exclusive discounts on selected products today. Please respond when convenient. This update is scheduled for Thursday.,promotions
4446,Exclusive Discount,Enjoy exclusive discounts on selected products today. Please respond when convenient. This update is scheduled for Wednesday.,promotions
3558,Conference Update,Please find the invitation for the upcoming seminar. Please respond when convenient. This update is scheduled for Monday.,events
965,Support Request,Could you help me resolve this issue with my account? Please respond when convenient. This update is scheduled for Tuesday.,customer_support
180,Quarterly Report,Please review the quarterly business report and share your feedback. Please respond when convenient. This update is scheduled for Wednesday.,business
3699,Upcoming Event,We are organizing a celebration and would love you to join us. Please respond when convenient. This update is scheduled for Monday.,events
3822,Event Invitation,Please RSVP for the upcoming company event. Please respond when convenient. This update is scheduled for Friday.,events
4879,Monthly Newsletter,Here are this week's latest company updates. Please respond when convenient. This update is scheduled for Tuesday.,newsletter_updates
3900,Conference Update,The event schedule has been updated. Please respond when convenient. This update is scheduled for Thursday.,events
4488,Special Offer,Get 30 percent off your next purchase this weekend. Please respond when convenient. This update is scheduled for Friday.,promotions
3239,Flight Booking,The flight schedule has been updated by the airline. Please respond when convenient. This update is scheduled for Thursday.,travel
2975,Meeting Reminder,Can we reschedule our meeting to Thursday afternoon? Please respond when convenient. This update is scheduled for Monday.,meetings
3581,Conference Update,You are invited to attend our annual conference next month. Please respond when convenient. This update is scheduled for Monday.,events
2888,Meeting Reminder,The team meeting has been scheduled for Monday at 10 AM. Please respond when convenient. This update is scheduled for Friday.,meetings
2576,Meeting Request,Can we reschedule our meeting to Thursday afternoon? Please respond when convenient. This update is scheduled for Wednesday.,meetings
1420,Checking In,Are you free to meet for dinner this weekend? Please respond when convenient. This update is scheduled for Wednesday.,personal
3908,Upcoming Event,The event schedule has been updated. Please respond when convenient. This update is scheduled for Friday.,events
4674,Latest News,Read the latest news and updates from our organization. Please respond when convenient. This update is scheduled for Thursday.,newsletter_updates
4903,Weekly Update,Here is your regular update with the latest information. Please respond when convenient. This update is scheduled for Monday.,newsletter_updates
1861,Career Opportunity,Could you provide an update regarding my job application? Please respond when convenient. This update is scheduled for Tuesday.,job_career
9,Business Update,The client has requested an update on the project timeline. Please respond when convenient. This update is scheduled for Thursday.,business
2895,Meeting Request,Please confirm your availability for tomorrow's meeting. Please respond when convenient. This update is scheduled for Wednesday.,meetings
2848,Schedule Update,Can we reschedule our meeting to Thursday afternoon? Please respond when convenient. This update is scheduled for Tuesday.,meetings
3665,Upcoming Event,Please find the invitation for the upcoming seminar. Please respond when convenient. This update is scheduled for Tuesday.,events
145,Business Update,The updated project proposal is ready for your review. Please respond when convenient. This update is scheduled for Tuesday.,business
2105,Invoice,I have a question regarding the payment shown on my account. Please respond when convenient. This update is scheduled for Wednesday.,finance
3144,Travel Confirmation,Your flight booking has been confirmed for next Monday. Please respond when convenient. This update is scheduled for Wednesday.,travel
842,Support Request,The service is not working properly. Please check the problem. Please respond when convenient. This update is scheduled for Tuesday.,customer_support
1129,Hello,Are you free to meet for dinner this weekend? Please respond when convenient. This update is scheduled for Monday.,personal
152,Business Update,The updated project proposal is ready for your review. Please respond when convenient. This update is scheduled for Tuesday.,business
3592,Conference Update,Please find the invitation for the upcoming seminar. Please respond when convenient. This update is scheduled for Thursday.,events
1053,Hello,Are you free to meet for dinner this weekend? Please respond when convenient. This update is scheduled for Friday.,personal
1591,Career Opportunity,Please find my resume attached for your consideration. Please respond when convenient. This update is scheduled for Tuesday.,job_career
3009,Travel Confirmation,Your flight booking has been confirmed for next Monday. Please respond when convenient. This update is scheduled for Thursday.,travel
2030,Payment Update,Could you confirm whether my refund has been issued? Please respond when convenient. This update is scheduled for Tuesday.,finance
3419,Travel Confirmation,Can you help me book a hotel for my business trip? Please respond when convenient. This update is scheduled for Monday.,travel
1808,Job Application,Could you provide an update regarding my job application? Please respond when convenient. This update is scheduled for Friday.,job_career
2697,Schedule Update,The meeting agenda is attached for your review. Please respond when convenient. This update is scheduled for Monday.,meetings
3040,Hotel Reservation,I would like to change the date of my hotel reservation. Please respond when convenient. This update is scheduled for Tuesday.,travel
473,Project Update,Please find the latest sales figures attached for discussion. Please respond when convenient. This update is scheduled for Tuesday.,business
3290,Travel Confirmation,The flight schedule has been updated by the airline. Please respond when convenient. This update is scheduled for Monday.,travel
4075,Exclusive Discount,Use this promotional code to receive a discount on your order. Please respond when convenient. This update is scheduled for Tuesday.,promotions
3497,Travel Confirmation,The flight schedule has been updated by the airline. Please respond when convenient. This update is scheduled for Friday.,travel
280,Project Update,We need your approval before proceeding with the business plan. Please respond when convenient. This update is scheduled for Tuesday.,business
1742,Job Application,We would like to invite you for an interview for the open position. Please respond when convenient. This update is scheduled for Friday.,job_career
4625,Weekly Update,Welcome to our monthly newsletter. Please respond when convenient. This update is scheduled for Monday.,newsletter_updates
2887,Schedule Update,Please confirm your availability for tomorrow's meeting. Please respond when convenient. This update is scheduled for Tuesday.,meetings
1942,Career Opportunity,Could you provide an update regarding my job application? Please respond when convenient. This update is scheduled for Monday.,job_career
101,Business Update,We need your approval before proceeding with the business plan. Please respond when convenient. This update is scheduled for Monday.,business
2805,Meeting Reminder,The team meeting has been scheduled for Monday at 10 AM. Please respond when convenient. This update is scheduled for Thursday.,meetings
3571,Event Invitation,The event schedule has been updated. Please respond when convenient. This update is scheduled for Wednesday.,events
3685,Conference Update,The event schedule has been updated. Please respond when convenient. This update is scheduled for Tuesday.,events
3662,Event Invitation,You are invited to attend our annual conference next month. Please respond when convenient. This update is scheduled for Tuesday.,events
531,Order Issue,The service is not working properly. Please check the problem. Please respond when convenient. This update is scheduled for Monday.,customer_support
1887,Career Opportunity,Please find my resume attached for your consideration. Please respond when convenient. This update is scheduled for Friday.,job_career
682,Service Problem,My product arrived damaged. Please help me with a replacement. Please respond when convenient. This update is scheduled for Wednesday.,customer_support
3795,Upcoming Event,We are organizing a celebration and would love you to join us. Please respond when convenient. This update is scheduled for Wednesday.,events
3945,Conference Update,Please RSVP for the upcoming company event. Please respond when convenient. This update is scheduled for Monday.,events
4667,Weekly Update,Here is your regular update with the latest information. Please respond when convenient. This update is scheduled for Wednesday.,newsletter_updates
2019,Payment Update,Please find the latest invoice attached to this email. Please respond when convenient. This update is scheduled for Friday.,finance
1097,Checking In,Please call me when you have some free time. Please respond when convenient. This update is scheduled for Friday.,personal
830,Service Problem,The service is not working properly. Please check the problem. Please respond when convenient. This update is scheduled for Wednesday.,customer_support
2806,Meeting Request,The team meeting has been scheduled for Monday at 10 AM. Please respond when convenient. This update is scheduled for Monday.,meetings
3830,Conference Update,You are invited to attend our annual conference next month. Please respond when convenient. This update is scheduled for Tuesday.,events
4382,Special Offer,Shop now and receive free delivery on qualifying purchases. Please respond when convenient. This update is scheduled for Tuesday.,promotions
3892,Event Invitation,You are invited to attend our annual conference next month. Please respond when convenient. This update is scheduled for Monday.,events
765,Service Problem,My product arrived damaged. Please help me with a replacement. Please respond when convenient. This update is scheduled for Monday.,customer_support
2768,Schedule Update,Please confirm your availability for tomorrow's meeting. Please respond when convenient. This update is scheduled for Tuesday.,meetings
4329,Special Offer,Get 30 percent off your next purchase this weekend. Please respond when convenient. This update is scheduled for Tuesday.,promotions
3296,Travel Confirmation,Can you help me book a hotel for my business trip? Please respond when convenient. This update is scheduled for Wednesday.,travel
2195,Payment Update,Please find the latest invoice attached to this email. Please respond when convenient. This update is scheduled for Thursday.,finance
2358,Payment Update,The payment has been processed successfully. Please respond when convenient. This update is scheduled for Friday.,finance
3426,Flight Booking,I would like to change the date of my hotel reservation. Please respond when convenient. This update is scheduled for Monday.,travel
3980,Event Invitation,The event schedule has been updated. Please respond when convenient. This update is scheduled for Wednesday.,events
912,Support Request,Could you help me resolve this issue with my account? Please respond when convenient. This update is scheduled for Thursday.,customer_support
3146,Travel Confirmation,The flight schedule has been updated by the airline. Please respond when convenient. This update is scheduled for Monday.,travel
1000,Order Issue,The service is not working properly. Please check the problem. Please respond when convenient. This update is scheduled for Thursday.,customer_support
3654,Upcoming Event,Please RSVP for the upcoming company event. Please respond when convenient. This update is scheduled for Thursday.,events
2484,Payment Update,I have a question regarding the payment shown on my account. Please respond when convenient. This update is scheduled for Monday.,finance
4077,Special Offer,Enjoy exclusive discounts on selected products today. Please respond when convenient. This update is scheduled for Friday.,promotions
2371,Payment Update,Please find the latest invoice attached to this email. Please respond when convenient. This update is scheduled for Monday.,finance
4839,Monthly Newsletter,Read the latest news and updates from our organization. Please respond when convenient. This update is scheduled for Wednesday.,newsletter_updates
34,Business Update,We need your approval before proceeding with the business plan. Please respond when convenient. This update is scheduled for Monday.,business
3790,Event Invitation,You are invited to attend our annual conference next month. Please respond when convenient. This update is scheduled for Thursday.,events
1021,Weekend Plans,Please call me when you have some free time. Please respond when convenient. This update is scheduled for Friday.,personal
1648,Job Application,I am writing to apply for the software developer position. Please respond when convenient. This update is scheduled for Friday.,job_career
734,Order Issue,I am having trouble with my order and need some assistance. Please respond when convenient. This update is scheduled for Monday.,customer_support
4583,Weekly Update,Welcome to our monthly newsletter. Please respond when convenient. This update is scheduled for Monday.,newsletter_updates
3275,Travel Confirmation,Your flight booking has been confirmed for next Monday. Please respond when convenient. This update is scheduled for Friday.,travel
1621,Interview Invitation,We would like to invite you for an interview for the open position. Please respond when convenient. This update is scheduled for Wednesday.,job_career
3136,Travel Confirmation,The flight schedule has been updated by the airline. Please respond when convenient. This update is scheduled for Wednesday.,travel
2690,Schedule Update,The team meeting has been scheduled for Monday at 10 AM. Please respond when convenient. This update is scheduled for Tuesday.,meetings
2708,Meeting Request,The team meeting has been scheduled for Monday at 10 AM. Please respond when convenient. This update is scheduled for Thursday.,meetings
298,Quarterly Report,Please find the latest sales figures attached for discussion. Please respond when convenient. This update is scheduled for Wednesday.,business
2340,Account Statement,The payment has been processed successfully. Please respond when convenient. This update is scheduled for Friday.,finance
654,Order Issue,I have not received my order yet and would like an update. Please respond when convenient. This update is scheduled for Wednesday.,customer_support
3775,Event Invitation,Please RSVP for the upcoming company event. Please respond when convenient. This update is scheduled for Thursday.,events
1256,Checking In,Please call me when you have some free time. Please respond when convenient. This update is scheduled for Wednesday.,personal
4521,Latest News,Here is your regular update with the latest information. Please respond when convenient. This update is scheduled for Friday.,newsletter_updates
231,Business Update,The updated project proposal is ready for your review. Please respond when convenient. This update is scheduled for Tuesday.,business
3277,Flight Booking,I would like to change the date of my hotel reservation. Please respond when convenient. This update is scheduled for Friday.,travel
3231,Travel Confirmation,Your flight booking has been confirmed for next Monday. Please respond when convenient. This update is scheduled for Tuesday.,travel
692,Order Issue,I am having trouble with my order and need some assistance. Please respond when convenient. This update is scheduled for Thursday.,customer_support
2755,Meeting Reminder,Can we reschedule our meeting to Thursday afternoon? Please respond when convenient. This update is scheduled for Tuesday.,meetings
4864,Weekly Update,This week's newsletter includes important announcements. Please respond when convenient. This update is scheduled for Monday.,newsletter_updates
970,Order Issue,The service is not working properly. Please check the problem. Please respond when convenient. This update is scheduled for Thursday.,customer_support
634,Order Issue,I have not received my order yet and would like an update. Please respond when convenient. This update is scheduled for Friday.,customer_support
4093,Special Offer,Get 30 percent off your next purchase this weekend. Please respond when convenient. This update is scheduled for Wednesday.,promotions
4078,Special Offer,Use this promotional code to receive a discount on your order. Please respond when convenient. This update is scheduled for Tuesday.,promotions
1322,Hello,Are you free to meet for dinner this weekend? Please respond when convenient. This update is scheduled for Friday.,personal
1832,Job Application,I am writing to apply for the software developer position. Please respond when convenient. This update is scheduled for Monday.,job_career
2179,Invoice,The payment has been processed successfully. Please respond when convenient. This update is scheduled for Thursday.,finance
1418,Checking In,Would you like to join us for lunch tomorrow? Please respond when convenient. This update is scheduled for Friday.,personal
1783,Interview Invitation,I am writing to apply for the software developer position. Please respond when convenient. This update is scheduled for Tuesday.,job_career
4716,Weekly Update,Welcome to our monthly newsletter. Please respond when convenient. This update is scheduled for Monday.,newsletter_updates
4702,Latest News,Here is your regular update with the latest information. Please respond when convenient. This update is scheduled for Wednesday.,newsletter_updates
4119,Special Offer,Use this promotional code to receive a discount on your order. Please respond when convenient. This update is scheduled for Tuesday.,promotions
1653,Job Application,Please find my resume attached for your consideration. Please respond when convenient. This update is scheduled for Friday.,job_career
1484,Checking In,Are you free to meet for dinner this weekend? Please respond when convenient. This update is scheduled for Wednesday.,personal
2276,Payment Update,Could you confirm whether my refund has been issued? Please respond when convenient. This update is scheduled for Tuesday.,finance
878,Service Problem,I have not received my order yet and would like an update. Please respond when convenient. This update is scheduled for Tuesday.,customer_support
3526,Event Invitation,The event schedule has been updated. Please respond when convenient. This update is scheduled for Friday.,events
2017,Invoice,Could you confirm whether my refund has been issued? Please respond when convenient. This update is scheduled for Wednesday.,finance
427,Business Update,We need your approval before proceeding with the business plan. Please respond when convenient. This update is scheduled for Thursday.,business
627,Order Issue,The service is not working properly. Please check the problem. Please respond when convenient. This update is scheduled for Monday.,customer_support
1590,Job Application,Please find my resume attached for your consideration. Please respond when convenient. This update is scheduled for Tuesday.,job_career
2224,Invoice,Your invoice is due for payment by the end of this month. Please respond when convenient. This update is scheduled for Tuesday.,finance
2218,Invoice,Could you confirm whether my refund has been issued? Please respond when convenient. This update is scheduled for Friday.,finance
4484,Special Offer,Use this promotional code to receive a discount on your order. Please respond when convenient. This update is scheduled for Thursday.,promotions
1486,Weekend Plans,Would you like to join us for lunch tomorrow? Please respond when convenient. This update is scheduled for Friday.,personal
1740,Job Application,Could you provide an update regarding my job application? Please respond when convenient. This update is scheduled for Thursday.,job_career
2481,Account Statement,Please find the latest invoice attached to this email. Please respond when convenient. This update is scheduled for Friday.,finance
2585,Meeting Request,The team meeting has been scheduled for Monday at 10 AM. Please respond when convenient. This update is scheduled for Wednesday.,meetings
2894,Meeting Request,The team meeting has been scheduled for Monday at 10 AM. Please respond when convenient. This update is scheduled for Tuesday.,meetings
150,Business Update,Please find the latest sales figures attached for discussion. Please respond when convenient. This update is scheduled for Tuesday.,business
677,Service Problem,Could you help me resolve this issue with my account? Please respond when convenient. This update is scheduled for Tuesday.,customer_support
1262,Hello,I wanted to check how you are doing. Please respond when convenient. This update is scheduled for Thursday.,personal
4918,Weekly Update,This week's newsletter includes important announcements. Please respond when convenient. This update is scheduled for Tuesday.,newsletter_updates
13,Project Update,The updated project proposal is ready for your review. Please respond when convenient. This update is scheduled for Tuesday.,business
1834,Interview Invitation,I am interested in learning more about the internship opportunity. Please respond when convenient. This update is scheduled for Monday.,job_career
3249,Travel Confirmation,Can you help me book a hotel for my business trip? Please respond when convenient. This update is scheduled for Thursday.,travel
1492,Weekend Plans,I wanted to check how you are doing. Please respond when convenient. This update is scheduled for Wednesday.,personal
2728,Meeting Reminder,I would like to arrange a meeting to discuss the project. Please respond when convenient. This update is scheduled for Friday.,meetings
3687,Upcoming Event,Please find the invitation for the upcoming seminar. Please respond when convenient. This update is scheduled for Wednesday.,events
1425,Weekend Plans,Please call me when you have some free time. Please respond when convenient. This update is scheduled for Tuesday.,personal
4606,Weekly Update,Welcome to our monthly newsletter. Please respond when convenient. This update is scheduled for Monday.,newsletter_updates
4596,Weekly Update,Read the latest news and updates from our organization. Please respond when convenient. This update is scheduled for Monday.,newsletter_updates
732,Support Request,The service is not working properly. Please check the problem. Please respond when convenient. This update is scheduled for Thursday.,customer_support
1232,Checking In,I hope you are doing well. Let me know when we can catch up. Please respond when convenient. This update is scheduled for Wednesday.,personal
1635,Job Application,I am interested in learning more about the internship opportunity. Please respond when convenient. This update is scheduled for Friday.,job_career
3937,Conference Update,We are organizing a celebration and would love you to join us. Please respond when convenient. This update is scheduled for Tuesday.,events
1211,Checking In,Please call me when you have some free time. Please respond when convenient. This update is scheduled for Monday.,personal
3269,Flight Booking,I would like to change the date of my hotel reservation. Please respond when convenient. This update is scheduled for Tuesday.,travel
1935,Job Application,Could you provide an update regarding my job application? Please respond when convenient. This update is scheduled for Monday.,job_career
554,Service Problem,My product arrived damaged. Please help me with a replacement. Please respond when convenient. This update is scheduled for Wednesday.,customer_support
492,Quarterly Report,The client has requested an update on the project timeline. Please respond when convenient. This update is scheduled for Friday.,business
2963,Meeting Reminder,Please confirm your availability for tomorrow's meeting. Please respond when convenient. This update is scheduled for Tuesday.,meetings
2330,Payment Update,The payment has been processed successfully. Please respond when convenient. This update is scheduled for Thursday.,finance
2196,Payment Update,The payment has been processed successfully. Please respond when convenient. This update is scheduled for Friday.,finance
3065,Travel Confirmation,I would like to change the date of my hotel reservation. Please respond when convenient. This update is scheduled for Monday.,travel
658,Service Problem,Could you help me resolve this issue with my account? Please respond when convenient. This update is scheduled for Wednesday.,customer_support
2375,Payment Update,Could you confirm whether my refund has been issued? Please respond when convenient. This update is scheduled for Wednesday.,finance
2226,Invoice,Please find the latest invoice attached to this email. Please respond when convenient. This update is scheduled for Thursday.,finance
4265,Exclusive Discount,Our special offer is available for a limited time. Please respond when convenient. This update is scheduled for Wednesday.,promotions
1171,Weekend Plans,Please call me when you have some free time. Please respond when convenient. This update is scheduled for Thursday.,personal
133,Business Update,Please review the quarterly business report and share your feedback. Please respond when convenient. This update is scheduled for Wednesday.,business
472,Project Update,The client has requested an update on the project timeline. Please respond when convenient. This update is scheduled for Tuesday.,business
3226,Travel Confirmation,Can you help me book a hotel for my business trip? Please respond when convenient. This update is scheduled for Tuesday.,travel
1406,Checking In,I wanted to check how you are doing. Please respond when convenient. This update is scheduled for Tuesday.,personal
2877,Meeting Request,The meeting agenda is attached for your review. Please respond when convenient. This update is scheduled for Tuesday.,meetings
4505,Latest News,Welcome to our monthly newsletter. Please respond when convenient. This update is scheduled for Wednesday.,newsletter_updates
4693,Latest News,Here are this week's latest company updates. Please respond when convenient. This update is scheduled for Tuesday.,newsletter_updates
2827,Schedule Update,I would like to arrange a meeting to discuss the project. Please respond when convenient. This update is scheduled for Monday.,meetings
288,Project Update,The updated project proposal is ready for your review. Please respond when convenient. This update is scheduled for Monday.,business
1870,Career Opportunity,Please find my resume attached for your consideration. Please respond when convenient. This update is scheduled for Friday.,job_career
3115,Hotel Reservation,Please send me the details of my upcoming trip. Please respond when convenient. This update is scheduled for Monday.,travel
3626,Conference Update,The event schedule has been updated. Please respond when convenient. This update is scheduled for Thursday.,events
2313,Invoice,Could you confirm whether my refund has been issued? Please respond when convenient. This update is scheduled for Wednesday.,finance
4924,Latest News,Here is your regular update with the latest information. Please respond when convenient. This update is scheduled for Thursday.,newsletter_updates
1619,Interview Invitation,I am interested in learning more about the internship opportunity. Please respond when convenient. This update is scheduled for Friday.,job_career
995,Order Issue,I am having trouble with my order and need some assistance. Please respond when convenient. This update is scheduled for Wednesday.,customer_support
1804,Interview Invitation,Please find my resume attached for your consideration. Please respond when convenient. This update is scheduled for Wednesday.,job_career
2643,Meeting Request,The meeting agenda is attached for your review. Please respond when convenient. This update is scheduled for Tuesday.,meetings
4803,Latest News,Here is your regular update with the latest information. Please respond when convenient. This update is scheduled for Tuesday.,newsletter_updates
3536,Event Invitation,You are invited to attend our annual conference next month. Please respond when convenient. This update is scheduled for Monday.,events
4832,Monthly Newsletter,Here is your regular update with the latest information. Please respond when convenient. This update is scheduled for Friday.,newsletter_updates
3912,Event Invitation,The event schedule has been updated. Please respond when convenient. This update is scheduled for Tuesday.,events
2108,Invoice,Could you confirm whether my refund has been issued? Please respond when convenient. This update is scheduled for Tuesday.,finance
3045,Hotel Reservation,I would like to change the date of my hotel reservation. Please respond when convenient. This update is scheduled for Monday.,travel
417,Project Update,Please find the latest sales figures attached for discussion. Please respond when convenient. This update is scheduled for Friday.,business
978,Order Issue,I am having trouble with my order and need some assistance. Please respond when convenient. This update is scheduled for Wednesday.,customer_support
2418,Payment Update,Please find the latest invoice attached to this email. Please respond when convenient. This update is scheduled for Thursday.,finance
506,Order Issue,I am having trouble with my order and need some assistance. Please respond when convenient. This update is scheduled for Wednesday.,customer_support
4153,Special Offer,Enjoy exclusive discounts on selected products today. Please respond when convenient. This update is scheduled for Tuesday.,promotions
4256,Special Offer,Shop now and receive free delivery on qualifying purchases. Please respond when convenient. This update is scheduled for Thursday.,promotions
3942,Upcoming Event,Please RSVP for the upcoming company event. Please respond when convenient. This update is scheduled for Friday.,events
415,Project Update,We need your approval before proceeding with the business plan. Please respond when convenient. This update is scheduled for Monday.,business
4149,Special Offer,Shop now and receive free delivery on qualifying purchases. Please respond when convenient. This update is scheduled for Tuesday.,promotions
1184,Checking In,Would you like to join us for lunch tomorrow? Please respond when convenient. This update is scheduled for Monday.,personal
486,Quarterly Report,Please review the quarterly business report and share your feedback. Please respond when convenient. This update is scheduled for Friday.,business
894,Support Request,The service is not working properly. Please check the problem. Please respond when convenient. This update is scheduled for Friday.,customer_support
806,Order Issue,My product arrived damaged. Please help me with a replacement. Please respond when convenient. This update is scheduled for Monday.,customer_support
556,Support Request,I am having trouble with my order and need some assistance. Please respond when convenient. This update is scheduled for Thursday.,customer_support
3826,Upcoming Event,Please RSVP for the upcoming company event. Please respond when convenient. This update is scheduled for Wednesday.,events
1198,Hello,Would you like to join us for lunch tomorrow? Please respond when convenient. This update is scheduled for Wednesday.,personal
4254,Exclusive Discount,Enjoy exclusive discounts on selected products today. Please respond when convenient. This update is scheduled for Wednesday.,promotions
4059,Limited Time Deal,Get 30 percent off your next purchase this weekend. Please respond when convenient. This update is scheduled for Wednesday.,promotions
1294,Weekend Plans,I wanted to check how you are doing. Please respond when convenient. This update is scheduled for Tuesday.,personal
2222,Invoice,I have a question regarding the payment shown on my account. Please respond when convenient. This update is scheduled for Tuesday.,finance
3505,Upcoming Event,Please find the invitation for the upcoming seminar. Please respond when convenient. This update is scheduled for Thursday.,events
3655,Conference Update,You are invited to attend our annual conference next month. Please respond when convenient. This update is scheduled for Tuesday.,events
4759,Monthly Newsletter,Here are this week's latest company updates. Please respond when convenient. This update is scheduled for Friday.,newsletter_updates
3007,Travel Confirmation,Please send me the details of my upcoming trip. Please respond when convenient. This update is scheduled for Thursday.,travel
2094,Account Statement,I have a question regarding the payment shown on my account. Please respond when convenient. This update is scheduled for Tuesday.,finance
2188,Invoice,Your invoice is due for payment by the end of this month. Please respond when convenient. This update is scheduled for Monday.,finance
3037,Travel Confirmation,Can you help me book a hotel for my business trip? Please respond when convenient. This update is scheduled for Tuesday.,travel
3919,Conference Update,You are invited to attend our annual conference next month. Please respond when convenient. This update is scheduled for Thursday.,events
1273,Weekend Plans,Are you free to meet for dinner this weekend? Please respond when convenient. This update is scheduled for Tuesday.,personal
291,Business Update,The client has requested an update on the project timeline. Please respond when convenient. This update is scheduled for Monday.,business
4828,Weekly Update,Here are this week's latest company updates. Please respond when convenient. This update is scheduled for Thursday.,newsletter_updates
253,Project Update,Please find the latest sales figures attached for discussion. Please respond when convenient. This update is scheduled for Friday.,business
3246,Hotel Reservation,Can you help me book a hotel for my business trip? Please respond when convenient. This update is scheduled for Tuesday.,travel
351,Project Update,We need your approval before proceeding with the business plan. Please respond when convenient. This update is scheduled for Thursday.,business
1188,Hello,I wanted to check how you are doing. Please respond when convenient. This update is scheduled for Wednesday.,personal
1962,Career Opportunity,Could you provide an update regarding my job application? Please respond when convenient. This update is scheduled for Monday.,job_career
423,Business Update,The updated project proposal is ready for your review. Please respond when convenient. This update is scheduled for Thursday.,business
91,Business Update,Please review the quarterly business report and share your feedback. Please respond when convenient. This update is scheduled for Tuesday.,business
3730,Event Invitation,Please find the invitation for the upcoming seminar. Please respond when convenient. This update is scheduled for Thursday.,events
2237,Invoice,The payment has been processed successfully. Please respond when convenient. This update is scheduled for Monday.,finance
671,Order Issue,I am having trouble with my order and need some assistance. Please respond when convenient. This update is scheduled for Tuesday.,customer_support
3041,Travel Confirmation,The flight schedule has been updated by the airline. Please respond when convenient. This update is scheduled for Tuesday.,travel
27,Quarterly Report,We need your approval before proceeding with the business plan. Please respond when convenient. This update is scheduled for Monday.,business
430,Quarterly Report,Please review the quarterly business report and share your feedback. Please respond when convenient. This update is scheduled for Tuesday.,business
684,Order Issue,My product arrived damaged. Please help me with a replacement. Please respond when convenient. This update is scheduled for Tuesday.,customer_support
4464,Special Offer,Get 30 percent off your next purchase this weekend. Please respond when convenient. This update is scheduled for Wednesday.,promotions
3946,Conference Update,The event schedule has been updated. Please respond when convenient. This update is scheduled for Tuesday.,events
3524,Conference Update,Please RSVP for the upcoming company event. Please respond when convenient. This update is scheduled for Tuesday.,events
1542,Career Opportunity,Could you provide an update regarding my job application? Please respond when convenient. This update is scheduled for Monday.,job_career
2032,Invoice,I have a question regarding the payment shown on my account. Please respond when convenient. This update is scheduled for Tuesday.,finance
2233,Account Statement,Could you confirm whether my refund has been issued? Please respond when convenient. This update is scheduled for Tuesday.,finance
4121,Exclusive Discount,Enjoy exclusive discounts on selected products today. Please respond when convenient. This update is scheduled for Thursday.,promotions
3236,Hotel Reservation,The flight schedule has been updated by the airline. Please respond when convenient. This update is scheduled for Monday.,travel
255,Business Update,We need your approval before proceeding with the business plan. Please respond when convenient. This update is scheduled for Thursday.,business
1030,Checking In,Please call me when you have some free time. Please respond when convenient. This update is scheduled for Thursday.,personal
4393,Exclusive Discount,Use this promotional code to receive a discount on your order. Please respond when convenient. This update is scheduled for Monday.,promotions
3801,Upcoming Event,You are invited to attend our annual conference next month. Please respond when convenient. This update is scheduled for Friday.,events
4311,Exclusive Discount,Shop now and receive free delivery on qualifying purchases. Please respond when convenient. This update is scheduled for Friday.,promotions
2510,Meeting Reminder,Can we reschedule our meeting to Thursday afternoon? Please respond when convenient. This update is scheduled for Wednesday.,meetings
2293,Payment Update,I have a question regarding the payment shown on my account. Please respond when convenient. This update is scheduled for Friday.,finance
1324,Checking In,I hope you are doing well. Let me know when we can catch up. Please respond when convenient. This update is scheduled for Monday.,personal
1551,Job Application,I am writing to apply for the software developer position. Please respond when convenient. This update is scheduled for Tuesday.,job_career
4648,Monthly Newsletter,Here are this week's latest company updates. Please respond when convenient. This update is scheduled for Friday.,newsletter_updates
316,Quarterly Report,Please review the quarterly business report and share your feedback. Please respond when convenient. This update is scheduled for Thursday.,business
1243,Hello,I wanted to check how you are doing. Please respond when convenient. This update is scheduled for Monday.,personal
2451,Payment Update,I have a question regarding the payment shown on my account. Please respond when convenient. This update is scheduled for Monday.,finance
1579,Career Opportunity,Please find my resume attached for your consideration. Please respond when convenient. This update is scheduled for Wednesday.,job_career
4626,Monthly Newsletter,Read the latest news and updates from our organization. Please respond when convenient. This update is scheduled for Friday.,newsletter_updates
3117,Flight Booking,I would like to change the date of my hotel reservation. Please respond when convenient. This update is scheduled for Thursday.,travel
70,Project Update,The updated project proposal is ready for your review. Please respond when convenient. This update is scheduled for Monday.,business
860,Service Problem,The service is not working properly. Please check the problem. Please respond when convenient. This update is scheduled for Tuesday.,customer_support
2754,Meeting Reminder,The meeting agenda is attached for your review. Please respond when convenient. This update is scheduled for Wednesday.,meetings
1633,Career Opportunity,We would like to invite you for an interview for the open position. Please respond when convenient. This update is scheduled for Wednesday.,job_career
1651,Career Opportunity,I am writing to apply for the software developer position. Please respond when convenient. This update is scheduled for Wednesday.,job_career
3861,Event Invitation,The event schedule has been updated. Please respond when convenient. This update is scheduled for Thursday.,events
3107,Travel Confirmation,Can you help me book a hotel for my business trip? Please respond when convenient. This update is scheduled for Wednesday.,travel
1075,Weekend Plans,Would you like to join us for lunch tomorrow? Please respond when convenient. This update is scheduled for Friday.,personal
4002,Exclusive Discount,Get 30 percent off your next purchase this weekend. Please respond when convenient. This update is scheduled for Tuesday.,promotions
788,Order Issue,I have not received my order yet and would like an update. Please respond when convenient. This update is scheduled for Monday.,customer_support
2606,Meeting Request,The meeting agenda is attached for your review. Please respond when convenient. This update is scheduled for Tuesday.,meetings
3631,Event Invitation,You are invited to attend our annual conference next month. Please respond when convenient. This update is scheduled for Monday.,events
2122,Payment Update,Please find the latest invoice attached to this email. Please respond when convenient. This update is scheduled for Tuesday.,finance
1875,Interview Invitation,Please find my resume attached for your consideration. Please respond when convenient. This update is scheduled for Wednesday.,job_career
812,Service Problem,Could you help me resolve this issue with my account? Please respond when convenient. This update is scheduled for Tuesday.,customer_support
388,Project Update,The client has requested an update on the project timeline. Please respond when convenient. This update is scheduled for Tuesday.,business
2883,Schedule Update,The meeting agenda is attached for your review. Please respond when convenient. This update is scheduled for Wednesday.,meetings
1176,Checking In,Would you like to join us for lunch tomorrow? Please respond when convenient. This update is scheduled for Monday.,personal
3198,Flight Booking,The flight schedule has been updated by the airline. Please respond when convenient. This update is scheduled for Monday.,travel
2624,Schedule Update,I would like to arrange a meeting to discuss the project. Please respond when convenient. This update is scheduled for Thursday.,meetings
1352,Weekend Plans,I hope you are doing well. Let me know when we can catch up. Please respond when convenient. This update is scheduled for Friday.,personal
411,Quarterly Report,The updated project proposal is ready for your review. Please respond when convenient. This update is scheduled for Tuesday.,business
4213,Limited Time Deal,Get 30 percent off your next purchase this weekend. Please respond when convenient. This update is scheduled for Wednesday.,promotions
110,Quarterly Report,The client has requested an update on the project timeline. Please respond when convenient. This update is scheduled for Friday.,business
4996,Weekly Update,This week's newsletter includes important announcements. Please respond when convenient. This update is scheduled for Tuesday.,newsletter_updates
3430,Flight Booking,Can you help me book a hotel for my business trip? Please respond when convenient. This update is scheduled for Thursday.,travel
2810,Meeting Reminder,Can we reschedule our meeting to Thursday afternoon? Please respond when convenient. This update is scheduled for Tuesday.,meetings
2595,Schedule Update,The meeting agenda is attached for your review. Please respond when convenient. This update is scheduled for Wednesday.,meetings
2837,Meeting Request,The team meeting has been scheduled for Monday at 10 AM. Please respond when convenient. This update is scheduled for Thursday.,meetings
2373,Payment Update,The payment has been processed successfully. Please respond when convenient. This update is scheduled for Thursday.,finance
1236,Hello,Please call me when you have some free time. Please respond when convenient. This update is scheduled for Tuesday.,personal
2147,Account Statement,The payment has been processed successfully. Please respond when convenient. This update is scheduled for Monday.,finance
4976,Weekly Update,Welcome to our monthly newsletter. Please respond when convenient. This update is scheduled for Friday.,newsletter_updates
600,Support Request,My product arrived damaged. Please help me with a replacement. Please respond when convenient. This update is scheduled for Thursday.,customer_support
1435,Hello,Please call me when you have some free time. Please respond when convenient. This update is scheduled for Friday.,personal
4997,Latest News,Here are this week's latest company updates. Please respond when convenient. This update is scheduled for Wednesday.,newsletter_updates
539,Support Request,My product arrived damaged. Please help me with a replacement. Please respond when convenient. This update is scheduled for Monday.,customer_support
722,Support Request,My product arrived damaged. Please help me with a replacement. Please respond when convenient. This update is scheduled for Thursday.,customer_support
4411,Special Offer,Enjoy exclusive discounts on selected products today. Please respond when convenient. This update is scheduled for Monday.,promotions
1873,Career Opportunity,I am interested in learning more about the internship opportunity. Please respond when convenient. This update is scheduled for Tuesday.,job_career
2846,Meeting Request,Can we reschedule our meeting to Thursday afternoon? Please respond when convenient. This update is scheduled for Wednesday.,meetings
2054,Invoice,Please find the latest invoice attached to this email. Please respond when convenient. This update is scheduled for Monday.,finance
2908,Meeting Request,Can we reschedule our meeting to Thursday afternoon? Please respond when convenient. This update is scheduled for Monday.,meetings
2255,Payment Update,I have a question regarding the payment shown on my account. Please respond when convenient. This update is scheduled for Wednesday.,finance
3913,Conference Update,You are invited to attend our annual conference next month. Please respond when convenient. This update is scheduled for Wednesday.,events
178,Quarterly Report,Please find the latest sales figures attached for discussion. Please respond when convenient. This update is scheduled for Tuesday.,business
2891,Meeting Request,Can we reschedule our meeting to Thursday afternoon? Please respond when convenient. This update is scheduled for Monday.,meetings
3674,Upcoming Event,We are organizing a celebration and would love you to join us. Please respond when convenient. This update is scheduled for Friday.,events
81,Project Update,Please review the quarterly business report and share your feedback. Please respond when convenient. This update is scheduled for Thursday.,business
2562,Schedule Update,Can we reschedule our meeting to Thursday afternoon? Please respond when convenient. This update is scheduled for Tuesday.,meetings
1724,Job Application,Please find my resume attached for your consideration. Please respond when convenient. This update is scheduled for Tuesday.,job_career
1618,Interview Invitation,I am interested in learning more about the internship opportunity. Please respond when convenient. This update is scheduled for Tuesday.,job_career
1655,Interview Invitation,Could you provide an update regarding my job application? Please respond when convenient. This update is scheduled for Monday.,job_career
2329,Payment Update,Your invoice is due for payment by the end of this month. Please respond when convenient. This update is scheduled for Monday.,finance
4614,Weekly Update,Read the latest news and updates from our organization. Please respond when convenient. This update is scheduled for Thursday.,newsletter_updates
222,Project Update,Please find the latest sales figures attached for discussion. Please respond when convenient. This update is scheduled for Tuesday.,business
94,Business Update,The updated project proposal is ready for your review. Please respond when convenient. This update is scheduled for Thursday.,business
2610,Meeting Request,The meeting agenda is attached for your review. Please respond when convenient. This update is scheduled for Wednesday.,meetings
3383,Hotel Reservation,Your flight booking has been confirmed for next Monday. Please respond when convenient. This update is scheduled for Wednesday.,travel
4416,Limited Time Deal,Use this promotional code to receive a discount on your order. Please respond when convenient. This update is scheduled for Tuesday.,promotions
1398,Hello,Are you free to meet for dinner this weekend? Please respond when convenient. This update is scheduled for Monday.,personal
4687,Weekly Update,Welcome to our monthly newsletter. Please respond when convenient. This update is scheduled for Friday.,newsletter_updates
1293,Checking In,Please call me when you have some free time. Please respond when convenient. This update is scheduled for Wednesday.,personal
2165,Account Statement,The payment has been processed successfully. Please respond when convenient. This update is scheduled for Friday.,finance
2940,Meeting Request,The meeting agenda is attached for your review. Please respond when convenient. This update is scheduled for Monday.,meetings
3669,Conference Update,The event schedule has been updated. Please respond when convenient. This update is scheduled for Tuesday.,events
813,Support Request,Could you help me resolve this issue with my account? Please respond when convenient. This update is scheduled for Wednesday.,customer_support
1259,Checking In,Please call me when you have some free time. Please respond when convenient. This update is scheduled for Thursday.,personal
890,Support Request,The service is not working properly. Please check the problem. Please respond when convenient. This update is scheduled for Thursday.,customer_support
1452,Checking In,Are you free to meet for dinner this weekend? Please respond when convenient. This update is scheduled for Monday.,personal
3317,Hotel Reservation,The flight schedule has been updated by the airline. Please respond when convenient. This update is scheduled for Friday.,travel
2560,Meeting Request,The team meeting has been scheduled for Monday at 10 AM. Please respond when convenient. This update is scheduled for Tuesday.,meetings
3575,Upcoming Event,We are organizing a celebration and would love you to join us. Please respond when convenient. This update is scheduled for Tuesday.,events
2681,Meeting Reminder,Please confirm your availability for tomorrow's meeting. Please respond when convenient. This update is scheduled for Monday.,meetings
4652,Weekly Update,Welcome to our monthly newsletter. Please respond when convenient. This update is scheduled for Monday.,newsletter_updates
4812,Weekly Update,This week's newsletter includes important announcements. Please respond when convenient. This update is scheduled for Friday.,newsletter_updates
4680,Latest News,Here is your regular update with the latest information. Please respond when convenient. This update is scheduled for Thursday.,newsletter_updates
2965,Schedule Update,I would like to arrange a meeting to discuss the project. Please respond when convenient. This update is scheduled for Wednesday.,meetings
2673,Meeting Reminder,The meeting agenda is attached for your review. Please respond when convenient. This update is scheduled for Thursday.,meetings
562,Order Issue,Could you help me resolve this issue with my account? Please respond when convenient. This update is scheduled for Thursday.,customer_support
2779,Schedule Update,Please confirm your availability for tomorrow's meeting. Please respond when convenient. This update is scheduled for Monday.,meetings
2949,Meeting Reminder,Can we reschedule our meeting to Thursday afternoon? Please respond when convenient. This update is scheduled for Wednesday.,meetings
2818,Meeting Request,Can we reschedule our meeting to Thursday afternoon? Please respond when convenient. This update is scheduled for Tuesday.,meetings
2759,Meeting Reminder,I would like to arrange a meeting to discuss the project. Please respond when convenient. This update is scheduled for Wednesday.,meetings
1757,Job Application,I am interested in learning more about the internship opportunity. Please respond when convenient. This update is scheduled for Thursday.,job_career
725,Service Problem,I have not received my order yet and would like an update. Please respond when convenient. This update is scheduled for Thursday.,customer_support
220,Quarterly Report,Please review the quarterly business report and share your feedback. Please respond when convenient. This update is scheduled for Thursday.,business
4140,Special Offer,Our special offer is available for a limited time. Please respond when convenient. This update is scheduled for Wednesday.,promotions
3958,Event Invitation,You are invited to attend our annual conference next month. Please respond when convenient. This update is scheduled for Wednesday.,events
1589,Career Opportunity,We would like to invite you for an interview for the open position. Please respond when convenient. This update is scheduled for Wednesday.,job_career
3348,Travel Confirmation,Please send me the details of my upcoming trip. Please respond when convenient. This update is scheduled for Wednesday.,travel
3971,Conference Update,Please find the invitation for the upcoming seminar. Please respond when convenient. This update is scheduled for Wednesday.,events
4708,Latest News,Welcome to our monthly newsletter. Please respond when convenient. This update is scheduled for Tuesday.,newsletter_updates
44,Quarterly Report,The updated project proposal is ready for your review. Please respond when convenient. This update is scheduled for Tuesday.,business
3002,Travel Confirmation,Please send me the details of my upcoming trip. Please respond when convenient. This update is scheduled for Thursday.,travel
211,Project Update,Please review the quarterly business report and share your feedback. Please respond when convenient. This update is scheduled for Friday.,business
678,Service Problem,Could you help me resolve this issue with my account? Please respond when convenient. This update is scheduled for Monday.,customer_support
355,Project Update,The updated project proposal is ready for your review. Please respond when convenient. This update is scheduled for Monday.,business
1434,Hello,Are you free to meet for dinner this weekend? Please respond when convenient. This update is scheduled for Thursday.,personal
950,Support Request,I am having trouble with my order and need some assistance. Please respond when convenient. This update is scheduled for Tuesday.,customer_support
2844,Schedule Update,Can we reschedule our meeting to Thursday afternoon? Please respond when convenient. This update is scheduled for Thursday.,meetings
578,Support Request,My product arrived damaged. Please help me with a replacement. Please respond when convenient. This update is scheduled for Tuesday.,customer_support
3929,Upcoming Event,We are organizing a celebration and would love you to join us. Please respond when convenient. This update is scheduled for Thursday.,events
545,Service Problem,I have not received my order yet and would like an update. Please respond when convenient. This update is scheduled for Wednesday.,customer_support
368,Quarterly Report,The updated project proposal is ready for your review. Please respond when convenient. This update is scheduled for Friday.,business
1613,Career Opportunity,I am writing to apply for the software developer position. Please respond when convenient. This update is scheduled for Friday.,job_career
3551,Conference Update,Please RSVP for the upcoming company event. Please respond when convenient. This update is scheduled for Wednesday.,events
3717,Upcoming Event,You are invited to attend our annual conference next month. Please respond when convenient. This update is scheduled for Thursday.,events
3780,Event Invitation,We are organizing a celebration and would love you to join us. Please respond when convenient. This update is scheduled for Tuesday.,events
136,Business Update,Please find the latest sales figures attached for discussion. Please respond when convenient. This update is scheduled for Friday.,business
4481,Special Offer,Enjoy exclusive discounts on selected products today. Please respond when convenient. This update is scheduled for Friday.,promotions
1438,Checking In,Please call me when you have some free time. Please respond when convenient. This update is scheduled for Thursday.,personal
48,Quarterly Report,The client has requested an update on the project timeline. Please respond when convenient. This update is scheduled for Monday.,business
1361,Weekend Plans,I hope you are doing well. Let me know when we can catch up. Please respond when convenient. This update is scheduled for Tuesday.,personal
735,Service Problem,Could you help me resolve this issue with my account? Please respond when convenient. This update is scheduled for Friday.,customer_support
1535,Career Opportunity,I am interested in learning more about the internship opportunity. Please respond when convenient. This update is scheduled for Tuesday.,job_career
2005,Payment Update,I have a question regarding the payment shown on my account. Please respond when convenient. This update is scheduled for Friday.,finance
3796,Upcoming Event,Please find the invitation for the upcoming seminar. Please respond when convenient. This update is scheduled for Friday.,events
2520,Meeting Request,I would like to arrange a meeting to discuss the project. Please respond when convenient. This update is scheduled for Monday.,meetings
1973,Career Opportunity,Please find my resume attached for your consideration. Please respond when convenient. This update is scheduled for Friday.,job_career
997,Order Issue,The service is not working properly. Please check the problem. Please respond when convenient. This update is scheduled for Tuesday.,customer_support
62,Quarterly Report,Please find the latest sales figures attached for discussion. Please respond when convenient. This update is scheduled for Monday.,business
1109,Weekend Plans,Would you like to join us for lunch tomorrow? Please respond when convenient. This update is scheduled for Wednesday.,personal
2406,Payment Update,Please find the latest invoice attached to this email. Please respond when convenient. This update is scheduled for Wednesday.,finance
96,Quarterly Report,We need your approval before proceeding with the business plan. Please respond when convenient. This update is scheduled for Thursday.,business
479,Project Update,Please review the quarterly business report and share your feedback. Please respond when convenient. This update is scheduled for Monday.,business
4360,Limited Time Deal,Use this promotional code to receive a discount on your order. Please respond when convenient. This update is scheduled for Thursday.,promotions
4113,Exclusive Discount,Shop now and receive free delivery on qualifying purchases. Please respond when convenient. This update is scheduled for Monday.,promotions
3708,Upcoming Event,You are invited to attend our annual conference next month. Please respond when convenient. This update is scheduled for Monday.,events
1102,Weekend Plans,Are you free to meet for dinner this weekend? Please respond when convenient. This update is scheduled for Wednesday.,personal
2747,Schedule Update,I would like to arrange a meeting to discuss the project. Please respond when convenient. This update is scheduled for Thursday.,meetings
2171,Account Statement,Please find the latest invoice attached to this email. Please respond when convenient. This update is scheduled for Wednesday.,finance
323,Business Update,The client has requested an update on the project timeline. Please respond when convenient. This update is scheduled for Friday.,business
4255,Exclusive Discount,Enjoy exclusive discounts on selected products today. Please respond when convenient. This update is scheduled for Friday.,promotions
3143,Flight Booking,Your flight booking has been confirmed for next Monday. Please respond when convenient. This update is scheduled for Wednesday.,travel
3538,Event Invitation,Please find the invitation for the upcoming seminar. Please respond when convenient. This update is scheduled for Monday.,events
4926,Weekly Update,Here is your regular update with the latest information. Please respond when convenient. This update is scheduled for Thursday.,newsletter_updates
2925,Meeting Reminder,I would like to arrange a meeting to discuss the project. Please respond when convenient. This update is scheduled for Tuesday.,meetings
1150,Weekend Plans,Would you like to join us for lunch tomorrow? Please respond when convenient. This update is scheduled for Wednesday.,personal
3618,Upcoming Event,Please find the invitation for the upcoming seminar. Please respond when convenient. This update is scheduled for Monday.,events
292,Project Update,The updated project proposal is ready for your review. Please respond when convenient. This update is scheduled for Friday.,business
3750,Event Invitation,Please RSVP for the upcoming company event. Please respond when convenient. This update is scheduled for Monday.,events
3587,Conference Update,Please RSVP for the upcoming company event. Please respond when convenient. This update is scheduled for Thursday.,events
534,Service Problem,The service is not working properly. Please check the problem. Please respond when convenient. This update is scheduled for Monday.,customer_support
3608,Upcoming Event,The event schedule has been updated. Please respond when convenient. This update is scheduled for Monday.,events
2649,Schedule Update,Can we reschedule our meeting to Thursday afternoon? Please respond when convenient. This update is scheduled for Monday.,meetings
4811,Monthly Newsletter,Welcome to our monthly newsletter. Please respond when convenient. This update is scheduled for Thursday.,newsletter_updates
1984,Career Opportunity,Please find my resume attached for your consideration. Please respond when convenient. This update is scheduled for Monday.,job_career
2933,Meeting Request,Can we reschedule our meeting to Thursday afternoon? Please respond when convenient. This update is scheduled for Monday.,meetings
1537,Interview Invitation,I am writing to apply for the software developer position. Please respond when convenient. This update is scheduled for Thursday.,job_career
4535,Monthly Newsletter,This week's newsletter includes important announcements. Please respond when convenient. This update is scheduled for Thursday.,newsletter_updates
4173,Special Offer,Get 30 percent off your next purchase this weekend. Please respond when convenient. This update is scheduled for Monday.,promotions
3361,Travel Confirmation,Can you help me book a hotel for my business trip? Please respond when convenient. This update is scheduled for Tuesday.,travel
3666,Event Invitation,We are organizing a celebration and would love you to join us. Please respond when convenient. This update is scheduled for Wednesday.,events
4006,Special Offer,Shop now and receive free delivery on qualifying purchases. Please respond when convenient. This update is scheduled for Thursday.,promotions
3627,Upcoming Event,Please find the invitation for the upcoming seminar. Please respond when convenient. This update is scheduled for Tuesday.,events
587,Service Problem,The service is not working properly. Please check the problem. Please respond when convenient. This update is scheduled for Wednesday.,customer_support
3257,Hotel Reservation,Your flight booking has been confirmed for next Monday. Please respond when convenient. This update is scheduled for Friday.,travel
2299,Invoice,Your invoice is due for payment by the end of this month. Please respond when convenient. This update is scheduled for Friday.,finance
3989,Conference Update,Please find the invitation for the upcoming seminar. Please respond when convenient. This update is scheduled for Tuesday.,events
585,Order Issue,Could you help me resolve this issue with my account? Please respond when convenient. This update is scheduled for Monday.,customer_support
2424,Invoice,The payment has been processed successfully. Please respond when convenient. This update is scheduled for Thursday.,finance
1392,Hello,Would you like to join us for lunch tomorrow? Please respond when convenient. This update is scheduled for Friday.,personal
4526,Monthly Newsletter,Read the latest news and updates from our organization. Please respond when convenient. This update is scheduled for Wednesday.,newsletter_updates
4921,Latest News,Welcome to our monthly newsletter. Please respond when convenient. This update is scheduled for Monday.,newsletter_updates
4801,Latest News,Welcome to our monthly newsletter. Please respond when convenient. This update is scheduled for Monday.,newsletter_updates
3241,Flight Booking,Please send me the details of my upcoming trip. Please respond when convenient. This update is scheduled for Monday.,travel
4282,Limited Time Deal,Enjoy exclusive discounts on selected products today. Please respond when convenient. This update is scheduled for Monday.,promotions
3339,Travel Confirmation,I would like to change the date of my hotel reservation. Please respond when convenient. This update is scheduled for Thursday.,travel
3221,Flight Booking,Your flight booking has been confirmed for next Monday. Please respond when convenient. This update is scheduled for Monday.,travel
2112,Account Statement,I have a question regarding the payment shown on my account. Please respond when convenient. This update is scheduled for Tuesday.,finance
1175,Weekend Plans,Are you free to meet for dinner this weekend? Please respond when convenient. This update is scheduled for Thursday.,personal
4863,Weekly Update,Read the latest news and updates from our organization. Please respond when convenient. This update is scheduled for Wednesday.,newsletter_updates
3812,Event Invitation,Please find the invitation for the upcoming seminar. Please respond when convenient. This update is scheduled for Monday.,events
1868,Career Opportunity,I am writing to apply for the software developer position. Please respond when convenient. This update is scheduled for Thursday.,job_career
2615,Meeting Request,The meeting agenda is attached for your review. Please respond when convenient. This update is scheduled for Thursday.,meetings
3867,Event Invitation,We are organizing a celebration and would love you to join us. Please respond when convenient. This update is scheduled for Monday.,events
4886,Weekly Update,Read the latest news and updates from our organization. Please respond when convenient. This update is scheduled for Wednesday.,newsletter_updates
3779,Upcoming Event,The event schedule has been updated. Please respond when convenient. This update is scheduled for Thursday.,events
3847,Conference Update,The event schedule has been updated. Please respond when convenient. This update is scheduled for Tuesday.,events
2417,Account Statement,Your invoice is due for payment by the end of this month. Please respond when convenient. This update is scheduled for Monday.,finance
71,Quarterly Report,Please review the quarterly business report and share your feedback. Please respond when convenient. This update is scheduled for Friday.,business
4881,Latest News,Welcome to our monthly newsletter. Please respond when convenient. This update is scheduled for Friday.,newsletter_updates
1127,Weekend Plans,I hope you are doing well. Let me know when we can catch up. Please respond when convenient. This update is scheduled for Wednesday.,personal
4025,Limited Time Deal,Our special offer is available for a limited time. Please respond when convenient. This update is scheduled for Thursday.,promotions
3251,Flight Booking,Your flight booking has been confirmed for next Monday. Please respond when convenient. This update is scheduled for Tuesday.,travel
3902,Upcoming Event,We are organizing a celebration and would love you to join us. Please respond when convenient. This update is scheduled for Tuesday.,events
1096,Weekend Plans,I wanted to check how you are doing. Please respond when convenient. This update is scheduled for Monday.,personal
4546,Monthly Newsletter,This week's newsletter includes important announcements. Please respond when convenient. This update is scheduled for Monday.,newsletter_updates
1213,Hello,Please call me when you have some free time. Please respond when convenient. This update is scheduled for Monday.,personal
3922,Event Invitation,Please find the invitation for the upcoming seminar. Please respond when convenient. This update is scheduled for Tuesday.,events
1426,Checking In,Are you free to meet for dinner this weekend? Please respond when convenient. This update is scheduled for Thursday.,personal
3067,Hotel Reservation,I would like to change the date of my hotel reservation. Please respond when convenient. This update is scheduled for Wednesday.,travel
4520,Monthly Newsletter,Here are this week's latest company updates. Please respond when convenient. This update is scheduled for Monday.,newsletter_updates
2101,Account Statement,Please find the latest invoice attached to this email. Please respond when convenient. This update is scheduled for Tuesday.,finance
808,Support Request,I have not received my order yet and would like an update. Please respond when convenient. This update is scheduled for Monday.,customer_support
4744,Weekly Update,Here is your regular update with the latest information. Please respond when convenient. This update is scheduled for Thursday.,newsletter_updates
3751,Event Invitation,We are organizing a celebration and would love you to join us. Please respond when convenient. This update is scheduled for Monday.,events
1363,Hello,Please call me when you have some free time. Please respond when convenient. This update is scheduled for Monday.,personal
2318,Account Statement,Your invoice is due for payment by the end of this month. Please respond when convenient. This update is scheduled for Monday.,finance
4582,Latest News,Here are this week's latest company updates. Please respond when convenient. This update is scheduled for Friday.,newsletter_updates
4742,Latest News,Welcome to our monthly newsletter. Please respond when convenient. This update is scheduled for Tuesday.,newsletter_updates
1026,Hello,Are you free to meet for dinner this weekend? Please respond when convenient. This update is scheduled for Monday.,personal
3110,Flight Booking,The flight schedule has been updated by the airline. Please respond when convenient. This update is scheduled for Wednesday.,travel
2111,Account Statement,Please find the latest invoice attached to this email. Please respond when convenient. This update is scheduled for Thursday.,finance
1042,Weekend Plans,Are you free to meet for dinner this weekend? Please respond when convenient. This update is scheduled for Tuesday.,personal
1877,Interview Invitation,Could you provide an update regarding my job application? Please respond when convenient. This update is scheduled for Monday.,job_career
882,Order Issue,The service is not working properly. Please check the problem. Please respond when convenient. This update is scheduled for Tuesday.,customer_support
4300,Special Offer,Use this promotional code to receive a discount on your order. Please respond when convenient. This update is scheduled for Friday.,promotions
1193,Checking In,I hope you are doing well. Let me know when we can catch up. Please respond when convenient. This update is scheduled for Wednesday.,personal
4588,Weekly Update,Here are this week's latest company updates. Please respond when convenient. This update is scheduled for Thursday.,newsletter_updates
4511,Monthly Newsletter,Here is your regular update with the latest information. Please respond when convenient. This update is scheduled for Monday.,newsletter_updates
3671,Upcoming Event,The event schedule has been updated. Please respond when convenient. This update is scheduled for Tuesday.,events
625,Service Problem,I have not received my order yet and would like an update. Please respond when convenient. This update is scheduled for Monday.,customer_support
2797,Meeting Reminder,Can we reschedule our meeting to Thursday afternoon? Please respond when convenient. This update is scheduled for Monday.,meetings
4292,Limited Time Deal,Use this promotional code to receive a discount on your order. Please respond when convenient. This update is scheduled for Monday.,promotions
4969,Monthly Newsletter,Here are this week's latest company updates. Please respond when convenient. This update is scheduled for Wednesday.,newsletter_updates
234,Business Update,Please review the quarterly business report and share your feedback. Please respond when convenient. This update is scheduled for Friday.,business
4567,Latest News,Here is your regular update with the latest information. Please respond when convenient. This update is scheduled for Friday.,newsletter_updates
1663,Interview Invitation,I am interested in learning more about the internship opportunity. Please respond when convenient. This update is scheduled for Monday.,job_career
416,Business Update,Please review the quarterly business report and share your feedback. Please respond when convenient. This update is scheduled for Tuesday.,business
4247,Special Offer,Shop now and receive free delivery on qualifying purchases. Please respond when convenient. This update is scheduled for Wednesday.,promotions
2174,Account Statement,I have a question regarding the payment shown on my account. Please respond when convenient. This update is scheduled for Monday.,finance
1457,Checking In,I hope you are doing well. Let me know when we can catch up. Please respond when convenient. This update is scheduled for Thursday.,personal
747,Service Problem,I have not received my order yet and would like an update. Please respond when convenient. This update is scheduled for Wednesday.,customer_support
18,Quarterly Report,Please find the latest sales figures attached for discussion. Please respond when convenient. This update is scheduled for Monday.,business
1201,Checking In,I hope you are doing well. Let me know when we can catch up. Please respond when convenient. This update is scheduled for Monday.,personal
1700,Career Opportunity,Could you provide an update regarding my job application? Please respond when convenient. This update is scheduled for Wednesday.,job_career
3254,Travel Confirmation,Can you help me book a hotel for my business trip? Please respond when convenient. This update is scheduled for Tuesday.,travel
597,Support Request,I am having trouble with my order and need some assistance. Please respond when convenient. This update is scheduled for Friday.,customer_support
3227,Flight Booking,Can you help me book a hotel for my business trip? Please respond when convenient. This update is scheduled for Friday.,travel
4406,Exclusive Discount,Use this promotional code to receive a discount on your order. Please respond when convenient. This update is scheduled for Wednesday.,promotions
4720,Latest News,Read the latest news and updates from our organization. Please respond when convenient. This update is scheduled for Wednesday.,newsletter_updates
1506,Job Application,I am writing to apply for the software developer position. Please respond when convenient. This update is scheduled for Monday.,job_career
1413,Checking In,Please call me when you have some free time. Please respond when convenient. This update is scheduled for Tuesday.,personal
1966,Job Application,We would like to invite you for an interview for the open position. Please respond when convenient. This update is scheduled for Thursday.,job_career
372,Project Update,The updated project proposal is ready for your review. Please respond when convenient. This update is scheduled for Monday.,business
1341,Weekend Plans,Please call me when you have some free time. Please respond when convenient. This update is scheduled for Monday.,personal
599,Service Problem,I have not received my order yet and would like an update. Please respond when convenient. This update is scheduled for Thursday.,customer_support
239,Quarterly Report,We need your approval before proceeding with the business plan. Please respond when convenient. This update is scheduled for Friday.,business
3401,Flight Booking,The flight schedule has been updated by the airline. Please respond when convenient. This update is scheduled for Tuesday.,travel
2068,Payment Update,Your invoice is due for payment by the end of this month. Please respond when convenient. This update is scheduled for Wednesday.,finance
811,Service Problem,Could you help me resolve this issue with my account? Please respond when convenient. This update is scheduled for Friday.,customer_support
1095,Hello,Would you like to join us for lunch tomorrow? Please respond when convenient. This update is scheduled for Tuesday.,personal
4325,Limited Time Deal,Enjoy exclusive discounts on selected products today. Please respond when convenient. This update is scheduled for Monday.,promotions
4761,Monthly Newsletter,This week's newsletter includes important announcements. Please respond when convenient. This update is scheduled for Thursday.,newsletter_updates
3677,Event Invitation,The event schedule has been updated. Please respond when convenient. This update is scheduled for Thursday.,events
3465,Travel Confirmation,Can you help me book a hotel for my business trip? Please respond when convenient. This update is scheduled for Wednesday.,travel
3104,Flight Booking,Your flight booking has been confirmed for next Monday. Please respond when convenient. This update is scheduled for Wednesday.,travel
2750,Meeting Request,The team meeting has been scheduled for Monday at 10 AM. Please respond when convenient. This update is scheduled for Tuesday.,meetings
2296,Invoice,Could you confirm whether my refund has been issued? Please respond when convenient. This update is scheduled for Thursday.,finance
4193,Limited Time Deal,Get 30 percent off your next purchase this weekend. Please respond when convenient. This update is scheduled for Monday.,promotions
3709,Event Invitation,Please RSVP for the upcoming company event. Please respond when convenient. This update is scheduled for Monday.,events
3019,Hotel Reservation,I would like to change the date of my hotel reservation. Please respond when convenient. This update is scheduled for Monday.,travel
4253,Special Offer,Enjoy exclusive discounts on selected products today. Please respond when convenient. This update is scheduled for Thursday.,promotions
804,Service Problem,The service is not working properly. Please check the problem. Please respond when convenient. This update is scheduled for Tuesday.,customer_support
4191,Exclusive Discount,Get 30 percent off your next purchase this weekend. Please respond when convenient. This update is scheduled for Wednesday.,promotions
3706,Conference Update,You are invited to attend our annual conference next month. Please respond when convenient. This update is scheduled for Wednesday.,events
752,Service Problem,I have not received my order yet and would like an update. Please respond when convenient. This update is scheduled for Thursday.,customer_support
4645,Weekly Update,Welcome to our monthly newsletter. Please respond when convenient. This update is scheduled for Wednesday.,newsletter_updates
2532,Schedule Update,The meeting agenda is attached for your review. Please respond when convenient. This update is scheduled for Tuesday.,meetings
622,Order Issue,I am having trouble with my order and need some assistance. Please respond when convenient. This update is scheduled for Friday.,customer_support
2298,Account Statement,I have a question regarding the payment shown on my account. Please respond when convenient. This update is scheduled for Tuesday.,finance
3829,Conference Update,Please find the invitation for the upcoming seminar. Please respond when convenient. This update is scheduled for Tuesday.,events
567,Order Issue,The service is not working properly. Please check the problem. Please respond when convenient. This update is scheduled for Tuesday.,customer_support
1136,Hello,Are you free to meet for dinner this weekend? Please respond when convenient. This update is scheduled for Monday.,personal
1205,Checking In,Please call me when you have some free time. Please respond when convenient. This update is scheduled for Friday.,personal
1048,Hello,I hope you are doing well. Let me know when we can catch up. Please respond when convenient. This update is scheduled for Thursday.,personal
52,Quarterly Report,Please review the quarterly business report and share your feedback. Please respond when convenient. This update is scheduled for Wednesday.,business
3652,Upcoming Event,You are invited to attend our annual conference next month. Please respond when convenient. This update is scheduled for Monday.,events
1045,Checking In,Would you like to join us for lunch tomorrow? Please respond when convenient. This update is scheduled for Thursday.,personal
2182,Account Statement,Could you confirm whether my refund has been issued? Please respond when convenient. This update is scheduled for Wednesday.,finance
2689,Schedule Update,I would like to arrange a meeting to discuss the project. Please respond when convenient. This update is scheduled for Monday.,meetings
535,Order Issue,The service is not working properly. Please check the problem. Please respond when convenient. This update is scheduled for Tuesday.,customer_support
3185,Hotel Reservation,Your flight booking has been confirmed for next Monday. Please respond when convenient. This update is scheduled for Thursday.,travel
3858,Upcoming Event,The event schedule has been updated. Please respond when convenient. This update is scheduled for Monday.,events
444,Business Update,The updated project proposal is ready for your review. Please respond when convenient. This update is scheduled for Friday.,business
3605,Upcoming Event,Please RSVP for the upcoming company event. Please respond when convenient. This update is scheduled for Monday.,events
196,Quarterly Report,The client has requested an update on the project timeline. Please respond when convenient. This update is scheduled for Thursday.,business
1116,Checking In,Please call me when you have some free time. Please respond when convenient. This update is scheduled for Wednesday.,personal
766,Service Problem,Could you help me resolve this issue with my account? Please respond when convenient. This update is scheduled for Tuesday.,customer_support
1946,Career Opportunity,Could you provide an update regarding my job application? Please respond when convenient. This update is scheduled for Tuesday.,job_career
3248,Hotel Reservation,The flight schedule has been updated by the airline. Please respond when convenient. This update is scheduled for Thursday.,travel
3003,Hotel Reservation,Can you help me book a hotel for my business trip? Please respond when convenient. This update is scheduled for Tuesday.,travel
1433,Checking In,Would you like to join us for lunch tomorrow? Please respond when convenient. This update is scheduled for Tuesday.,personal
4201,Limited Time Deal,Our special offer is available for a limited time. Please respond when convenient. This update is scheduled for Tuesday.,promotions
3096,Hotel Reservation,Please send me the details of my upcoming trip. Please respond when convenient. This update is scheduled for Monday.,travel
2923,Meeting Reminder,The team meeting has been scheduled for Monday at 10 AM. Please respond when convenient. This update is scheduled for Wednesday.,meetings
645,Order Issue,I have not received my order yet and would like an update. Please respond when convenient. This update is scheduled for Thursday.,customer_support
1050,Checking In,Would you like to join us for lunch tomorrow? Please respond when convenient. This update is scheduled for Thursday.,personal
3746,Event Invitation,Please find the invitation for the upcoming seminar. Please respond when convenient. This update is scheduled for Wednesday.,events
4094,Exclusive Discount,Our special offer is available for a limited time. Please respond when convenient. This update is scheduled for Monday.,promotions
4404,Special Offer,Use this promotional code to receive a discount on your order. Please respond when convenient. This update is scheduled for Friday.,promotions
121,Quarterly Report,Please find the latest sales figures attached for discussion. Please respond when convenient. This update is scheduled for Friday.,business
2053,Payment Update,The payment has been processed successfully. Please respond when convenient. This update is scheduled for Tuesday.,finance
4259,Limited Time Deal,Our special offer is available for a limited time. Please respond when convenient. This update is scheduled for Tuesday.,promotions
4889,Weekly Update,Read the latest news and updates from our organization. Please respond when convenient. This update is scheduled for Wednesday.,newsletter_updates
4335,Exclusive Discount,Shop now and receive free delivery on qualifying purchases. Please respond when convenient. This update is scheduled for Thursday.,promotions
4692,Monthly Newsletter,Here are this week's latest company updates. Please respond when convenient. This update is scheduled for Thursday.,newsletter_updates
135,Quarterly Report,Please find the latest sales figures attached for discussion. Please respond when convenient. This update is scheduled for Friday.,business
2461,Invoice,Could you confirm whether my refund has been issued? Please respond when convenient. This update is scheduled for Tuesday.,finance
1955,Interview Invitation,We would like to invite you for an interview for the open position. Please respond when convenient. This update is scheduled for Thursday.,job_career
2464,Payment Update,Please find the latest invoice attached to this email. Please respond when convenient. This update is scheduled for Friday.,finance
185,Project Update,The client has requested an update on the project timeline. Please respond when convenient. This update is scheduled for Monday.,business
1393,Hello,I wanted to check how you are doing. Please respond when convenient. This update is scheduled for Tuesday.,personal
2277,Invoice,The payment has been processed successfully. Please respond when convenient. This update is scheduled for Monday.,finance
512,Support Request,The service is not working properly. Please check the problem. Please respond when convenient. This update is scheduled for Wednesday.,customer_support
4730,Monthly Newsletter,Welcome to our monthly newsletter. Please respond when convenient. This update is scheduled for Monday.,newsletter_updates
4055,Limited Time Deal,Get 30 percent off your next purchase this weekend. Please respond when convenient. This update is scheduled for Friday.,promotions
3138,Travel Confirmation,I would like to change the date of my hotel reservation. Please respond when convenient. This update is scheduled for Wednesday.,travel
2670,Meeting Reminder,Can we reschedule our meeting to Thursday afternoon? Please respond when convenient. This update is scheduled for Tuesday.,meetings
4774,Monthly Newsletter,Here are this week's latest company updates. Please respond when convenient. This update is scheduled for Monday.,newsletter_updates
4862,Monthly Newsletter,Welcome to our monthly newsletter. Please respond when convenient. This update is scheduled for Thursday.,newsletter_updates
2118,Payment Update,Could you confirm whether my refund has been issued? Please respond when convenient. This update is scheduled for Monday.,finance
252,Project Update,The client has requested an update on the project timeline. Please respond when convenient. This update is scheduled for Thursday.,business
3527,Event Invitation,Please RSVP for the upcoming company event. Please respond when convenient. This update is scheduled for Tuesday.,events
3560,Conference Update,You are invited to attend our annual conference next month. Please respond when convenient. This update is scheduled for Thursday.,events
4012,Limited Time Deal,Get 30 percent off your next purchase this weekend. Please respond when convenient. This update is scheduled for Wednesday.,promotions
1508,Interview Invitation,We would like to invite you for an interview for the open position. Please respond when convenient. This update is scheduled for Wednesday.,job_career
123,Quarterly Report,The client has requested an update on the project timeline. Please respond when convenient. This update is scheduled for Monday.,business
4260,Special Offer,Use this promotional code to receive a discount on your order. Please respond when convenient. This update is scheduled for Monday.,promotions
3334,Flight Booking,Please send me the details of my upcoming trip. Please respond when convenient. This update is scheduled for Wednesday.,travel
1872,Interview Invitation,Could you provide an update regarding my job application? Please respond when convenient. This update is scheduled for Monday.,job_career
3693,Upcoming Event,We are organizing a celebration and would love you to join us. Please respond when convenient. This update is scheduled for Friday.,events
568,Service Problem,I am having trouble with my order and need some assistance. Please respond when convenient. This update is scheduled for Friday.,customer_support
1372,Checking In,Please call me when you have some free time. Please respond when convenient. This update is scheduled for Friday.,personal
3186,Flight Booking,Your flight booking has been confirmed for next Monday. Please respond when convenient. This update is scheduled for Wednesday.,travel
3956,Conference Update,You are invited to attend our annual conference next month. Please respond when convenient. This update is scheduled for Friday.,events
1057,Checking In,Please call me when you have some free time. Please respond when convenient. This update is scheduled for Friday.,personal
857,Order Issue,My product arrived damaged. Please help me with a replacement. Please respond when convenient. This update is scheduled for Thursday.,customer_support
3839,Event Invitation,You are invited to attend our annual conference next month. Please respond when convenient. This update is scheduled for Wednesday.,events
2861,Schedule Update,I would like to arrange a meeting to discuss the project. Please respond when convenient. This update is scheduled for Thursday.,meetings
4770,Latest News,Here are this week's latest company updates. Please respond when convenient. This update is scheduled for Wednesday.,newsletter_updates
777,Order Issue,I have not received my order yet and would like an update. Please respond when convenient. This update is scheduled for Tuesday.,customer_support
721,Order Issue,The service is not working properly. Please check the problem. Please respond when convenient. This update is scheduled for Monday.,customer_support
2711,Schedule Update,I would like to arrange a meeting to discuss the project. Please respond when convenient. This update is scheduled for Monday.,meetings
2655,Meeting Request,Please confirm your availability for tomorrow's meeting. Please respond when convenient. This update is scheduled for Wednesday.,meetings
4878,Latest News,Here is your regular update with the latest information. Please respond when convenient. This update is scheduled for Thursday.,newsletter_updates
603,Order Issue,Could you help me resolve this issue with my account? Please respond when convenient. This update is scheduled for Friday.,customer_support
3823,Upcoming Event,Please find the invitation for the upcoming seminar. Please respond when convenient. This update is scheduled for Monday.,events
1245,Checking In,I wanted to check how you are doing. Please respond when convenient. This update is scheduled for Thursday.,personal
4846,Weekly Update,This week's newsletter includes important announcements. Please respond when convenient. This update is scheduled for Tuesday.,newsletter_updates
4842,Latest News,Welcome to our monthly newsletter. Please respond when convenient. This update is scheduled for Tuesday.,newsletter_updates
319,Quarterly Report,Please find the latest sales figures attached for discussion. Please respond when convenient. This update is scheduled for Monday.,business
829,Service Problem,My product arrived damaged. Please help me with a replacement. Please respond when convenient. This update is scheduled for Thursday.,customer_support
3264,Hotel Reservation,Please send me the details of my upcoming trip. Please respond when convenient. This update is scheduled for Friday.,travel
275,Quarterly Report,Please review the quarterly business report and share your feedback. Please respond when convenient. This update is scheduled for Friday.,business
2665,Meeting Request,Please confirm your availability for tomorrow's meeting. Please respond when convenient. This update is scheduled for Tuesday.,meetings
550,Service Problem,I am having trouble with my order and need some assistance. Please respond when convenient. This update is scheduled for Friday.,customer_support
3642,Upcoming Event,Please find the invitation for the upcoming seminar. Please respond when convenient. This update is scheduled for Friday.,events
4054,Exclusive Discount,Get 30 percent off your next purchase this weekend. Please respond when convenient. This update is scheduled for Monday.,promotions
4893,Latest News,Here are this week's latest company updates. Please respond when convenient. This update is scheduled for Friday.,newsletter_updates
2935,Meeting Reminder,Please confirm your availability for tomorrow's meeting. Please respond when convenient. This update is scheduled for Friday.,meetings
606,Service Problem,I have not received my order yet and would like an update. Please respond when convenient. This update is scheduled for Monday.,customer_support
897,Order Issue,I am having trouble with my order and need some assistance. Please respond when convenient. This update is scheduled for Thursday.,customer_support
528,Support Request,Could you help me resolve this issue with my account? Please respond when convenient. This update is scheduled for Wednesday.,customer_support
4608,Latest News,Here is your regular update with the latest information. Please respond when convenient. This update is scheduled for Tuesday.,newsletter_updates
2348,Account Statement,The payment has been processed successfully. Please respond when convenient. This update is scheduled for Monday.,finance
3440,Hotel Reservation,Your flight booking has been confirmed for next Monday. Please respond when convenient. This update is scheduled for Friday.,travel
4999,Weekly Update,This week's newsletter includes important announcements. Please respond when convenient. This update is scheduled for Tuesday.,newsletter_updates
4827,Latest News,Here are this week's latest company updates. Please respond when convenient. This update is scheduled for Tuesday.,newsletter_updates
3923,Event Invitation,Please RSVP for the upcoming company event. Please respond when convenient. This update is scheduled for Wednesday.,events
299,Quarterly Report,The client has requested an update on the project timeline. Please respond when convenient. This update is scheduled for Monday.,business
2120,Invoice,Your invoice is due for payment by the end of this month. Please respond when convenient. This update is scheduled for Wednesday.,finance
2537,Meeting Request,Please confirm your availability for tomorrow's meeting. Please respond when convenient. This update is scheduled for Thursday.,meetings
4204,Limited Time Deal,Our special offer is available for a limited time. Please respond when convenient. This update is scheduled for Monday.,promotions
3255,Hotel Reservation,The flight schedule has been updated by the airline. Please respond when convenient. This update is scheduled for Wednesday.,travel
3726,Upcoming Event,We are organizing a celebration and would love you to join us. Please respond when convenient. This update is scheduled for Tuesday.,events
1261,Checking In,Are you free to meet for dinner this weekend? Please respond when convenient. This update is scheduled for Wednesday.,personal
1559,Career Opportunity,Could you provide an update regarding my job application? Please respond when convenient. This update is scheduled for Tuesday.,job_career
3270,Travel Confirmation,Can you help me book a hotel for my business trip? Please respond when convenient. This update is scheduled for Tuesday.,travel
4047,Special Offer,Enjoy exclusive discounts on selected products today. Please respond when convenient. This update is scheduled for Monday.,promotions
757,Order Issue,I have not received my order yet and would like an update. Please respond when convenient. This update is scheduled for Friday.,customer_support
1011,Weekend Plans,Would you like to join us for lunch tomorrow? Please respond when convenient. This update is scheduled for Monday.,personal
2795,Meeting Request,Please confirm your availability for tomorrow's meeting. Please respond when convenient. This update is scheduled for Tuesday.,meetings
2906,Meeting Request,Please confirm your availability for tomorrow's meeting. Please respond when convenient. This update is scheduled for Friday.,meetings
1871,Job Application,Please find my resume attached for your consideration. Please respond when convenient. This update is scheduled for Wednesday.,job_career
2230,Invoice,Could you confirm whether my refund has been issued? Please respond when convenient. This update is scheduled for Wednesday.,finance
1174,Checking In,I wanted to check how you are doing. Please respond when convenient. This update is scheduled for Monday.,personal
1833,Job Application,Could you provide an update regarding my job application? Please respond when convenient. This update is scheduled for Friday.,job_career
377,Business Update,The client has requested an update on the project timeline. Please respond when convenient. This update is scheduled for Monday.,business
3854,Event Invitation,We are organizing a celebration and would love you to join us. Please respond when convenient. This update is scheduled for Tuesday.,events
3617,Conference Update,Please RSVP for the upcoming company event. Please respond when convenient. This update is scheduled for Monday.,events
799,Service Problem,My product arrived damaged. Please help me with a replacement. Please respond when convenient. This update is scheduled for Monday.,customer_support
379,Business Update,Please review the quarterly business report and share your feedback. Please respond when convenient. This update is scheduled for Thursday.,business
1159,Checking In,Would you like to join us for lunch tomorrow? Please respond when convenient. This update is scheduled for Thursday.,personal
3820,Conference Update,The event schedule has been updated. Please respond when convenient. This update is scheduled for Friday.,events
2793,Schedule Update,Please confirm your availability for tomorrow's meeting. Please respond when convenient. This update is scheduled for Monday.,meetings
2241,Payment Update,Please find the latest invoice attached to this email. Please respond when convenient. This update is scheduled for Monday.,finance
4036,Exclusive Discount,Get 30 percent off your next purchase this weekend. Please respond when convenient. This update is scheduled for Tuesday.,promotions
2663,Meeting Request,Can we reschedule our meeting to Thursday afternoon? Please respond when convenient. This update is scheduled for Monday.,meetings
4013,Special Offer,Use this promotional code to receive a discount on your order. Please respond when convenient. This update is scheduled for Tuesday.,promotions
2958,Meeting Reminder,The meeting agenda is attached for your review. Please respond when convenient. This update is scheduled for Tuesday.,meetings
3928,Conference Update,We are organizing a celebration and would love you to join us. Please respond when convenient. This update is scheduled for Thursday.,events
1039,Hello,I hope you are doing well. Let me know when we can catch up. Please respond when convenient. This update is scheduled for Wednesday.,personal
3260,Travel Confirmation,The flight schedule has been updated by the airline. Please respond when convenient. This update is scheduled for Wednesday.,travel
1345,Checking In,Please call me when you have some free time. Please respond when convenient. This update is scheduled for Thursday.,personal
2506,Meeting Reminder,Can we reschedule our meeting to Thursday afternoon? Please respond when convenient. This update is scheduled for Wednesday.,meetings
1722,Job Application,Could you provide an update regarding my job application? Please respond when convenient. This update is scheduled for Tuesday.,job_career
4664,Weekly Update,Read the latest news and updates from our organization. Please respond when convenient. This update is scheduled for Friday.,newsletter_updates
176,Quarterly Report,The client has requested an update on the project timeline. Please respond when convenient. This update is scheduled for Friday.,business
4894,Monthly Newsletter,This week's newsletter includes important announcements. Please respond when convenient. This update is scheduled for Tuesday.,newsletter_updates
1910,Interview Invitation,I am writing to apply for the software developer position. Please respond when convenient. This update is scheduled for Thursday.,job_career
46,Quarterly Report,Please find the latest sales figures attached for discussion. Please respond when convenient. This update is scheduled for Thursday.,business
3410,Hotel Reservation,Your flight booking has been confirmed for next Monday. Please respond when convenient. This update is scheduled for Friday.,travel
4675,Weekly Update,Here are this week's latest company updates. Please respond when convenient. This update is scheduled for Wednesday.,newsletter_updates
1076,Weekend Plans,I hope you are doing well. Let me know when we can catch up. Please respond when convenient. This update is scheduled for Thursday.,personal
2830,Schedule Update,Please confirm your availability for tomorrow's meeting. Please respond when convenient. This update is scheduled for Monday.,meetings
1505,Career Opportunity,Please find my resume attached for your consideration. Please respond when convenient. This update is scheduled for Thursday.,job_career
2310,Account Statement,Please find the latest invoice attached to this email. Please respond when convenient. This update is scheduled for Thursday.,finance
1437,Weekend Plans,Please call me when you have some free time. Please respond when convenient. This update is scheduled for Tuesday.,personal
2419,Account Statement,The payment has been processed successfully. Please respond when convenient. This update is scheduled for Tuesday.,finance
3987,Conference Update,The event schedule has been updated. Please respond when convenient. This update is scheduled for Monday.,events
3099,Travel Confirmation,Your flight booking has been confirmed for next Monday. Please respond when convenient. This update is scheduled for Friday.,travel
4589,Monthly Newsletter,This week's newsletter includes important announcements. Please respond when convenient. This update is scheduled for Wednesday.,newsletter_updates
284,Quarterly Report,We need your approval before proceeding with the business plan. Please respond when convenient. This update is scheduled for Tuesday.,business
4919,Latest News,Read the latest news and updates from our organization. Please respond when convenient. This update is scheduled for Thursday.,newsletter_updates
843,Order Issue,I have not received my order yet and would like an update. Please respond when convenient. This update is scheduled for Friday.,customer_support
1514,Job Application,We would like to invite you for an interview for the open position. Please respond when convenient. This update is scheduled for Monday.,job_career
1169,Weekend Plans,Please call me when you have some free time. Please respond when convenient. This update is scheduled for Monday.,personal
1593,Career Opportunity,I am writing to apply for the software developer position. Please respond when convenient. This update is scheduled for Friday.,job_career
3461,Flight Booking,I would like to change the date of my hotel reservation. Please respond when convenient. This update is scheduled for Wednesday.,travel
3166,Hotel Reservation,Can you help me book a hotel for my business trip? Please respond when convenient. This update is scheduled for Wednesday.,travel
2285,Payment Update,The payment has been processed successfully. Please respond when convenient. This update is scheduled for Thursday.,finance
3576,Upcoming Event,Please find the invitation for the upcoming seminar. Please respond when convenient. This update is scheduled for Monday.,events
4871,Weekly Update,This week's newsletter includes important announcements. Please respond when convenient. This update is scheduled for Monday.,newsletter_updates
2306,Payment Update,The payment has been processed successfully. Please respond when convenient. This update is scheduled for Monday.,finance
953,Support Request,The service is not working properly. Please check the problem. Please respond when convenient. This update is scheduled for Monday.,customer_support
4943,Weekly Update,This week's newsletter includes important announcements. Please respond when convenient. This update is scheduled for Tuesday.,newsletter_updates
3054,Hotel Reservation,Please send me the details of my upcoming trip. Please respond when convenient. This update is scheduled for Friday.,travel
4560,Monthly Newsletter,Here are this week's latest company updates. Please respond when convenient. This update is scheduled for Tuesday.,newsletter_updates
2686,Meeting Reminder,The team meeting has been scheduled for Monday at 10 AM. Please respond when convenient. This update is scheduled for Friday.,meetings
1490,Weekend Plans,I hope you are doing well. Let me know when we can catch up. Please respond when convenient. This update is scheduled for Tuesday.,personal
928,Order Issue,I am having trouble with my order and need some assistance. Please respond when convenient. This update is scheduled for Monday.,customer_support
1210,Weekend Plans,Are you free to meet for dinner this weekend? Please respond when convenient. This update is scheduled for Tuesday.,personal
3974,Event Invitation,You are invited to attend our annual conference next month. Please respond when convenient. This update is scheduled for Thursday.,events
3546,Conference Update,Please find the invitation for the upcoming seminar. Please respond when convenient. This update is scheduled for Monday.,events
4362,Limited Time Deal,Shop now and receive free delivery on qualifying purchases. Please respond when convenient. This update is scheduled for Friday.,promotions
1922,Job Application,Could you provide an update regarding my job application? Please respond when convenient. This update is scheduled for Thursday.,job_career
352,Project Update,Please find the latest sales figures attached for discussion. Please respond when convenient. This update is scheduled for Tuesday.,business
4899,Latest News,Here is your regular update with the latest information. Please respond when convenient. This update is scheduled for Tuesday.,newsletter_updates
3394,Travel Confirmation,The flight schedule has been updated by the airline. Please respond when convenient. This update is scheduled for Friday.,travel
2722,Meeting Request,Please confirm your availability for tomorrow's meeting. Please respond when convenient. This update is scheduled for Thursday.,meetings
4982,Latest News,Here are this week's latest company updates. Please respond when convenient. This update is scheduled for Monday.,newsletter_updates
719,Order Issue,I have not received my order yet and would like an update. Please respond when convenient. This update is scheduled for Wednesday.,customer_support
2703,Meeting Reminder,Please confirm your availability for tomorrow's meeting. Please respond when convenient. This update is scheduled for Thursday.,meetings
2723,Meeting Reminder,Can we reschedule our meeting to Thursday afternoon? Please respond when convenient. This update is scheduled for Tuesday.,meetings
4562,Weekly Update,This week's newsletter includes important announcements. Please respond when convenient. This update is scheduled for Thursday.,newsletter_updates
309,Quarterly Report,The updated project proposal is ready for your review. Please respond when convenient. This update is scheduled for Wednesday.,business
1676,Job Application,I am interested in learning more about the internship opportunity. Please respond when convenient. This update is scheduled for Monday.,job_career
834,Order Issue,Could you help me resolve this issue with my account? Please respond when convenient. This update is scheduled for Friday.,customer_support
367,Business Update,The updated project proposal is ready for your review. Please respond when convenient. This update is scheduled for Thursday.,business
4507,Monthly Newsletter,This week's newsletter includes important announcements. Please respond when convenient. This update is scheduled for Wednesday.,newsletter_updates
2079,Payment Update,Could you confirm whether my refund has been issued? Please respond when convenient. This update is scheduled for Tuesday.,finance
4039,Limited Time Deal,Use this promotional code to receive a discount on your order. Please respond when convenient. This update is scheduled for Tuesday.,promotions
4847,Latest News,This week's newsletter includes important announcements. Please respond when convenient. This update is scheduled for Thursday.,newsletter_updates
4480,Exclusive Discount,Enjoy exclusive discounts on selected products today. Please respond when convenient. This update is scheduled for Wednesday.,promotions
1747,Job Application,We would like to invite you for an interview for the open position. Please respond when convenient. This update is scheduled for Monday.,job_career
20,Quarterly Report,The client has requested an update on the project timeline. Please respond when convenient. This update is scheduled for Tuesday.,business
1323,Weekend Plans,Please call me when you have some free time. Please respond when convenient. This update is scheduled for Friday.,personal
3568,Upcoming Event,Please RSVP for the upcoming company event. Please respond when convenient. This update is scheduled for Tuesday.,events
2522,Meeting Request,I would like to arrange a meeting to discuss the project. Please respond when convenient. This update is scheduled for Monday.,meetings
219,Quarterly Report,The updated project proposal is ready for your review. Please respond when convenient. This update is scheduled for Friday.,business
1488,Hello,Would you like to join us for lunch tomorrow? Please respond when convenient. This update is scheduled for Friday.,personal
439,Project Update,We need your approval before proceeding with the business plan. Please respond when convenient. This update is scheduled for Monday.,business
4175,Special Offer,Use this promotional code to receive a discount on your order. Please respond when convenient. This update is scheduled for Tuesday.,promotions
2751,Meeting Reminder,Please confirm your availability for tomorrow's meeting. Please respond when convenient. This update is scheduled for Friday.,meetings
3289,Hotel Reservation,I would like to change the date of my hotel reservation. Please respond when convenient. This update is scheduled for Friday.,travel
3434,Flight Booking,Please send me the details of my upcoming trip. Please respond when convenient. This update is scheduled for Monday.,travel
2526,Meeting Reminder,The team meeting has been scheduled for Monday at 10 AM. Please respond when convenient. This update is scheduled for Thursday.,meetings
4651,Monthly Newsletter,Read the latest news and updates from our organization. Please respond when convenient. This update is scheduled for Monday.,newsletter_updates
3689,Conference Update,We are organizing a celebration and would love you to join us. Please respond when convenient. This update is scheduled for Friday.,events
2764,Meeting Request,I would like to arrange a meeting to discuss the project. Please respond when convenient. This update is scheduled for Thursday.,meetings
803,Support Request,I have not received my order yet and would like an update. Please respond when convenient. This update is scheduled for Monday.,customer_support
2998,Schedule Update,The meeting agenda is attached for your review. Please respond when convenient. This update is scheduled for Friday.,meetings
2229,Payment Update,Could you confirm whether my refund has been issued? Please respond when convenient. This update is scheduled for Monday.,finance
4786,Latest News,Read the latest news and updates from our organization. Please respond when convenient. This update is scheduled for Friday.,newsletter_updates
2078,Account Statement,Please find the latest invoice attached to this email. Please respond when convenient. This update is scheduled for Tuesday.,finance
583,Service Problem,My product arrived damaged. Please help me with a replacement. Please respond when convenient. This update is scheduled for Tuesday.,customer_support
204,Business Update,Please review the quarterly business report and share your feedback. Please respond when convenient. This update is scheduled for Tuesday.,business
4347,Special Offer,Shop now and receive free delivery on qualifying purchases. Please respond when convenient. This update is scheduled for Thursday.,promotions
3479,Flight Booking,The flight schedule has been updated by the airline. Please respond when convenient. This update is scheduled for Tuesday.,travel
2930,Meeting Reminder,Can we reschedule our meeting to Thursday afternoon? Please respond when convenient. This update is scheduled for Thursday.,meetings
3086,Flight Booking,Please send me the details of my upcoming trip. Please respond when convenient. This update is scheduled for Friday.,travel
1019,Weekend Plans,Would you like to join us for lunch tomorrow? Please respond when convenient. This update is scheduled for Friday.,personal
1584,Interview Invitation,Could you provide an update regarding my job application? Please respond when convenient. This update is scheduled for Friday.,job_career
1033,Checking In,Are you free to meet for dinner this weekend? Please respond when convenient. This update is scheduled for Wednesday.,personal
1719,Interview Invitation,Could you provide an update regarding my job application? Please respond when convenient. This update is scheduled for Wednesday.,job_career
1282,Checking In,Please call me when you have some free time. Please respond when convenient. This update is scheduled for Tuesday.,personal
2499,Payment Update,The payment has been processed successfully. Please respond when convenient. This update is scheduled for Tuesday.,finance
3351,Travel Confirmation,Please send me the details of my upcoming trip. Please respond when convenient. This update is scheduled for Friday.,travel
518,Support Request,Could you help me resolve this issue with my account? Please respond when convenient. This update is scheduled for Tuesday.,customer_support
1748,Career Opportunity,We would like to invite you for an interview for the open position. Please respond when convenient. This update is scheduled for Friday.,job_career
4653,Latest News,Here are this week's latest company updates. Please respond when convenient. This update is scheduled for Thursday.,newsletter_updates
3733,Event Invitation,You are invited to attend our annual conference next month. Please respond when convenient. This update is scheduled for Wednesday.,events
669,Order Issue,I have not received my order yet and would like an update. Please respond when convenient. This update is scheduled for Thursday.,customer_support
4060,Limited Time Deal,Our special offer is available for a limited time. Please respond when convenient. This update is scheduled for Tuesday.,promotions
3027,Hotel Reservation,Can you help me book a hotel for my business trip? Please respond when convenient. This update is scheduled for Monday.,travel
4933,Latest News,Here is your regular update with the latest information. Please respond when convenient. This update is scheduled for Monday.,newsletter_updates
3287,Travel Confirmation,Please send me the details of my upcoming trip. Please respond when convenient. This update is scheduled for Thursday.,travel
2651,Meeting Request,Please confirm your availability for tomorrow's meeting. Please respond when convenient. This update is scheduled for Wednesday.,meetings
4454,Exclusive Discount,Our special offer is available for a limited time. Please respond when convenient. This update is scheduled for Thursday.,promotions
3193,Hotel Reservation,Can you help me book a hotel for my business trip? Please respond when convenient. This update is scheduled for Wednesday.,travel
2125,Account Statement,Please find the latest invoice attached to this email. Please respond when convenient. This update is scheduled for Friday.,finance
3376,Hotel Reservation,Can you help me book a hotel for my business trip? Please respond when convenient. This update is scheduled for Tuesday.,travel
3393,Flight Booking,Your flight booking has been confirmed for next Monday. Please respond when convenient. This update is scheduled for Tuesday.,travel
3486,Flight Booking,The flight schedule has been updated by the airline. Please respond when convenient. This update is scheduled for Thursday.,travel
760,Order Issue,Could you help me resolve this issue with my account? Please respond when convenient. This update is scheduled for Monday.,customer_support
3380,Flight Booking,I would like to change the date of my hotel reservation. Please respond when convenient. This update is scheduled for Friday.,travel
4441,Limited Time Deal,Get 30 percent off your next purchase this weekend. Please respond when convenient. This update is scheduled for Monday.,promotions
2527,Meeting Request,Can we reschedule our meeting to Thursday afternoon? Please respond when convenient. This update is scheduled for Wednesday.,meetings
4859,Monthly Newsletter,This week's newsletter includes important announcements. Please respond when convenient. This update is scheduled for Tuesday.,newsletter_updates
908,Order Issue,My product arrived damaged. Please help me with a replacement. Please respond when convenient. This update is scheduled for Friday.,customer_support
2684,Meeting Reminder,I would like to arrange a meeting to discuss the project. Please respond when convenient. This update is scheduled for Friday.,meetings
215,Business Update,The updated project proposal is ready for your review. Please respond when convenient. This update is scheduled for Thursday.,business
3332,Hotel Reservation,Can you help me book a hotel for my business trip? Please respond when convenient. This update is scheduled for Tuesday.,travel
4459,Limited Time Deal,Enjoy exclusive discounts on selected products today. Please respond when convenient. This update is scheduled for Friday.,promotions
694,Support Request,The service is not working properly. Please check the problem. Please respond when convenient. This update is scheduled for Friday.,customer_support
1504,Career Opportunity,Please find my resume attached for your consideration. Please respond when convenient. This update is scheduled for Wednesday.,job_career
2415,Invoice,Could you confirm whether my refund has been issued? Please respond when convenient. This update is scheduled for Monday.,finance
2119,Account Statement,Please find the latest invoice attached to this email. Please respond when convenient. This update is scheduled for Tuesday.,finance
3859,Upcoming Event,Please find the invitation for the upcoming seminar. Please respond when convenient. This update is scheduled for Tuesday.,events
2463,Payment Update,I have a question regarding the payment shown on my account. Please respond when convenient. This update is scheduled for Thursday.,finance
3636,Event Invitation,You are invited to attend our annual conference next month. Please respond when convenient. This update is scheduled for Friday.,events
4106,Special Offer,Enjoy exclusive discounts on selected products today. Please respond when convenient. This update is scheduled for Monday.,promotions
4479,Limited Time Deal,Get 30 percent off your next purchase this weekend. Please respond when convenient. This update is scheduled for Friday.,promotions
197,Quarterly Report,Please find the latest sales figures attached for discussion. Please respond when convenient. This update is scheduled for Tuesday.,business
4668,Latest News,Read the latest news and updates from our organization. Please respond when convenient. This update is scheduled for Friday.,newsletter_updates
1544,Career Opportunity,I am interested in learning more about the internship opportunity. Please respond when convenient. This update is scheduled for Friday.,job_career
1331,Checking In,Are you free to meet for dinner this weekend? Please respond when convenient. This update is scheduled for Monday.,personal
880,Support Request,The service is not working properly. Please check the problem. Please respond when convenient. This update is scheduled for Wednesday.,customer_support
4503,Monthly Newsletter,Here is your regular update with the latest information. Please respond when convenient. This update is scheduled for Thursday.,newsletter_updates
3502,Conference Update,Please RSVP for the upcoming company event. Please respond when convenient. This update is scheduled for Tuesday.,events
3895,Event Invitation,The event schedule has been updated. Please respond when convenient. This update is scheduled for Monday.,events
4991,Weekly Update,Here is your regular update with the latest information. Please respond when convenient. This update is scheduled for Thursday.,newsletter_updates
888,Support Request,Could you help me resolve this issue with my account? Please respond when convenient. This update is scheduled for Thursday.,customer_support
1346,Checking In,Please call me when you have some free time. Please respond when convenient. This update is scheduled for Tuesday.,personal
69,Business Update,Please find the latest sales figures attached for discussion. Please respond when convenient. This update is scheduled for Monday.,business
4211,Limited Time Deal,Shop now and receive free delivery on qualifying purchases. Please respond when convenient. This update is scheduled for Thursday.,promotions
1816,Job Application,I am writing to apply for the software developer position. Please respond when convenient. This update is scheduled for Thursday.,job_career
569,Order Issue,My product arrived damaged. Please help me with a replacement. Please respond when convenient. This update is scheduled for Wednesday.,customer_support
2168,Account Statement,Please find the latest invoice attached to this email. Please respond when convenient. This update is scheduled for Friday.,finance
97,Business Update,The client has requested an update on the project timeline. Please respond when convenient. This update is scheduled for Thursday.,business
4182,Exclusive Discount,Our special offer is available for a limited time. Please respond when convenient. This update is scheduled for Tuesday.,promotions
3354,Hotel Reservation,Can you help me book a hotel for my business trip? Please respond when convenient. This update is scheduled for Friday.,travel
140,Business Update,The updated project proposal is ready for your review. Please respond when convenient. This update is scheduled for Thursday.,business
4955,Weekly Update,This week's newsletter includes important announcements. Please respond when convenient. This update is scheduled for Thursday.,newsletter_updates
2603,Meeting Reminder,Can we reschedule our meeting to Thursday afternoon? Please respond when convenient. This update is scheduled for Wednesday.,meetings
4024,Exclusive Discount,Use this promotional code to receive a discount on your order. Please respond when convenient. This update is scheduled for Thursday.,promotions
4773,Latest News,This week's newsletter includes important announcements. Please respond when convenient. This update is scheduled for Thursday.,newsletter_updates
1607,Interview Invitation,Could you provide an update regarding my job application? Please respond when convenient. This update is scheduled for Monday.,job_career
1630,Career Opportunity,I am interested in learning more about the internship opportunity. Please respond when convenient. This update is scheduled for Wednesday.,job_career
1540,Career Opportunity,I am writing to apply for the software developer position. Please respond when convenient. This update is scheduled for Thursday.,job_career
1695,Career Opportunity,Please find my resume attached for your consideration. Please respond when convenient. This update is scheduled for Friday.,job_career
2060,Payment Update,The payment has been processed successfully. Please respond when convenient. This update is scheduled for Friday.,finance
464,Business Update,Please find the latest sales figures attached for discussion. Please respond when convenient. This update is scheduled for Monday.,business
2331,Account Statement,Your invoice is due for payment by the end of this month. Please respond when convenient. This update is scheduled for Tuesday.,finance
3044,Flight Booking,Please send me the details of my upcoming trip. Please respond when convenient. This update is scheduled for Monday.,travel
4735,Weekly Update,Here is your regular update with the latest information. Please respond when convenient. This update is scheduled for Thursday.,newsletter_updates
595,Service Problem,I have not received my order yet and would like an update. Please respond when convenient. This update is scheduled for Monday.,customer_support
3815,Upcoming Event,Please find the invitation for the upcoming seminar. Please respond when convenient. This update is scheduled for Monday.,events
626,Service Problem,The service is not working properly. Please check the problem. Please respond when convenient. This update is scheduled for Friday.,customer_support
451,Business Update,Please review the quarterly business report and share your feedback. Please respond when convenient. This update is scheduled for Tuesday.,business
1500,Weekend Plans,Are you free to meet for dinner this weekend? Please respond when convenient. This update is scheduled for Wednesday.,personal
2457,Invoice,I have a question regarding the payment shown on my account. Please respond when convenient. This update is scheduled for Thursday.,finance
4723,Monthly Newsletter,Here is your regular update with the latest information. Please respond when convenient. This update is scheduled for Tuesday.,newsletter_updates
2985,Meeting Request,Can we reschedule our meeting to Thursday afternoon? Please respond when convenient. This update is scheduled for Tuesday.,meetings
1570,Interview Invitation,I am interested in learning more about the internship opportunity. Please respond when convenient. This update is scheduled for Thursday.,job_career
1035,Checking In,I wanted to check how you are doing. Please respond when convenient. This update is scheduled for Wednesday.,personal
3519,Event Invitation,Please RSVP for the upcoming company event. Please respond when convenient. This update is scheduled for Thursday.,events
1558,Job Application,I am writing to apply for the software developer position. Please respond when convenient. This update is scheduled for Thursday.,job_career
3625,Event Invitation,You are invited to attend our annual conference next month. Please respond when convenient. This update is scheduled for Monday.,events
4665,Weekly Update,This week's newsletter includes important announcements. Please respond when convenient. This update is scheduled for Wednesday.,newsletter_updates
151,Project Update,Please find the latest sales figures attached for discussion. Please respond when convenient. This update is scheduled for Wednesday.,business
1421,Checking In,Please call me when you have some free time. Please respond when convenient. This update is scheduled for Wednesday.,personal
2012,Payment Update,The payment has been processed successfully. Please respond when convenient. This update is scheduled for Thursday.,finance
2687,Schedule Update,I would like to arrange a meeting to discuss the project. Please respond when convenient. This update is scheduled for Tuesday.,meetings
1787,Job Application,We would like to invite you for an interview for the open position. Please respond when convenient. This update is scheduled for Wednesday.,job_career
89,Business Update,Please find the latest sales figures attached for discussion. Please respond when convenient. This update is scheduled for Friday.,business
458,Quarterly Report,Please review the quarterly business report and share your feedback. Please respond when convenient. This update is scheduled for Thursday.,business
1306,Checking In,Are you free to meet for dinner this weekend? Please respond when convenient. This update is scheduled for Tuesday.,personal
2926,Meeting Request,The team meeting has been scheduled for Monday at 10 AM. Please respond when convenient. This update is scheduled for Wednesday.,meetings
3271,Hotel Reservation,The flight schedule has been updated by the airline. Please respond when convenient. This update is scheduled for Wednesday.,travel
3228,Hotel Reservation,Your flight booking has been confirmed for next Monday. Please respond when convenient. This update is scheduled for Thursday.,travel
1989,Job Application,Please find my resume attached for your consideration. Please respond when convenient. This update is scheduled for Monday.,job_career
3755,Conference Update,We are organizing a celebration and would love you to join us. Please respond when convenient. This update is scheduled for Monday.,events
3647,Upcoming Event,Please RSVP for the upcoming company event. Please respond when convenient. This update is scheduled for Monday.,events
832,Support Request,The service is not working properly. Please check the problem. Please respond when convenient. This update is scheduled for Tuesday.,customer_support
240,Quarterly Report,Please find the latest sales figures attached for discussion. Please respond when convenient. This update is scheduled for Thursday.,business
4682,Weekly Update,This week's newsletter includes important announcements. Please respond when convenient. This update is scheduled for Wednesday.,newsletter_updates
3023,Hotel Reservation,Can you help me book a hotel for my business trip? Please respond when convenient. This update is scheduled for Friday.,travel
3149,Flight Booking,Can you help me book a hotel for my business trip? Please respond when convenient. This update is scheduled for Friday.,travel
1947,Interview Invitation,I am writing to apply for the software developer position. Please respond when convenient. This update is scheduled for Tuesday.,job_career
2776,Meeting Request,I would like to arrange a meeting to discuss the project. Please respond when convenient. This update is scheduled for Wednesday.,meetings
193,Project Update,Please find the latest sales figures attached for discussion. Please respond when convenient. This update is scheduled for Tuesday.,business
4850,Weekly Update,This week's newsletter includes important announcements. Please respond when convenient. This update is scheduled for Wednesday.,newsletter_updates
4940,Latest News,Here is your regular update with the latest information. Please respond when convenient. This update is scheduled for Wednesday.,newsletter_updates
945,Service Problem,The service is not working properly. Please check the problem. Please respond when convenient. This update is scheduled for Tuesday.,customer_support
1269,Hello,Please call me when you have some free time. Please respond when convenient. This update is scheduled for Friday.,personal
4232,Limited Time Deal,Our special offer is available for a limited time. Please respond when convenient. This update is scheduled for Tuesday.,promotions
2308,Account Statement,Your invoice is due for payment by the end of this month. Please respond when convenient. This update is scheduled for Tuesday.,finance
4425,Exclusive Discount,Our special offer is available for a limited time. Please respond when convenient. This update is scheduled for Thursday.,promotions
4712,Monthly Newsletter,Read the latest news and updates from our organization. Please respond when convenient. This update is scheduled for Tuesday.,newsletter_updates
2314,Account Statement,Please find the latest invoice attached to this email. Please respond when convenient. This update is scheduled for Monday.,finance
3215,Flight Booking,Please send me the details of my upcoming trip. Please respond when convenient. This update is scheduled for Monday.,travel
2733,Meeting Reminder,I would like to arrange a meeting to discuss the project. Please respond when convenient. This update is scheduled for Friday.,meetings
1927,Job Application,We would like to invite you for an interview for the open position. Please respond when convenient. This update is scheduled for Monday.,job_career
4228,Special Offer,Get 30 percent off your next purchase this weekend. Please respond when convenient. This update is scheduled for Wednesday.,promotions
4677,Monthly Newsletter,Here is your regular update with the latest information. Please respond when convenient. This update is scheduled for Tuesday.,newsletter_updates
801,Service Problem,Could you help me resolve this issue with my account? Please respond when convenient. This update is scheduled for Thursday.,customer_support
3672,Upcoming Event,Please RSVP for the upcoming company event. Please respond when convenient. This update is scheduled for Monday.,events
4194,Special Offer,Get 30 percent off your next purchase this weekend. Please respond when convenient. This update is scheduled for Tuesday.,promotions
2969,Schedule Update,The meeting agenda is attached for your review. Please respond when convenient. This update is scheduled for Thursday.,meetings
4794,Monthly Newsletter,This week's newsletter includes important announcements. Please respond when convenient. This update is scheduled for Tuesday.,newsletter_updates
4369,Special Offer,Use this promotional code to receive a discount on your order. Please respond when convenient. This update is scheduled for Wednesday.,promotions
2777,Schedule Update,The team meeting has been scheduled for Monday at 10 AM. Please respond when convenient. This update is scheduled for Friday.,meetings
2971,Schedule Update,The meeting agenda is attached for your review. Please respond when convenient. This update is scheduled for Wednesday.,meetings
3868,Upcoming Event,Please RSVP for the upcoming company event. Please respond when convenient. This update is scheduled for Thursday.,events
1744,Interview Invitation,We would like to invite you for an interview for the open position. Please respond when convenient. This update is scheduled for Wednesday.,job_career
3949,Conference Update,You are invited to attend our annual conference next month. Please respond when convenient. This update is scheduled for Tuesday.,events
3803,Event Invitation,The event schedule has been updated. Please respond when convenient. This update is scheduled for Monday.,events
2025,Payment Update,Your invoice is due for payment by the end of this month. Please respond when convenient. This update is scheduled for Friday.,finance
2275,Invoice,Could you confirm whether my refund has been issued? Please respond when convenient. This update is scheduled for Monday.,finance
100,Quarterly Report,The client has requested an update on the project timeline. Please respond when convenient. This update is scheduled for Monday.,business
4922,Monthly Newsletter,Read the latest news and updates from our organization. Please respond when convenient. This update is scheduled for Tuesday.,newsletter_updates
3408,Hotel Reservation,I would like to change the date of my hotel reservation. Please respond when convenient. This update is scheduled for Monday.,travel
4246,Special Offer,Get 30 percent off your next purchase this weekend. Please respond when convenient. This update is scheduled for Monday.,promotions
4620,Monthly Newsletter,This week's newsletter includes important announcements. Please respond when convenient. This update is scheduled for Monday.,newsletter_updates
4917,Monthly Newsletter,This week's newsletter includes important announcements. Please respond when convenient. This update is scheduled for Tuesday.,newsletter_updates
192,Business Update,The client has requested an update on the project timeline. Please respond when convenient. This update is scheduled for Tuesday.,business
4697,Monthly Newsletter,Here is your regular update with the latest information. Please respond when convenient. This update is scheduled for Thursday.,newsletter_updates
1785,Interview Invitation,Could you provide an update regarding my job application? Please respond when convenient. This update is scheduled for Friday.,job_career
1533,Job Application,Could you provide an update regarding my job application? Please respond when convenient. This update is scheduled for Wednesday.,job_career
2835,Schedule Update,The meeting agenda is attached for your review. Please respond when convenient. This update is scheduled for Wednesday.,meetings
4445,Exclusive Discount,Enjoy exclusive discounts on selected products today. Please respond when convenient. This update is scheduled for Tuesday.,promotions
4916,Monthly Newsletter,Read the latest news and updates from our organization. Please respond when convenient. This update is scheduled for Wednesday.,newsletter_updates
1599,Career Opportunity,I am writing to apply for the software developer position. Please respond when convenient. This update is scheduled for Monday.,job_career
1780,Job Application,We would like to invite you for an interview for the open position. Please respond when convenient. This update is scheduled for Monday.,job_career
4901,Weekly Update,Here are this week's latest company updates. Please respond when convenient. This update is scheduled for Monday.,newsletter_updates
2575,Meeting Reminder,Please confirm your availability for tomorrow's meeting. Please respond when convenient. This update is scheduled for Wednesday.,meetings
3399,Travel Confirmation,The flight schedule has been updated by the airline. Please respond when convenient. This update is scheduled for Monday.,travel
3976,Upcoming Event,You are invited to attend our annual conference next month. Please respond when convenient. This update is scheduled for Tuesday.,events
3771,Upcoming Event,The event schedule has been updated. Please respond when convenient. This update is scheduled for Monday.,events
167,Project Update,We need your approval before proceeding with the business plan. Please respond when convenient. This update is scheduled for Friday.,business
1752,Job Application,I am interested in learning more about the internship opportunity. Please respond when convenient. This update is scheduled for Friday.,job_career
1480,Checking In,Are you free to meet for dinner this weekend? Please respond when convenient. This update is scheduled for Thursday.,personal
1025,Checking In,I hope you are doing well. Let me know when we can catch up. Please respond when convenient. This update is scheduled for Wednesday.,personal
1789,Career Opportunity,Could you provide an update regarding my job application? Please respond when convenient. This update is scheduled for Thursday.,job_career
2265,Invoice,I have a question regarding the payment shown on my account. Please respond when convenient. This update is scheduled for Monday.,finance
2474,Payment Update,The payment has been processed successfully. Please respond when convenient. This update is scheduled for Tuesday.,finance
1823,Career Opportunity,Please find my resume attached for your consideration. Please respond when convenient. This update is scheduled for Monday.,job_career
1221,Weekend Plans,I hope you are doing well. Let me know when we can catch up. Please respond when convenient. This update is scheduled for Monday.,personal
1667,Job Application,I am interested in learning more about the internship opportunity. Please respond when convenient. This update is scheduled for Wednesday.,job_career
2961,Schedule Update,I would like to arrange a meeting to discuss the project. Please respond when convenient. This update is scheduled for Thursday.,meetings
153,Project Update,The updated project proposal is ready for your review. Please respond when convenient. This update is scheduled for Thursday.,business
2535,Schedule Update,The team meeting has been scheduled for Monday at 10 AM. Please respond when convenient. This update is scheduled for Thursday.,meetings
4689,Weekly Update,Welcome to our monthly newsletter. Please respond when convenient. This update is scheduled for Wednesday.,newsletter_updates
1979,Interview Invitation,Could you provide an update regarding my job application? Please respond when convenient. This update is scheduled for Wednesday.,job_career
1470,Checking In,I wanted to check how you are doing. Please respond when convenient. This update is scheduled for Wednesday.,personal
2808,Schedule Update,The meeting agenda is attached for your review. Please respond when convenient. This update is scheduled for Wednesday.,meetings
2513,Meeting Reminder,I would like to arrange a meeting to discuss the project. Please respond when convenient. This update is scheduled for Tuesday.,meetings
2944,Schedule Update,The meeting agenda is attached for your review. Please respond when convenient. This update is scheduled for Tuesday.,meetings
2981,Meeting Reminder,The meeting agenda is attached for your review. Please respond when convenient. This update is scheduled for Thursday.,meetings
4823,Weekly Update,This week's newsletter includes important announcements. Please respond when convenient. This update is scheduled for Thursday.,newsletter_updates
3018,Hotel Reservation,The flight schedule has been updated by the airline. Please respond when convenient. This update is scheduled for Monday.,travel
1567,Job Application,We would like to invite you for an interview for the open position. Please respond when convenient. This update is scheduled for Friday.,job_career
32,Business Update,We need your approval before proceeding with the business plan. Please respond when convenient. This update is scheduled for Monday.,business
938,Service Problem,I am having trouble with my order and need some assistance. Please respond when convenient. This update is scheduled for Friday.,customer_support
1216,Hello,Please call me when you have some free time. Please respond when convenient. This update is scheduled for Monday.,personal
1938,Interview Invitation,Could you provide an update regarding my job application? Please respond when convenient. This update is scheduled for Wednesday.,job_career
1130,Hello,I wanted to check how you are doing. Please respond when convenient. This update is scheduled for Thursday.,personal
310,Project Update,The client has requested an update on the project timeline. Please respond when convenient. This update is scheduled for Tuesday.,business
4902,Monthly Newsletter,Read the latest news and updates from our organization. Please respond when convenient. This update is scheduled for Monday.,newsletter_updates
2169,Payment Update,I have a question regarding the payment shown on my account. Please respond when convenient. This update is scheduled for Tuesday.,finance
3114,Hotel Reservation,The flight schedule has been updated by the airline. Please respond when convenient. This update is scheduled for Tuesday.,travel
496,Business Update,We need your approval before proceeding with the business plan. Please respond when convenient. This update is scheduled for Monday.,business
206,Business Update,The updated project proposal is ready for your review. Please respond when convenient. This update is scheduled for Tuesday.,business
2674,Meeting Reminder,Can we reschedule our meeting to Thursday afternoon? Please respond when convenient. This update is scheduled for Monday.,meetings
3358,Hotel Reservation,Your flight booking has been confirmed for next Monday. Please respond when convenient. This update is scheduled for Wednesday.,travel
3831,Event Invitation,Please RSVP for the upcoming company event. Please respond when convenient. This update is scheduled for Wednesday.,events
306,Business Update,We need your approval before proceeding with the business plan. Please respond when convenient. This update is scheduled for Monday.,business
3794,Conference Update,Please find the invitation for the upcoming seminar. Please respond when convenient. This update is scheduled for Tuesday.,events
2202,Invoice,Could you confirm whether my refund has been issued? Please respond when convenient. This update is scheduled for Monday.,finance
1062,Checking In,Are you free to meet for dinner this weekend? Please respond when convenient. This update is scheduled for Tuesday.,personal
844,Service Problem,I am having trouble with my order and need some assistance. Please respond when convenient. This update is scheduled for Tuesday.,customer_support
3873,Event Invitation,You are invited to attend our annual conference next month. Please respond when convenient. This update is scheduled for Monday.,events
2252,Payment Update,The payment has been processed successfully. Please respond when convenient. This update is scheduled for Monday.,finance
212,Project Update,Please find the latest sales figures attached for discussion. Please respond when convenient. This update is scheduled for Monday.,business
3998,Conference Update,You are invited to attend our annual conference next month. Please respond when convenient. This update is scheduled for Tuesday.,events
680,Service Problem,I am having trouble with my order and need some assistance. Please respond when convenient. This update is scheduled for Friday.,customer_support
566,Order Issue,Could you help me resolve this issue with my account? Please respond when convenient. This update is scheduled for Wednesday.,customer_support
3291,Travel Confirmation,I would like to change the date of my hotel reservation. Please respond when convenient. This update is scheduled for Tuesday.,travel
4355,Exclusive Discount,Get 30 percent off your next purchase this weekend. Please respond when convenient. This update is scheduled for Tuesday.,promotions
681,Support Request,I have not received my order yet and would like an update. Please respond when convenient. This update is scheduled for Wednesday.,customer_support
181,Business Update,The client has requested an update on the project timeline. Please respond when convenient. This update is scheduled for Wednesday.,business
4280,Exclusive Discount,Our special offer is available for a limited time. Please respond when convenient. This update is scheduled for Wednesday.,promotions
2496,Payment Update,Please find the latest invoice attached to this email. Please respond when convenient. This update is scheduled for Tuesday.,finance
2317,Account Statement,Your invoice is due for payment by the end of this month. Please respond when convenient. This update is scheduled for Wednesday.,finance
4274,Exclusive Discount,Our special offer is available for a limited time. Please respond when convenient. This update is scheduled for Thursday.,promotions
279,Business Update,We need your approval before proceeding with the business plan. Please respond when convenient. This update is scheduled for Monday.,business
3684,Event Invitation,We are organizing a celebration and would love you to join us. Please respond when convenient. This update is scheduled for Monday.,events
4763,Monthly Newsletter,Here are this week's latest company updates. Please respond when convenient. This update is scheduled for Wednesday.,newsletter_updates
433,Project Update,The client has requested an update on the project timeline. Please respond when convenient. This update is scheduled for Tuesday.,business
290,Business Update,Please find the latest sales figures attached for discussion. Please respond when convenient. This update is scheduled for Thursday.,business
1028,Weekend Plans,Would you like to join us for lunch tomorrow? Please respond when convenient. This update is scheduled for Friday.,personal
536,Support Request,I have not received my order yet and would like an update. Please respond when convenient. This update is scheduled for Tuesday.,customer_support
3632,Upcoming Event,You are invited to attend our annual conference next month. Please respond when convenient. This update is scheduled for Thursday.,events
189,Project Update,Please review the quarterly business report and share your feedback. Please respond when convenient. This update is scheduled for Monday.,business
2175,Invoice,Please find the latest invoice attached to this email. Please respond when convenient. This update is scheduled for Monday.,finance
3916,Event Invitation,Please RSVP for the upcoming company event. Please respond when convenient. This update is scheduled for Tuesday.,events
1863,Interview Invitation,Please find my resume attached for your consideration. Please respond when convenient. This update is scheduled for Thursday.,job_career
271,Project Update,Please find the latest sales figures attached for discussion. Please respond when convenient. This update is scheduled for Friday.,business
1729,Job Application,Could you provide an update regarding my job application? Please respond when convenient. This update is scheduled for Thursday.,job_career
4076,Limited Time Deal,Use this promotional code to receive a discount on your order. Please respond when convenient. This update is scheduled for Tuesday.,promotions
2158,Payment Update,The payment has been processed successfully. Please respond when convenient. This update is scheduled for Monday.,finance
3932,Event Invitation,You are invited to attend our annual conference next month. Please respond when convenient. This update is scheduled for Friday.,events
112,Project Update,We need your approval before proceeding with the business plan. Please respond when convenient. This update is scheduled for Tuesday.,business
2385,Account Statement,Please find the latest invoice attached to this email. Please respond when convenient. This update is scheduled for Thursday.,finance
221,Business Update,The client has requested an update on the project timeline. Please respond when convenient. This update is scheduled for Monday.,business
628,Service Problem,Could you help me resolve this issue with my account? Please respond when convenient. This update is scheduled for Monday.,customer_support
1182,Hello,Please call me when you have some free time. Please respond when convenient. This update is scheduled for Monday.,personal
3382,Travel Confirmation,The flight schedule has been updated by the airline. Please respond when convenient. This update is scheduled for Friday.,travel
2423,Account Statement,Your invoice is due for payment by the end of this month. Please respond when convenient. This update is scheduled for Friday.,finance
791,Order Issue,My product arrived damaged. Please help me with a replacement. Please respond when convenient. This update is scheduled for Friday.,customer_support
4276,Exclusive Discount,Shop now and receive free delivery on qualifying purchases. Please respond when convenient. This update is scheduled for Friday.,promotions
462,Quarterly Report,Please find the latest sales figures attached for discussion. Please respond when convenient. This update is scheduled for Thursday.,business
4403,Limited Time Deal,Shop now and receive free delivery on qualifying purchases. Please respond when convenient. This update is scheduled for Friday.,promotions
552,Service Problem,The service is not working properly. Please check the problem. Please respond when convenient. This update is scheduled for Friday.,customer_support
3130,Travel Confirmation,Can you help me book a hotel for my business trip? Please respond when convenient. This update is scheduled for Thursday.,travel
1445,Checking In,I hope you are doing well. Let me know when we can catch up. Please respond when convenient. This update is scheduled for Friday.,personal
199,Quarterly Report,The updated project proposal is ready for your review. Please respond when convenient. This update is scheduled for Wednesday.,business
2590,Meeting Reminder,The meeting agenda is attached for your review. Please respond when convenient. This update is scheduled for Wednesday.,meetings
403,Business Update,Please find the latest sales figures attached for discussion. Please respond when convenient. This update is scheduled for Wednesday.,business
3960,Conference Update,Please find the invitation for the upcoming seminar. Please respond when convenient. This update is scheduled for Tuesday.,events
4190,Exclusive Discount,Enjoy exclusive discounts on selected products today. Please respond when convenient. This update is scheduled for Wednesday.,promotions
4764,Latest News,Here is your regular update with the latest information. Please respond when convenient. This update is scheduled for Tuesday.,newsletter_updates
2096,Payment Update,Your invoice is due for payment by the end of this month. Please respond when convenient. This update is scheduled for Monday.,finance
2901,Meeting Reminder,Can we reschedule our meeting to Thursday afternoon? Please respond when convenient. This update is scheduled for Monday.,meetings
4463,Exclusive Discount,Our special offer is available for a limited time. Please respond when convenient. This update is scheduled for Thursday.,promotions
651,Service Problem,The service is not working properly. Please check the problem. Please respond when convenient. This update is scheduled for Tuesday.,customer_support
709,Service Problem,The service is not working properly. Please check the problem. Please respond when convenient. This update is scheduled for Wednesday.,customer_support
1481,Weekend Plans,I hope you are doing well. Let me know when we can catch up. Please respond when convenient. This update is scheduled for Monday.,personal
4415,Exclusive Discount,Shop now and receive free delivery on qualifying purchases. Please respond when convenient. This update is scheduled for Monday.,promotions
3066,Flight Booking,Can you help me book a hotel for my business trip? Please respond when convenient. This update is scheduled for Friday.,travel
2396,Payment Update,Please find the latest invoice attached to this email. Please respond when convenient. This update is scheduled for Wednesday.,finance
1770,Interview Invitation,Please find my resume attached for your consideration. Please respond when convenient. This update is scheduled for Friday.,job_career
315,Project Update,The client has requested an update on the project timeline. Please respond when convenient. This update is scheduled for Wednesday.,business
3762,Upcoming Event,Please RSVP for the upcoming company event. Please respond when convenient. This update is scheduled for Monday.,events
4910,Monthly Newsletter,Here is your regular update with the latest information. Please respond when convenient. This update is scheduled for Friday.,newsletter_updates
114,Project Update,We need your approval before proceeding with the business plan. Please respond when convenient. This update is scheduled for Thursday.,business
961,Order Issue,My product arrived damaged. Please help me with a replacement. Please respond when convenient. This update is scheduled for Friday.,customer_support
2911,Schedule Update,I would like to arrange a meeting to discuss the project. Please respond when convenient. This update is scheduled for Wednesday.,meetings
3406,Travel Confirmation,I would like to change the date of my hotel reservation. Please respond when convenient. This update is scheduled for Thursday.,travel
1624,Job Application,I am interested in learning more about the internship opportunity. Please respond when convenient. This update is scheduled for Monday.,job_career
3323,Flight Booking,Please send me the details of my upcoming trip. Please respond when convenient. This update is scheduled for Monday.,travel
5000,Latest News,Read the latest news and updates from our organization. Please respond when convenient. This update is scheduled for Wednesday.,newsletter_updates
1819,Career Opportunity,Could you provide an update regarding my job application? Please respond when convenient. This update is scheduled for Wednesday.,job_career
3195,Flight Booking,Please send me the details of my upcoming trip. Please respond when convenient. This update is scheduled for Monday.,travel
3008,Flight Booking,Can you help me book a hotel for my business trip? Please respond when convenient. This update is scheduled for Tuesday.,travel
3415,Flight Booking,Can you help me book a hotel for my business trip? Please respond when convenient. This update is scheduled for Tuesday.,travel
4529,Weekly Update,Welcome to our monthly newsletter. Please respond when convenient. This update is scheduled for Thursday.,newsletter_updates
1898,Career Opportunity,We would like to invite you for an interview for the open position. Please respond when convenient. This update is scheduled for Tuesday.,job_career
1919,Job Application,I am interested in learning more about the internship opportunity. Please respond when convenient. This update is scheduled for Wednesday.,job_career
1271,Checking In,I hope you are doing well. Let me know when we can catch up. Please respond when convenient. This update is scheduled for Friday.,personal
4177,Special Offer,Enjoy exclusive discounts on selected products today. Please respond when convenient. This update is scheduled for Friday.,promotions
4963,Latest News,Welcome to our monthly newsletter. Please respond when convenient. This update is scheduled for Tuesday.,newsletter_updates
4884,Weekly Update,Here are this week's latest company updates. Please respond when convenient. This update is scheduled for Thursday.,newsletter_updates
4095,Special Offer,Shop now and receive free delivery on qualifying purchases. Please respond when convenient. This update is scheduled for Monday.,promotions
3160,Travel Confirmation,Please send me the details of my upcoming trip. Please respond when convenient. This update is scheduled for Friday.,travel
1814,Interview Invitation,Could you provide an update regarding my job application? Please respond when convenient. This update is scheduled for Tuesday.,job_career
2427,Account Statement,The payment has been processed successfully. Please respond when convenient. This update is scheduled for Monday.,finance
3951,Upcoming Event,You are invited to attend our annual conference next month. Please respond when convenient. This update is scheduled for Tuesday.,events
4429,Limited Time Deal,Our special offer is available for a limited time. Please respond when convenient. This update is scheduled for Wednesday.,promotions
2143,Account Statement,Could you confirm whether my refund has been issued? Please respond when convenient. This update is scheduled for Friday.,finance
1627,Interview Invitation,I am writing to apply for the software developer position. Please respond when convenient. This update is scheduled for Wednesday.,job_career
790,Support Request,I have not received my order yet and would like an update. Please respond when convenient. This update is scheduled for Thursday.,customer_support
3787,Event Invitation,You are invited to attend our annual conference next month. Please respond when convenient. This update is scheduled for Monday.,events
1865,Job Application,I am writing to apply for the software developer position. Please respond when convenient. This update is scheduled for Thursday.,job_career
2866,Meeting Reminder,The meeting agenda is attached for your review. Please respond when convenient. This update is scheduled for Monday.,meetings
872,Support Request,I am having trouble with my order and need some assistance. Please respond when convenient. This update is scheduled for Friday.,customer_support
3272,Flight Booking,The flight schedule has been updated by the airline. Please respond when convenient. This update is scheduled for Tuesday.,travel
3834,Conference Update,We are organizing a celebration and would love you to join us. Please respond when convenient. This update is scheduled for Friday.,events
74,Business Update,Please review the quarterly business report and share your feedback. Please respond when convenient. This update is scheduled for Tuesday.,business
1753,Career Opportunity,I am writing to apply for the software developer position. Please respond when convenient. This update is scheduled for Thursday.,job_career
1422,Hello,Please call me when you have some free time. Please respond when convenient. This update is scheduled for Tuesday.,personal
4222,Exclusive Discount,Shop now and receive free delivery on qualifying purchases. Please respond when convenient. This update is scheduled for Thursday.,promotions
4694,Monthly Newsletter,Here are this week's latest company updates. Please respond when convenient. This update is scheduled for Tuesday.,newsletter_updates
4370,Special Offer,Our special offer is available for a limited time. Please respond when convenient. This update is scheduled for Monday.,promotions
4576,Monthly Newsletter,This week's newsletter includes important announcements. Please respond when convenient. This update is scheduled for Tuesday.,newsletter_updates
3810,Event Invitation,You are invited to attend our annual conference next month. Please respond when convenient. This update is scheduled for Thursday.,events
2245,Invoice,The payment has been processed successfully. Please respond when convenient. This update is scheduled for Friday.,finance
3048,Travel Confirmation,I would like to change the date of my hotel reservation. Please respond when convenient. This update is scheduled for Thursday.,travel
2446,Account Statement,Could you confirm whether my refund has been issued? Please respond when convenient. This update is scheduled for Tuesday.,finance
495,Project Update,We need your approval before proceeding with the business plan. Please respond when convenient. This update is scheduled for Wednesday.,business
3131,Flight Booking,Can you help me book a hotel for my business trip? Please respond when convenient. This update is scheduled for Friday.,travel
4322,Special Offer,Our special offer is available for a limited time. Please respond when convenient. This update is scheduled for Friday.,promotions
4398,Limited Time Deal,Get 30 percent off your next purchase this weekend. Please respond when convenient. This update is scheduled for Tuesday.,promotions
1165,Checking In,Would you like to join us for lunch tomorrow? Please respond when convenient. This update is scheduled for Thursday.,personal
3735,Event Invitation,We are organizing a celebration and would love you to join us. Please respond when convenient. This update is scheduled for Wednesday.,events
1731,Job Application,Could you provide an update regarding my job application? Please respond when convenient. This update is scheduled for Monday.,job_career
4813,Weekly Update,Read the latest news and updates from our organization. Please respond when convenient. This update is scheduled for Friday.,newsletter_updates
2403,Invoice,I have a question regarding the payment shown on my account. Please respond when convenient. This update is scheduled for Wednesday.,finance
3404,Flight Booking,The flight schedule has been updated by the airline. Please respond when convenient. This update is scheduled for Thursday.,travel
619,Service Problem,The service is not working properly. Please check the problem. Please respond when convenient. This update is scheduled for Monday.,customer_support
1698,Interview Invitation,Please find my resume attached for your consideration. Please respond when convenient. This update is scheduled for Tuesday.,job_career
3594,Event Invitation,The event schedule has been updated. Please respond when convenient. This update is scheduled for Thursday.,events
1958,Job Application,We would like to invite you for an interview for the open position. Please respond when convenient. This update is scheduled for Monday.,job_career
1222,Checking In,Would you like to join us for lunch tomorrow? Please respond when convenient. This update is scheduled for Monday.,personal
2074,Account Statement,Your invoice is due for payment by the end of this month. Please respond when convenient. This update is scheduled for Tuesday.,finance
3411,Travel Confirmation,The flight schedule has been updated by the airline. Please respond when convenient. This update is scheduled for Tuesday.,travel
870,Support Request,Could you help me resolve this issue with my account? Please respond when convenient. This update is scheduled for Friday.,customer_support
2719,Meeting Request,I would like to arrange a meeting to discuss the project. Please respond when convenient. This update is scheduled for Thursday.,meetings
1043,Hello,I wanted to check how you are doing. Please respond when convenient. This update is scheduled for Friday.,personal
1362,Checking In,I wanted to check how you are doing. Please respond when convenient. This update is scheduled for Friday.,personal
357,Project Update,We need your approval before proceeding with the business plan. Please respond when convenient. This update is scheduled for Monday.,business
1163,Hello,I wanted to check how you are doing. Please respond when convenient. This update is scheduled for Monday.,personal
2766,Meeting Request,The team meeting has been scheduled for Monday at 10 AM. Please respond when convenient. This update is scheduled for Tuesday.,meetings
3253,Hotel Reservation,Please send me the details of my upcoming trip. Please respond when convenient. This update is scheduled for Wednesday.,travel
1439,Weekend Plans,Please call me when you have some free time. Please respond when convenient. This update is scheduled for Wednesday.,personal
3604,Conference Update,The event schedule has been updated. Please respond when convenient. This update is scheduled for Thursday.,events
4941,Monthly Newsletter,This week's newsletter includes important announcements. Please respond when convenient. This update is scheduled for Thursday.,newsletter_updates
4594,Latest News,Read the latest news and updates from our organization. Please respond when convenient. This update is scheduled for Thursday.,newsletter_updates
3640,Event Invitation,You are invited to attend our annual conference next month. Please respond when convenient. This update is scheduled for Friday.,events
1254,Hello,I hope you are doing well. Let me know when we can catch up. Please respond when convenient. This update is scheduled for Thursday.,personal
3366,Flight Booking,Can you help me book a hotel for my business trip? Please respond when convenient. This update is scheduled for Monday.,travel
333,Business Update,Please find the latest sales figures attached for discussion. Please respond when convenient. This update is scheduled for Friday.,business
3695,Conference Update,Please find the invitation for the upcoming seminar. Please respond when convenient. This update is scheduled for Tuesday.,events
3569,Conference Update,You are invited to attend our annual conference next month. Please respond when convenient. This update is scheduled for Monday.,events
2729,Meeting Request,The team meeting has been scheduled for Monday at 10 AM. Please respond when convenient. This update is scheduled for Friday.,meetings
3668,Conference Update,Please find the invitation for the upcoming seminar. Please respond when convenient. This update is scheduled for Wednesday.,events
1631,Interview Invitation,I am interested in learning more about the internship opportunity. Please respond when convenient. This update is scheduled for Thursday.,job_career
1117,Hello,Would you like to join us for lunch tomorrow? Please respond when convenient. This update is scheduled for Friday.,personal
1850,Career Opportunity,Please find my resume attached for your consideration. Please respond when convenient. This update is scheduled for Thursday.,job_career
3555,Upcoming Event,We are organizing a celebration and would love you to join us. Please respond when convenient. This update is scheduled for Monday.,events
3154,Flight Booking,I would like to change the date of my hotel reservation. Please respond when convenient. This update is scheduled for Monday.,travel
3266,Travel Confirmation,The flight schedule has been updated by the airline. Please respond when convenient. This update is scheduled for Wednesday.,travel
1666,Job Application,We would like to invite you for an interview for the open position. Please respond when convenient. This update is scheduled for Tuesday.,job_career
446,Business Update,The client has requested an update on the project timeline. Please respond when convenient. This update is scheduled for Tuesday.,business
2246,Payment Update,Please find the latest invoice attached to this email. Please respond when convenient. This update is scheduled for Tuesday.,finance
453,Business Update,We need your approval before proceeding with the business plan. Please respond when convenient. This update is scheduled for Monday.,business
1552,Career Opportunity,Please find my resume attached for your consideration. Please respond when convenient. This update is scheduled for Wednesday.,job_career
4435,Special Offer,Get 30 percent off your next purchase this weekend. Please respond when convenient. This update is scheduled for Monday.,promotions
2955,Meeting Request,I would like to arrange a meeting to discuss the project. Please respond when convenient. This update is scheduled for Wednesday.,meetings
15,Project Update,Please review the quarterly business report and share your feedback. Please respond when convenient. This update is scheduled for Wednesday.,business
3629,Upcoming Event,The event schedule has been updated. Please respond when convenient. This update is scheduled for Wednesday.,events
946,Service Problem,My product arrived damaged. Please help me with a replacement. Please respond when convenient. This update is scheduled for Wednesday.,customer_support
248,Project Update,Please find the latest sales figures attached for discussion. Please respond when convenient. This update is scheduled for Monday.,business
4698,Weekly Update,Here is your regular update with the latest information. Please respond when convenient. This update is scheduled for Thursday.,newsletter_updates
361,Quarterly Report,We need your approval before proceeding with the business plan. Please respond when convenient. This update is scheduled for Friday.,business
4657,Monthly Newsletter,This week's newsletter includes important announcements. Please respond when convenient. This update is scheduled for Monday.,newsletter_updates
1615,Job Application,I am interested in learning more about the internship opportunity. Please respond when convenient. This update is scheduled for Wednesday.,job_career
2304,Account Statement,Could you confirm whether my refund has been issued? Please respond when convenient. This update is scheduled for Monday.,finance
4142,Special Offer,Enjoy exclusive discounts on selected products today. Please respond when convenient. This update is scheduled for Wednesday.,promotions
3169,Travel Confirmation,Please send me the details of my upcoming trip. Please respond when convenient. This update is scheduled for Monday.,travel
2479,Payment Update,I have a question regarding the payment shown on my account. Please respond when convenient. This update is scheduled for Tuesday.,finance
4215,Exclusive Discount,Shop now and receive free delivery on qualifying purchases. Please respond when convenient. This update is scheduled for Thursday.,promotions
4181,Limited Time Deal,Shop now and receive free delivery on qualifying purchases. Please respond when convenient. This update is scheduled for Thursday.,promotions
4885,Latest News,Read the latest news and updates from our organization. Please respond when convenient. This update is scheduled for Monday.,newsletter_updates
3164,Travel Confirmation,Please send me the details of my upcoming trip. Please respond when convenient. This update is scheduled for Tuesday.,travel
491,Quarterly Report,The updated project proposal is ready for your review. Please respond when convenient. This update is scheduled for Thursday.,business
863,Support Request,My product arrived damaged. Please help me with a replacement. Please respond when convenient. This update is scheduled for Tuesday.,customer_support
1741,Career Opportunity,We would like to invite you for an interview for the open position. Please respond when convenient. This update is scheduled for Thursday.,job_career
4100,Special Offer,Our special offer is available for a limited time. Please respond when convenient. This update is scheduled for Thursday.,promotions
4386,Exclusive Discount,Use this promotional code to receive a discount on your order. Please respond when convenient. This update is scheduled for Friday.,promotions
2448,Invoice,Your invoice is due for payment by the end of this month. Please respond when convenient. This update is scheduled for Tuesday.,finance
4231,Special Offer,Enjoy exclusive discounts on selected products today. Please respond when convenient. This update is scheduled for Thursday.,promotions
507,Service Problem,Could you help me resolve this issue with my account? Please respond when convenient. This update is scheduled for Thursday.,customer_support
2678,Meeting Reminder,The team meeting has been scheduled for Monday at 10 AM. Please respond when convenient. This update is scheduled for Monday.,meetings
2996,Meeting Request,I would like to arrange a meeting to discuss the project. Please respond when convenient. This update is scheduled for Monday.,meetings
1943,Job Application,Could you provide an update regarding my job application? Please respond when convenient. This update is scheduled for Tuesday.,job_career
1223,Checking In,I wanted to check how you are doing. Please respond when convenient. This update is scheduled for Tuesday.,personal
1114,Checking In,I hope you are doing well. Let me know when we can catch up. Please respond when convenient. This update is scheduled for Tuesday.,personal
1906,Career Opportunity,I am interested in learning more about the internship opportunity. Please respond when convenient. This update is scheduled for Thursday.,job_career
3424,Travel Confirmation,I would like to change the date of my hotel reservation. Please respond when convenient. This update is scheduled for Monday.,travel
1878,Interview Invitation,I am interested in learning more about the internship opportunity. Please respond when convenient. This update is scheduled for Wednesday.,job_career
4673,Weekly Update,This week's newsletter includes important announcements. Please respond when convenient. This update is scheduled for Tuesday.,newsletter_updates
434,Quarterly Report,Please review the quarterly business report and share your feedback. Please respond when convenient. This update is scheduled for Thursday.,business
2365,Account Statement,Please find the latest invoice attached to this email. Please respond when convenient. This update is scheduled for Monday.,finance
3155,Hotel Reservation,Can you help me book a hotel for my business trip? Please respond when convenient. This update is scheduled for Friday.,travel
2836,Meeting Request,The meeting agenda is attached for your review. Please respond when convenient. This update is scheduled for Monday.,meetings
2093,Payment Update,Could you confirm whether my refund has been issued? Please respond when convenient. This update is scheduled for Friday.,finance
3011,Travel Confirmation,Can you help me book a hotel for my business trip? Please respond when convenient. This update is scheduled for Thursday.,travel
3163,Hotel Reservation,Your flight booking has been confirmed for next Monday. Please respond when convenient. This update is scheduled for Thursday.,travel
2946,Meeting Request,I would like to arrange a meeting to discuss the project. Please respond when convenient. This update is scheduled for Monday.,meetings
3917,Event Invitation,You are invited to attend our annual conference next month. Please respond when convenient. This update is scheduled for Tuesday.,events
2917,Meeting Request,Please confirm your availability for tomorrow's meeting. Please respond when convenient. This update is scheduled for Monday.,meetings
1103,Hello,I wanted to check how you are doing. Please respond when convenient. This update is scheduled for Tuesday.,personal
1449,Weekend Plans,I wanted to check how you are doing. Please respond when convenient. This update is scheduled for Wednesday.,personal
1721,Job Application,I am writing to apply for the software developer position. Please respond when convenient. This update is scheduled for Friday.,job_career
4519,Latest News,Welcome to our monthly newsletter. Please respond when convenient. This update is scheduled for Thursday.,newsletter_updates
3843,Upcoming Event,The event schedule has been updated. Please respond when convenient. This update is scheduled for Wednesday.,events
157,Business Update,Please review the quarterly business report and share your feedback. Please respond when convenient. This update is scheduled for Wednesday.,business
2979,Meeting Reminder,I would like to arrange a meeting to discuss the project. Please respond when convenient. This update is scheduled for Tuesday.,meetings
1774,Interview Invitation,Could you provide an update regarding my job application? Please respond when convenient. This update is scheduled for Tuesday.,job_career
616,Service Problem,My product arrived damaged. Please help me with a replacement. Please respond when convenient. This update is scheduled for Thursday.,customer_support
644,Support Request,I have not received my order yet and would like an update. Please respond when convenient. This update is scheduled for Wednesday.,customer_support
1936,Job Application,I am writing to apply for the software developer position. Please respond when convenient. This update is scheduled for Tuesday.,job_career
4278,Limited Time Deal,Enjoy exclusive discounts on selected products today. Please respond when convenient. This update is scheduled for Monday.,promotions
1069,Weekend Plans,Would you like to join us for lunch tomorrow? Please respond when convenient. This update is scheduled for Tuesday.,personal
4455,Special Offer,Use this promotional code to receive a discount on your order. Please respond when convenient. This update is scheduled for Monday.,promotions
4155,Limited Time Deal,Get 30 percent off your next purchase this weekend. Please respond when convenient. This update is scheduled for Wednesday.,promotions
4240,Limited Time Deal,Use this promotional code to receive a discount on your order. Please respond when convenient. This update is scheduled for Thursday.,promotions
4869,Monthly Newsletter,Welcome to our monthly newsletter. Please respond when convenient. This update is scheduled for Wednesday.,newsletter_updates
331,Quarterly Report,We need your approval before proceeding with the business plan. Please respond when convenient. This update is scheduled for Thursday.,business
2058,Invoice,I have a question regarding the payment shown on my account. Please respond when convenient. This update is scheduled for Tuesday.,finance
2647,Schedule Update,Please confirm your availability for tomorrow's meeting. Please respond when convenient. This update is scheduled for Friday.,meetings
2192,Account Statement,I have a question regarding the payment shown on my account. Please respond when convenient. This update is scheduled for Thursday.,finance
623,Order Issue,My product arrived damaged. Please help me with a replacement. Please respond when convenient. This update is scheduled for Friday.,customer_support
1596,Career Opportunity,I am interested in learning more about the internship opportunity. Please respond when convenient. This update is scheduled for Wednesday.,job_career
2916,Meeting Reminder,The team meeting has been scheduled for Monday at 10 AM. Please respond when convenient. This update is scheduled for Wednesday.,meetings
4822,Latest News,Here is your regular update with the latest information. Please respond when convenient. This update is scheduled for Friday.,newsletter_updates
3899,Conference Update,The event schedule has been updated. Please respond when convenient. This update is scheduled for Wednesday.,events
1920,Interview Invitation,Could you provide an update regarding my job application? Please respond when convenient. This update is scheduled for Friday.,job_career
4174,Exclusive Discount,Get 30 percent off your next purchase this weekend. Please respond when convenient. This update is scheduled for Wednesday.,promotions
4478,Limited Time Deal,Enjoy exclusive discounts on selected products today. Please respond when convenient. This update is scheduled for Friday.,promotions
756,Service Problem,Could you help me resolve this issue with my account? Please respond when convenient. This update is scheduled for Friday.,customer_support
519,Service Problem,Could you help me resolve this issue with my account? Please respond when convenient. This update is scheduled for Friday.,customer_support
3804,Conference Update,Please find the invitation for the upcoming seminar. Please respond when convenient. This update is scheduled for Friday.,events
33,Project Update,Please review the quarterly business report and share your feedback. Please respond when convenient. This update is scheduled for Wednesday.,business
2938,Meeting Request,The meeting agenda is attached for your review. Please respond when convenient. This update is scheduled for Thursday.,meetings
1158,Checking In,Please call me when you have some free time. Please respond when convenient. This update is scheduled for Tuesday.,personal
745,Support Request,The service is not working properly. Please check the problem. Please respond when convenient. This update is scheduled for Friday.,customer_support
1498,Hello,I hope you are doing well. Let me know when we can catch up. Please respond when convenient. This update is scheduled for Tuesday.,personal
3460,Travel Confirmation,The flight schedule has been updated by the airline. Please respond when convenient. This update is scheduled for Wednesday.,travel
3756,Conference Update,The event schedule has been updated. Please respond when convenient. This update is scheduled for Friday.,events
2592,Meeting Request,Please confirm your availability for tomorrow's meeting. Please respond when convenient. This update is scheduled for Wednesday.,meetings
784,Service Problem,Could you help me resolve this issue with my account? Please respond when convenient. This update is scheduled for Wednesday.,customer_support
3494,Flight Booking,Please send me the details of my upcoming trip. Please respond when convenient. This update is scheduled for Thursday.,travel
2950,Meeting Request,I would like to arrange a meeting to discuss the project. Please respond when convenient. This update is scheduled for Thursday.,meetings
230,Business Update,Please review the quarterly business report and share your feedback. Please respond when convenient. This update is scheduled for Monday.,business
858,Order Issue,Could you help me resolve this issue with my account? Please respond when convenient. This update is scheduled for Thursday.,customer_support
2267,Payment Update,The payment has been processed successfully. Please respond when convenient. This update is scheduled for Monday.,finance
4275,Limited Time Deal,Our special offer is available for a limited time. Please respond when convenient. This update is scheduled for Friday.,promotions
409,Project Update,The updated project proposal is ready for your review. Please respond when convenient. This update is scheduled for Monday.,business
171,Project Update,The updated project proposal is ready for your review. Please respond when convenient. This update is scheduled for Tuesday.,business
541,Service Problem,The service is not working properly. Please check the problem. Please respond when convenient. This update is scheduled for Thursday.,customer_support
2211,Invoice,Your invoice is due for payment by the end of this month. Please respond when convenient. This update is scheduled for Monday.,finance
2305,Invoice,Could you confirm whether my refund has been issued? Please respond when convenient. This update is scheduled for Thursday.,finance
2568,Meeting Request,I would like to arrange a meeting to discuss the project. Please respond when convenient. This update is scheduled for Wednesday.,meetings
614,Support Request,I am having trouble with my order and need some assistance. Please respond when convenient. This update is scheduled for Wednesday.,customer_support
2102,Account Statement,Please find the latest invoice attached to this email. Please respond when convenient. This update is scheduled for Monday.,finance
1809,Career Opportunity,I am interested in learning more about the internship opportunity. Please respond when convenient. This update is scheduled for Monday.,job_career
3439,Flight Booking,Please send me the details of my upcoming trip. Please respond when convenient. This update is scheduled for Friday.,travel
1162,Checking In,Are you free to meet for dinner this weekend? Please respond when convenient. This update is scheduled for Monday.,personal
4226,Limited Time Deal,Get 30 percent off your next purchase this weekend. Please respond when convenient. This update is scheduled for Friday.,promotions
3120,Hotel Reservation,Your flight booking has been confirmed for next Monday. Please respond when convenient. This update is scheduled for Tuesday.,travel
3653,Upcoming Event,We are organizing a celebration and would love you to join us. Please respond when convenient. This update is scheduled for Wednesday.,events
1611,Job Application,Could you provide an update regarding my job application? Please respond when convenient. This update is scheduled for Tuesday.,job_career
1933,Job Application,I am writing to apply for the software developer position. Please respond when convenient. This update is scheduled for Tuesday.,job_career
3028,Hotel Reservation,Your flight booking has been confirmed for next Monday. Please respond when convenient. This update is scheduled for Tuesday.,travel
565,Service Problem,I am having trouble with my order and need some assistance. Please respond when convenient. This update is scheduled for Friday.,customer_support
3572,Upcoming Event,We are organizing a celebration and would love you to join us. Please respond when convenient. This update is scheduled for Thursday.,events
4248,Special Offer,Shop now and receive free delivery on qualifying purchases. Please respond when convenient. This update is scheduled for Friday.,promotions
2389,Payment Update,I have a question regarding the payment shown on my account. Please respond when convenient. This update is scheduled for Friday.,finance
1472,Hello,I hope you are doing well. Let me know when we can catch up. Please respond when convenient. This update is scheduled for Monday.,personal
2631,Meeting Request,The team meeting has been scheduled for Monday at 10 AM. Please respond when convenient. This update is scheduled for Tuesday.,meetings
1836,Interview Invitation,Could you provide an update regarding my job application? Please respond when convenient. This update is scheduled for Friday.,job_career
4929,Weekly Update,This week's newsletter includes important announcements. Please respond when convenient. This update is scheduled for Tuesday.,newsletter_updates
3476,Hotel Reservation,Can you help me book a hotel for my business trip? Please respond when convenient. This update is scheduled for Thursday.,travel
1534,Job Application,Please find my resume attached for your consideration. Please respond when convenient. This update is scheduled for Wednesday.,job_career
4328,Exclusive Discount,Shop now and receive free delivery on qualifying purchases. Please respond when convenient. This update is scheduled for Monday.,promotions
2485,Payment Update,The payment has been processed successfully. Please respond when convenient. This update is scheduled for Thursday.,finance
4208,Special Offer,Get 30 percent off your next purchase this weekend. Please respond when convenient. This update is scheduled for Monday.,promotions
1173,Hello,I hope you are doing well. Let me know when we can catch up. Please respond when convenient. This update is scheduled for Tuesday.,personal
1428,Weekend Plans,I hope you are doing well. Let me know when we can catch up. Please respond when convenient. This update is scheduled for Monday.,personal
326,Business Update,Please find the latest sales figures attached for discussion. Please respond when convenient. This update is scheduled for Wednesday.,business
1052,Weekend Plans,Please call me when you have some free time. Please respond when convenient. This update is scheduled for Monday.,personal
3320,Flight Booking,Please send me the details of my upcoming trip. Please respond when convenient. This update is scheduled for Thursday.,travel
4722,Monthly Newsletter,Here is your regular update with the latest information. Please respond when convenient. This update is scheduled for Tuesday.,newsletter_updates
3865,Event Invitation,Please find the invitation for the upcoming seminar. Please respond when convenient. This update is scheduled for Monday.,events
2604,Schedule Update,The team meeting has been scheduled for Monday at 10 AM. Please respond when convenient. This update is scheduled for Monday.,meetings
1739,Career Opportunity,We would like to invite you for an interview for the open position. Please respond when convenient. This update is scheduled for Thursday.,job_career
1197,Hello,Please call me when you have some free time. Please respond when convenient. This update is scheduled for Wednesday.,personal
621,Order Issue,My product arrived damaged. Please help me with a replacement. Please respond when convenient. This update is scheduled for Wednesday.,customer_support
1375,Hello,I hope you are doing well. Let me know when we can catch up. Please respond when convenient. This update is scheduled for Monday.,personal
2880,Meeting Reminder,I would like to arrange a meeting to discuss the project. Please respond when convenient. This update is scheduled for Wednesday.,meetings
1190,Weekend Plans,Are you free to meet for dinner this weekend? Please respond when convenient. This update is scheduled for Tuesday.,personal
329,Project Update,We need your approval before proceeding with the business plan. Please respond when convenient. This update is scheduled for Thursday.,business
649,Service Problem,I have not received my order yet and would like an update. Please respond when convenient. This update is scheduled for Monday.,customer_support
898,Service Problem,I am having trouble with my order and need some assistance. Please respond when convenient. This update is scheduled for Friday.,customer_support
3883,Conference Update,You are invited to attend our annual conference next month. Please respond when convenient. This update is scheduled for Friday.,events
1124,Weekend Plans,Please call me when you have some free time. Please respond when convenient. This update is scheduled for Monday.,personal
1892,Job Application,Could you provide an update regarding my job application? Please respond when convenient. This update is scheduled for Monday.,job_career
4644,Weekly Update,This week's newsletter includes important announcements. Please respond when convenient. This update is scheduled for Tuesday.,newsletter_updates
4792,Weekly Update,Read the latest news and updates from our organization. Please respond when convenient. This update is scheduled for Tuesday.,newsletter_updates
4530,Weekly Update,Here are this week's latest company updates. Please respond when convenient. This update is scheduled for Tuesday.,newsletter_updates
4235,Limited Time Deal,Shop now and receive free delivery on qualifying purchases. Please respond when convenient. This update is scheduled for Friday.,promotions
1594,Career Opportunity,I am interested in learning more about the internship opportunity. Please respond when convenient. This update is scheduled for Tuesday.,job_career
3313,Travel Confirmation,Please send me the details of my upcoming trip. Please respond when convenient. This update is scheduled for Friday.,travel
2548,Schedule Update,The meeting agenda is attached for your review. Please respond when convenient. This update is scheduled for Friday.,meetings
1546,Interview Invitation,We would like to invite you for an interview for the open position. Please respond when convenient. This update is scheduled for Thursday.,job_career
4337,Special Offer,Our special offer is available for a limited time. Please respond when convenient. This update is scheduled for Monday.,promotions
1024,Weekend Plans,Would you like to join us for lunch tomorrow? Please respond when convenient. This update is scheduled for Monday.,personal
1972,Career Opportunity,Could you provide an update regarding my job application? Please respond when convenient. This update is scheduled for Thursday.,job_career
4989,Weekly Update,Here are this week's latest company updates. Please respond when convenient. This update is scheduled for Wednesday.,newsletter_updates
1715,Interview Invitation,I am interested in learning more about the internship opportunity. Please respond when convenient. This update is scheduled for Tuesday.,job_career
1718,Career Opportunity,Could you provide an update regarding my job application? Please respond when convenient. This update is scheduled for Tuesday.,job_career
1478,Hello,Are you free to meet for dinner this weekend? Please respond when convenient. This update is scheduled for Friday.,personal
810,Order Issue,I am having trouble with my order and need some assistance. Please respond when convenient. This update is scheduled for Wednesday.,customer_support
2851,Meeting Request,The meeting agenda is attached for your review. Please respond when convenient. This update is scheduled for Tuesday.,meetings
979,Support Request,I have not received my order yet and would like an update. Please respond when convenient. This update is scheduled for Wednesday.,customer_support
4688,Weekly Update,Here is your regular update with the latest information. Please respond when convenient. This update is scheduled for Thursday.,newsletter_updates
4896,Latest News,Welcome to our monthly newsletter. Please respond when convenient. This update is scheduled for Tuesday.,newsletter_updates
1685,Interview Invitation,Please find my resume attached for your consideration. Please respond when convenient. This update is scheduled for Thursday.,job_career
4661,Latest News,Read the latest news and updates from our organization. Please respond when convenient. This update is scheduled for Thursday.,newsletter_updates
1515,Job Application,I am writing to apply for the software developer position. Please respond when convenient. This update is scheduled for Tuesday.,job_career
2405,Invoice,The payment has been processed successfully. Please respond when convenient. This update is scheduled for Wednesday.,finance
2022,Invoice,Please find the latest invoice attached to this email. Please respond when convenient. This update is scheduled for Wednesday.,finance
4554,Latest News,Here is your regular update with the latest information. Please respond when convenient. This update is scheduled for Monday.,newsletter_updates
1768,Job Application,Please find my resume attached for your consideration. Please respond when convenient. This update is scheduled for Monday.,job_career
175,Project Update,We need your approval before proceeding with the business plan. Please respond when convenient. This update is scheduled for Tuesday.,business
1555,Job Application,We would like to invite you for an interview for the open position. Please respond when convenient. This update is scheduled for Thursday.,job_career
4216,Limited Time Deal,Enjoy exclusive discounts on selected products today. Please respond when convenient. This update is scheduled for Monday.,promotions
1483,Weekend Plans,I wanted to check how you are doing. Please respond when convenient. This update is scheduled for Tuesday.,personal
4462,Limited Time Deal,Our special offer is available for a limited time. Please respond when convenient. This update is scheduled for Tuesday.,promotions
218,Project Update,Please find the latest sales figures attached for discussion. Please respond when convenient. This update is scheduled for Tuesday.,business
3915,Conference Update,Please RSVP for the upcoming company event. Please respond when convenient. This update is scheduled for Friday.,events
3721,Event Invitation,Please find the invitation for the upcoming seminar. Please respond when convenient. This update is scheduled for Tuesday.,events
691,Order Issue,I am having trouble with my order and need some assistance. Please respond when convenient. This update is scheduled for Tuesday.,customer_support
2578,Meeting Request,Can we reschedule our meeting to Thursday afternoon? Please respond when convenient. This update is scheduled for Friday.,meetings
2234,Payment Update,Could you confirm whether my refund has been issued? Please respond when convenient. This update is scheduled for Thursday.,finance
2239,Account Statement,Please find the latest invoice attached to this email. Please respond when convenient. This update is scheduled for Tuesday.,finance
1107,Checking In,I hope you are doing well. Let me know when we can catch up. Please respond when convenient. This update is scheduled for Thursday.,personal
1790,Career Opportunity,I am interested in learning more about the internship opportunity. Please respond when convenient. This update is scheduled for Wednesday.,job_career
3189,Travel Confirmation,The flight schedule has been updated by the airline. Please respond when convenient. This update is scheduled for Wednesday.,travel
2437,Payment Update,The payment has been processed successfully. Please respond when convenient. This update is scheduled for Tuesday.,finance
612,Service Problem,My product arrived damaged. Please help me with a replacement. Please respond when convenient. This update is scheduled for Friday.,customer_support
3661,Upcoming Event,Please RSVP for the upcoming company event. Please respond when convenient. This update is scheduled for Monday.,events
3712,Upcoming Event,You are invited to attend our annual conference next month. Please respond when convenient. This update is scheduled for Thursday.,events
577,Support Request,Could you help me resolve this issue with my account? Please respond when convenient. This update is scheduled for Tuesday.,customer_support
2064,Payment Update,Please find the latest invoice attached to this email. Please respond when convenient. This update is scheduled for Friday.,finance
4436,Limited Time Deal,Use this promotional code to receive a discount on your order. Please respond when convenient. This update is scheduled for Tuesday.,promotions
1181,Weekend Plans,Please call me when you have some free time. Please respond when convenient. This update is scheduled for Tuesday.,personal
889,Support Request,I have not received my order yet and would like an update. Please respond when convenient. This update is scheduled for Thursday.,customer_support
3129,Travel Confirmation,Please send me the details of my upcoming trip. Please respond when convenient. This update is scheduled for Tuesday.,travel
1733,Job Application,I am interested in learning more about the internship opportunity. Please respond when convenient. This update is scheduled for Tuesday.,job_career
2664,Schedule Update,Please confirm your availability for tomorrow's meeting. Please respond when convenient. This update is scheduled for Wednesday.,meetings
818,Service Problem,My product arrived damaged. Please help me with a replacement. Please respond when convenient. This update is scheduled for Tuesday.,customer_support
3278,Travel Confirmation,Your flight booking has been confirmed for next Monday. Please respond when convenient. This update is scheduled for Monday.,travel
1860,Interview Invitation,I am writing to apply for the software developer position. Please respond when convenient. This update is scheduled for Tuesday.,job_career
209,Project Update,Please review the quarterly business report and share your feedback. Please respond when convenient. This update is scheduled for Tuesday.,business
294,Quarterly Report,The client has requested an update on the project timeline. Please respond when convenient. This update is scheduled for Thursday.,business
1120,Hello,I hope you are doing well. Let me know when we can catch up. Please respond when convenient. This update is scheduled for Monday.,personal
2214,Account Statement,Please find the latest invoice attached to this email. Please respond when convenient. This update is scheduled for Wednesday.,finance
1610,Interview Invitation,Please find my resume attached for your consideration. Please respond when convenient. This update is scheduled for Monday.,job_career
1265,Weekend Plans,Please call me when you have some free time. Please respond when convenient. This update is scheduled for Thursday.,personal
991,Order Issue,I have not received my order yet and would like an update. Please respond when convenient. This update is scheduled for Wednesday.,customer_support
4198,Limited Time Deal,Shop now and receive free delivery on qualifying purchases. Please respond when convenient. This update is scheduled for Friday.,promotions
1617,Job Application,We would like to invite you for an interview for the open position. Please respond when convenient. This update is scheduled for Friday.,job_career
354,Quarterly Report,The updated project proposal is ready for your review. Please respond when convenient. This update is scheduled for Friday.,business
4558,Latest News,This week's newsletter includes important announcements. Please respond when convenient. This update is scheduled for Tuesday.,newsletter_updates
2023,Payment Update,The payment has been processed successfully. Please respond when convenient. This update is scheduled for Thursday.,finance
3691,Event Invitation,You are invited to attend our annual conference next month. Please respond when convenient. This update is scheduled for Monday.,events
2556,Meeting Request,The meeting agenda is attached for your review. Please respond when convenient. This update is scheduled for Friday.,meetings
3049,Hotel Reservation,The flight schedule has been updated by the airline. Please respond when convenient. This update is scheduled for Monday.,travel
1229,Checking In,I wanted to check how you are doing. Please respond when convenient. This update is scheduled for Thursday.,personal
260,Project Update,We need your approval before proceeding with the business plan. Please respond when convenient. This update is scheduled for Wednesday.,business
1520,Interview Invitation,We would like to invite you for an interview for the open position. Please respond when convenient. This update is scheduled for Thursday.,job_career
1778,Career Opportunity,We would like to invite you for an interview for the open position. Please respond when convenient. This update is scheduled for Monday.,job_career
4740,Weekly Update,Read the latest news and updates from our organization. Please respond when convenient. This update is scheduled for Friday.,newsletter_updates
1771,Career Opportunity,I am interested in learning more about the internship opportunity. Please respond when convenient. This update is scheduled for Wednesday.,job_career
4354,Exclusive Discount,Shop now and receive free delivery on qualifying purchases. Please respond when convenient. This update is scheduled for Thursday.,promotions
53,Business Update,The updated project proposal is ready for your review. Please respond when convenient. This update is scheduled for Friday.,business
3474,Hotel Reservation,The flight schedule has been updated by the airline. Please respond when convenient. This update is scheduled for Tuesday.,travel
4684,Latest News,Here are this week's latest company updates. Please respond when convenient. This update is scheduled for Wednesday.,newsletter_updates
4412,Exclusive Discount,Use this promotional code to receive a discount on your order. Please respond when convenient. This update is scheduled for Monday.,promotions
2410,Payment Update,I have a question regarding the payment shown on my account. Please respond when convenient. This update is scheduled for Thursday.,finance
2788,Meeting Request,I would like to arrange a meeting to discuss the project. Please respond when convenient. This update is scheduled for Friday.,meetings
2345,Invoice,Could you confirm whether my refund has been issued? Please respond when convenient. This update is scheduled for Wednesday.,finance
1034,Weekend Plans,Are you free to meet for dinner this weekend? Please respond when convenient. This update is scheduled for Monday.,personal
1098,Hello,Would you like to join us for lunch tomorrow? Please respond when convenient. This update is scheduled for Friday.,personal
544,Order Issue,I am having trouble with my order and need some assistance. Please respond when convenient. This update is scheduled for Thursday.,customer_support
1047,Weekend Plans,I wanted to check how you are doing. Please respond when convenient. This update is scheduled for Tuesday.,personal
1895,Job Application,I am interested in learning more about the internship opportunity. Please respond when convenient. This update is scheduled for Monday.,job_career
4377,Special Offer,Use this promotional code to receive a discount on your order. Please respond when convenient. This update is scheduled for Thursday.,promotions
31,Quarterly Report,The client has requested an update on the project timeline. Please respond when convenient. This update is scheduled for Tuesday.,business
726,Support Request,Could you help me resolve this issue with my account? Please respond when convenient. This update is scheduled for Tuesday.,customer_support
4962,Latest News,Welcome to our monthly newsletter. Please respond when convenient. This update is scheduled for Monday.,newsletter_updates
4719,Latest News,Read the latest news and updates from our organization. Please respond when convenient. This update is scheduled for Thursday.,newsletter_updates
3904,Upcoming Event,Please find the invitation for the upcoming seminar. Please respond when convenient. This update is scheduled for Thursday.,events
1427,Checking In,Please call me when you have some free time. Please respond when convenient. This update is scheduled for Thursday.,personal
2498,Payment Update,I have a question regarding the payment shown on my account. Please respond when convenient. This update is scheduled for Thursday.,finance
437,Project Update,Please find the latest sales figures attached for discussion. Please respond when convenient. This update is scheduled for Tuesday.,business
2471,Account Statement,The payment has been processed successfully. Please respond when convenient. This update is scheduled for Thursday.,finance
913,Support Request,Could you help me resolve this issue with my account? Please respond when convenient. This update is scheduled for Wednesday.,customer_support
4223,Exclusive Discount,Use this promotional code to receive a discount on your order. Please respond when convenient. This update is scheduled for Monday.,promotions
4353,Limited Time Deal,Shop now and receive free delivery on qualifying purchases. Please respond when convenient. This update is scheduled for Tuesday.,promotions
4513,Monthly Newsletter,Welcome to our monthly newsletter. Please respond when convenient. This update is scheduled for Friday.,newsletter_updates
4444,Exclusive Discount,Enjoy exclusive discounts on selected products today. Please respond when convenient. This update is scheduled for Wednesday.,promotions
2288,Account Statement,Your invoice is due for payment by the end of this month. Please respond when convenient. This update is scheduled for Thursday.,finance
4598,Latest News,Welcome to our monthly newsletter. Please respond when convenient. This update is scheduled for Friday.,newsletter_updates
1239,Hello,Please call me when you have some free time. Please respond when convenient. This update is scheduled for Wednesday.,personal
904,Support Request,I have not received my order yet and would like an update. Please respond when convenient. This update is scheduled for Monday.,customer_support
3621,Event Invitation,We are organizing a celebration and would love you to join us. Please respond when convenient. This update is scheduled for Thursday.,events
3232,Flight Booking,The flight schedule has been updated by the airline. Please respond when convenient. This update is scheduled for Monday.,travel
2860,Meeting Request,Can we reschedule our meeting to Thursday afternoon? Please respond when convenient. This update is scheduled for Monday.,meetings
508,Order Issue,Could you help me resolve this issue with my account? Please respond when convenient. This update is scheduled for Thursday.,customer_support
3222,Hotel Reservation,The flight schedule has been updated by the airline. Please respond when convenient. This update is scheduled for Monday.,travel
184,Project Update,Please review the quarterly business report and share your feedback. Please respond when convenient. This update is scheduled for Tuesday.,business
1565,Interview Invitation,I am writing to apply for the software developer position. Please respond when convenient. This update is scheduled for Friday.,job_career
2705,Meeting Reminder,The meeting agenda is attached for your review. Please respond when convenient. This update is scheduled for Tuesday.,meetings
322,Business Update,Please review the quarterly business report and share your feedback. Please respond when convenient. This update is scheduled for Monday.,business
3564,Conference Update,The event schedule has been updated. Please respond when convenient. This update is scheduled for Monday.,events
1539,Interview Invitation,Could you provide an update regarding my job application? Please respond when convenient. This update is scheduled for Thursday.,job_career
1838,Job Application,Please find my resume attached for your consideration. Please respond when convenient. This update is scheduled for Thursday.,job_career
2381,Invoice,I have a question regarding the payment shown on my account. Please respond when convenient. This update is scheduled for Friday.,finance
1913,Job Application,I am writing to apply for the software developer position. Please respond when convenient. This update is scheduled for Friday.,job_career
1841,Career Opportunity,I am interested in learning more about the internship opportunity. Please respond when convenient. This update is scheduled for Monday.,job_career
2116,Payment Update,I have a question regarding the payment shown on my account. Please respond when convenient. This update is scheduled for Friday.,finance
4438,Limited Time Deal,Shop now and receive free delivery on qualifying purchases. Please respond when convenient. This update is scheduled for Tuesday.,promotions
1147,Hello,Please call me when you have some free time. Please respond when convenient. This update is scheduled for Tuesday.,personal
2487,Payment Update,Please find the latest invoice attached to this email. Please respond when convenient. This update is scheduled for Wednesday.,finance
45,Business Update,Please find the latest sales figures attached for discussion. Please respond when convenient. This update is scheduled for Friday.,business
2155,Payment Update,Could you confirm whether my refund has been issued? Please respond when convenient. This update is scheduled for Monday.,finance
1527,Interview Invitation,I am interested in learning more about the internship opportunity. Please respond when convenient. This update is scheduled for Monday.,job_career
4856,Monthly Newsletter,Read the latest news and updates from our organization. Please respond when convenient. This update is scheduled for Friday.,newsletter_updates
1379,Hello,Please call me when you have some free time. Please respond when convenient. This update is scheduled for Tuesday.,personal
1766,Career Opportunity,I am writing to apply for the software developer position. Please respond when convenient. This update is scheduled for Thursday.,job_career
3013,Hotel Reservation,I would like to change the date of my hotel reservation. Please respond when convenient. This update is scheduled for Tuesday.,travel
414,Quarterly Report,Please find the latest sales figures attached for discussion. Please respond when convenient. This update is scheduled for Wednesday.,business
4285,Exclusive Discount,Enjoy exclusive discounts on selected products today. Please respond when convenient. This update is scheduled for Friday.,promotions
1408,Hello,Are you free to meet for dinner this weekend? Please respond when convenient. This update is scheduled for Thursday.,personal
1659,Career Opportunity,Please find my resume attached for your consideration. Please respond when convenient. This update is scheduled for Monday.,job_career
802,Order Issue,My product arrived damaged. Please help me with a replacement. Please respond when convenient. This update is scheduled for Wednesday.,customer_support
1289,Weekend Plans,Are you free to meet for dinner this weekend? Please respond when convenient. This update is scheduled for Tuesday.,personal
2183,Payment Update,Could you confirm whether my refund has been issued? Please respond when convenient. This update is scheduled for Tuesday.,finance
2589,Meeting Reminder,The meeting agenda is attached for your review. Please respond when convenient. This update is scheduled for Thursday.,meetings
2616,Schedule Update,Can we reschedule our meeting to Thursday afternoon? Please respond when convenient. This update is scheduled for Thursday.,meetings
2319,Payment Update,Could you confirm whether my refund has been issued? Please respond when convenient. This update is scheduled for Wednesday.,finance
257,Business Update,Please find the latest sales figures attached for discussion. Please respond when convenient. This update is scheduled for Wednesday.,business
4542,Weekly Update,Welcome to our monthly newsletter. Please respond when convenient. This update is scheduled for Friday.,newsletter_updates
1730,Career Opportunity,I am interested in learning more about the internship opportunity. Please respond when convenient. This update is scheduled for Tuesday.,job_career
1152,Weekend Plans,Would you like to join us for lunch tomorrow? Please respond when convenient. This update is scheduled for Friday.,personal
4145,Limited Time Deal,Enjoy exclusive discounts on selected products today. Please respond when convenient. This update is scheduled for Tuesday.,promotions
648,Service Problem,Could you help me resolve this issue with my account? Please respond when convenient. This update is scheduled for Wednesday.,customer_support
2909,Meeting Request,The team meeting has been scheduled for Monday at 10 AM. Please respond when convenient. This update is scheduled for Tuesday.,meetings
1703,Job Application,Could you provide an update regarding my job application? Please respond when convenient. This update is scheduled for Tuesday.,job_career
1882,Job Application,I am writing to apply for the software developer position. Please respond when convenient. This update is scheduled for Monday.,job_career
3769,Conference Update,We are organizing a celebration and would love you to join us. Please respond when convenient. This update is scheduled for Monday.,events
1316,Weekend Plans,Are you free to meet for dinner this weekend? Please respond when convenient. This update is scheduled for Thursday.,personal
2270,Invoice,Your invoice is due for payment by the end of this month. Please respond when convenient. This update is scheduled for Monday.,finance
1967,Career Opportunity,Please find my resume attached for your consideration. Please respond when convenient. This update is scheduled for Friday.,job_career
2466,Payment Update,Your invoice is due for payment by the end of this month. Please respond when convenient. This update is scheduled for Tuesday.,finance
3856,Event Invitation,You are invited to attend our annual conference next month. Please respond when convenient. This update is scheduled for Tuesday.,events
1351,Weekend Plans,Are you free to meet for dinner this weekend? Please respond when convenient. This update is scheduled for Thursday.,personal
3297,Travel Confirmation,Please send me the details of my upcoming trip. Please respond when convenient. This update is scheduled for Tuesday.,travel
113,Quarterly Report,Please find the latest sales figures attached for discussion. Please respond when convenient. This update is scheduled for Tuesday.,business
3134,Flight Booking,The flight schedule has been updated by the airline. Please respond when convenient. This update is scheduled for Tuesday.,travel
264,Quarterly Report,Please find the latest sales figures attached for discussion. Please respond when convenient. This update is scheduled for Thursday.,business
1394,Hello,Are you free to meet for dinner this weekend? Please respond when convenient. This update is scheduled for Tuesday.,personal
1879,Career Opportunity,We would like to invite you for an interview for the open position. Please respond when convenient. This update is scheduled for Tuesday.,job_career
1187,Weekend Plans,Are you free to meet for dinner this weekend? Please respond when convenient. This update is scheduled for Thursday.,personal
3072,Hotel Reservation,Please send me the details of my upcoming trip. Please respond when convenient. This update is scheduled for Friday.,travel
57,Project Update,Please review the quarterly business report and share your feedback. Please respond when convenient. This update is scheduled for Friday.,business
1310,Checking In,I wanted to check how you are doing. Please respond when convenient. This update is scheduled for Monday.,personal
696,Service Problem,I am having trouble with my order and need some assistance. Please respond when convenient. This update is scheduled for Monday.,customer_support
2953,Meeting Request,The team meeting has been scheduled for Monday at 10 AM. Please respond when convenient. This update is scheduled for Friday.,meetings
1727,Interview Invitation,We would like to invite you for an interview for the open position. Please respond when convenient. This update is scheduled for Thursday.,job_career
2092,Invoice,Your invoice is due for payment by the end of this month. Please respond when convenient. This update is scheduled for Wednesday.,finance
3870,Event Invitation,We are organizing a celebration and would love you to join us. Please respond when convenient. This update is scheduled for Thursday.,events
320,Quarterly Report,Please review the quarterly business report and share your feedback. Please respond when convenient. This update is scheduled for Thursday.,business
4321,Exclusive Discount,Shop now and receive free delivery on qualifying purchases. Please respond when convenient. This update is scheduled for Monday.,promotions
683,Support Request,My product arrived damaged. Please help me with a replacement. Please respond when convenient. This update is scheduled for Monday.,customer_support
3842,Upcoming Event,Please find the invitation for the upcoming seminar. Please respond when convenient. This update is scheduled for Monday.,events
3214,Flight Booking,The flight schedule has been updated by the airline. Please respond when convenient. This update is scheduled for Friday.,travel
2003,Account Statement,Could you confirm whether my refund has been issued? Please respond when convenient. This update is scheduled for Monday.,finance
4783,Weekly Update,Here are this week's latest company updates. Please respond when convenient. This update is scheduled for Friday.,newsletter_updates
4151,Exclusive Discount,Shop now and receive free delivery on qualifying purchases. Please respond when convenient. This update is scheduled for Monday.,promotions
287,Project Update,Please find the latest sales figures attached for discussion. Please respond when convenient. This update is scheduled for Thursday.,business
1889,Job Application,We would like to invite you for an interview for the open position. Please respond when convenient. This update is scheduled for Monday.,job_career
2338,Invoice,Your invoice is due for payment by the end of this month. Please respond when convenient. This update is scheduled for Friday.,finance
2521,Meeting Request,The team meeting has been scheduled for Monday at 10 AM. Please respond when convenient. This update is scheduled for Monday.,meetings
2278,Invoice,Please find the latest invoice attached to this email. Please respond when convenient. This update is scheduled for Thursday.,finance
2128,Payment Update,Your invoice is due for payment by the end of this month. Please respond when convenient. This update is scheduled for Wednesday.,finance
3500,Hotel Reservation,The flight schedule has been updated by the airline. Please respond when convenient. This update is scheduled for Wednesday.,travel
4212,Exclusive Discount,Enjoy exclusive discounts on selected products today. Please respond when convenient. This update is scheduled for Monday.,promotions
2084,Payment Update,Please find the latest invoice attached to this email. Please respond when convenient. This update is scheduled for Tuesday.,finance
737,Order Issue,I am having trouble with my order and need some assistance. Please respond when convenient. This update is scheduled for Monday.,customer_support
4802,Latest News,This week's newsletter includes important announcements. Please respond when convenient. This update is scheduled for Tuesday.,newsletter_updates
337,Project Update,The client has requested an update on the project timeline. Please respond when convenient. This update is scheduled for Thursday.,business
2597,Meeting Reminder,Can we reschedule our meeting to Thursday afternoon? Please respond when convenient. This update is scheduled for Friday.,meetings
2772,Meeting Reminder,Please confirm your availability for tomorrow's meeting. Please respond when convenient. This update is scheduled for Wednesday.,meetings
3705,Conference Update,Please find the invitation for the upcoming seminar. Please respond when convenient. This update is scheduled for Tuesday.,events
4405,Exclusive Discount,Shop now and receive free delivery on qualifying purchases. Please respond when convenient. This update is scheduled for Monday.,promotions
1072,Hello,I hope you are doing well. Let me know when we can catch up. Please respond when convenient. This update is scheduled for Friday.,personal
2291,Account Statement,The payment has been processed successfully. Please respond when convenient. This update is scheduled for Thursday.,finance
1673,Interview Invitation,I am interested in learning more about the internship opportunity. Please respond when convenient. This update is scheduled for Thursday.,job_career
4084,Special Offer,Get 30 percent off your next purchase this weekend. Please respond when convenient. This update is scheduled for Friday.,promotions
4251,Exclusive Discount,Use this promotional code to receive a discount on your order. Please respond when convenient. This update is scheduled for Wednesday.,promotions
4114,Special Offer,Shop now and receive free delivery on qualifying purchases. Please respond when convenient. This update is scheduled for Tuesday.,promotions
4409,Special Offer,Enjoy exclusive discounts on selected products today. Please respond when convenient. This update is scheduled for Monday.,promotions
3367,Hotel Reservation,Your flight booking has been confirmed for next Monday. Please respond when convenient. This update is scheduled for Wednesday.,travel
1489,Hello,Please call me when you have some free time. Please respond when convenient. This update is scheduled for Monday.,personal
499,Quarterly Report,Please review the quarterly business report and share your feedback. Please respond when convenient. This update is scheduled for Monday.,business
4383,Exclusive Discount,Shop now and receive free delivery on qualifying purchases. Please respond when convenient. This update is scheduled for Monday.,promotions
3480,Hotel Reservation,The flight schedule has been updated by the airline. Please respond when convenient. This update is scheduled for Thursday.,travel
2582,Meeting Request,I would like to arrange a meeting to discuss the project. Please respond when convenient. This update is scheduled for Tuesday.,meetings
3124,Hotel Reservation,I would like to change the date of my hotel reservation. Please respond when convenient. This update is scheduled for Friday.,travel
2922,Schedule Update,Please confirm your availability for tomorrow's meeting. Please respond when convenient. This update is scheduled for Friday.,meetings
4378,Special Offer,Shop now and receive free delivery on qualifying purchases. Please respond when convenient. This update is scheduled for Friday.,promotions
2645,Schedule Update,Please confirm your availability for tomorrow's meeting. Please respond when convenient. This update is scheduled for Thursday.,meetings
4287,Exclusive Discount,Enjoy exclusive discounts on selected products today. Please respond when convenient. This update is scheduled for Tuesday.,promotions
4041,Limited Time Deal,Shop now and receive free delivery on qualifying purchases. Please respond when convenient. This update is scheduled for Monday.,promotions
2035,Invoice,Your invoice is due for payment by the end of this month. Please respond when convenient. This update is scheduled for Friday.,finance
1023,Weekend Plans,Please call me when you have some free time. Please respond when convenient. This update is scheduled for Tuesday.,personal
2283,Payment Update,The payment has been processed successfully. Please respond when convenient. This update is scheduled for Monday.,finance
4887,Monthly Newsletter,Read the latest news and updates from our organization. Please respond when convenient. This update is scheduled for Wednesday.,newsletter_updates
4220,Special Offer,Our special offer is available for a limited time. Please respond when convenient. This update is scheduled for Thursday.,promotions
3064,Hotel Reservation,Can you help me book a hotel for my business trip? Please respond when convenient. This update is scheduled for Wednesday.,travel
4366,Exclusive Discount,Get 30 percent off your next purchase this weekend. Please respond when convenient. This update is scheduled for Monday.,promotions
666,Order Issue,My product arrived damaged. Please help me with a replacement. Please respond when convenient. This update is scheduled for Thursday.,customer_support
3933,Event Invitation,Please find the invitation for the upcoming seminar. Please respond when convenient. This update is scheduled for Tuesday.,events
2639,Meeting Request,The meeting agenda is attached for your review. Please respond when convenient. This update is scheduled for Monday.,meetings
3177,Flight Booking,I would like to change the date of my hotel reservation. Please respond when convenient. This update is scheduled for Wednesday.,travel
4266,Limited Time Deal,Enjoy exclusive discounts on selected products today. Please respond when convenient. This update is scheduled for Wednesday.,promotions
3122,Hotel Reservation,Please send me the details of my upcoming trip. Please respond when convenient. This update is scheduled for Friday.,travel
1018,Checking In,I hope you are doing well. Let me know when we can catch up. Please respond when convenient. This update is scheduled for Friday.,personal
558,Support Request,My product arrived damaged. Please help me with a replacement. Please respond when convenient. This update is scheduled for Monday.,customer_support
2400,Payment Update,Your invoice is due for payment by the end of this month. Please respond when convenient. This update is scheduled for Monday.,finance
1208,Hello,I wanted to check how you are doing. Please respond when convenient. This update is scheduled for Friday.,personal
2006,Account Statement,Your invoice is due for payment by the end of this month. Please respond when convenient. This update is scheduled for Tuesday.,finance
2657,Meeting Reminder,The team meeting has been scheduled for Monday at 10 AM. Please respond when convenient. This update is scheduled for Tuesday.,meetings
2136,Payment Update,I have a question regarding the payment shown on my account. Please respond when convenient. This update is scheduled for Tuesday.,finance
1511,Interview Invitation,We would like to invite you for an interview for the open position. Please respond when convenient. This update is scheduled for Monday.,job_career
1737,Career Opportunity,Could you provide an update regarding my job application? Please respond when convenient. This update is scheduled for Friday.,job_career
246,Quarterly Report,We need your approval before proceeding with the business plan. Please respond when convenient. This update is scheduled for Monday.,business
1164,Checking In,I hope you are doing well. Let me know when we can catch up. Please respond when convenient. This update is scheduled for Friday.,personal
3363,Travel Confirmation,I would like to change the date of my hotel reservation. Please respond when convenient. This update is scheduled for Tuesday.,travel
267,Business Update,Please review the quarterly business report and share your feedback. Please respond when convenient. This update is scheduled for Wednesday.,business
2367,Account Statement,Could you confirm whether my refund has been issued? Please respond when convenient. This update is scheduled for Tuesday.,finance
1115,Checking In,I wanted to check how you are doing. Please respond when convenient. This update is scheduled for Thursday.,personal
64,Business Update,Please find the latest sales figures attached for discussion. Please respond when convenient. This update is scheduled for Friday.,business
2593,Schedule Update,Please confirm your availability for tomorrow's meeting. Please respond when convenient. This update is scheduled for Friday.,meetings
2789,Schedule Update,I would like to arrange a meeting to discuss the project. Please respond when convenient. This update is scheduled for Monday.,meetings
2758,Meeting Reminder,Please confirm your availability for tomorrow's meeting. Please respond when convenient. This update is scheduled for Tuesday.,meetings
3012,Flight Booking,The flight schedule has been updated by the airline. Please respond when convenient. This update is scheduled for Thursday.,travel
3077,Hotel Reservation,Can you help me book a hotel for my business trip? Please respond when convenient. This update is scheduled for Tuesday.,travel
2999,Schedule Update,Please confirm your availability for tomorrow's meeting. Please respond when convenient. This update is scheduled for Thursday.,meetings
2816,Meeting Request,The meeting agenda is attached for your review. Please respond when convenient. This update is scheduled for Tuesday.,meetings
2260,Account Statement,Your invoice is due for payment by the end of this month. Please respond when convenient. This update is scheduled for Friday.,finance
4959,Latest News,This week's newsletter includes important announcements. Please respond when convenient. This update is scheduled for Tuesday.,newsletter_updates
3205,Travel Confirmation,Can you help me book a hotel for my business trip? Please respond when convenient. This update is scheduled for Wednesday.,travel
1238,Weekend Plans,Would you like to join us for lunch tomorrow? Please respond when convenient. This update is scheduled for Monday.,personal
104,Business Update,The client has requested an update on the project timeline. Please respond when convenient. This update is scheduled for Monday.,business
2644,Meeting Request,Can we reschedule our meeting to Thursday afternoon? Please respond when convenient. This update is scheduled for Monday.,meetings
273,Business Update,We need your approval before proceeding with the business plan. Please respond when convenient. This update is scheduled for Wednesday.,business
509,Support Request,My product arrived damaged. Please help me with a replacement. Please respond when convenient. This update is scheduled for Friday.,customer_support
2227,Invoice,Your invoice is due for payment by the end of this month. Please respond when convenient. This update is scheduled for Friday.,finance
4934,Weekly Update,This week's newsletter includes important announcements. Please respond when convenient. This update is scheduled for Friday.,newsletter_updates
2442,Payment Update,The payment has been processed successfully. Please respond when convenient. This update is scheduled for Monday.,finance
866,Support Request,Could you help me resolve this issue with my account? Please respond when convenient. This update is scheduled for Tuesday.,customer_support
3327,Travel Confirmation,Your flight booking has been confirmed for next Monday. Please respond when convenient. This update is scheduled for Monday.,travel
909,Order Issue,I have not received my order yet and would like an update. Please respond when convenient. This update is scheduled for Thursday.,customer_support
2115,Invoice,Could you confirm whether my refund has been issued? Please respond when convenient. This update is scheduled for Tuesday.,finance
3897,Event Invitation,We are organizing a celebration and would love you to join us. Please respond when convenient. This update is scheduled for Tuesday.,events
1628,Interview Invitation,I am writing to apply for the software developer position. Please respond when convenient. This update is scheduled for Thursday.,job_career
2874,Meeting Reminder,I would like to arrange a meeting to discuss the project. Please respond when convenient. This update is scheduled for Thursday.,meetings
1523,Career Opportunity,Please find my resume attached for your consideration. Please respond when convenient. This update is scheduled for Monday.,job_career
836,Support Request,The service is not working properly. Please check the problem. Please respond when convenient. This update is scheduled for Tuesday.,customer_support
359,Project Update,Please find the latest sales figures attached for discussion. Please respond when convenient. This update is scheduled for Tuesday.,business
139,Quarterly Report,We need your approval before proceeding with the business plan. Please respond when convenient. This update is scheduled for Friday.,business
300,Quarterly Report,Please review the quarterly business report and share your feedback. Please respond when convenient. This update is scheduled for Tuesday.,business
1557,Job Application,I am interested in learning more about the internship opportunity. Please respond when convenient. This update is scheduled for Tuesday.,job_career
1004,Checking In,I wanted to check how you are doing. Please respond when convenient. This update is scheduled for Thursday.,personal
383,Project Update,We need your approval before proceeding with the business plan. Please respond when convenient. This update is scheduled for Wednesday.,business
942,Order Issue,The service is not working properly. Please check the problem. Please respond when convenient. This update is scheduled for Wednesday.,customer_support
4447,Special Offer,Shop now and receive free delivery on qualifying purchases. Please respond when convenient. This update is scheduled for Friday.,promotions
4855,Weekly Update,Welcome to our monthly newsletter. Please respond when convenient. This update is scheduled for Wednesday.,newsletter_updates
762,Service Problem,The service is not working properly. Please check the problem. Please respond when convenient. This update is scheduled for Wednesday.,customer_support
1706,Interview Invitation,I am writing to apply for the software developer position. Please respond when convenient. This update is scheduled for Tuesday.,job_career
1874,Job Application,I am interested in learning more about the internship opportunity. Please respond when convenient. This update is scheduled for Friday.,job_career
2551,Meeting Reminder,The meeting agenda is attached for your review. Please respond when convenient. This update is scheduled for Wednesday.,meetings
2087,Payment Update,The payment has been processed successfully. Please respond when convenient. This update is scheduled for Monday.,finance
2198,Invoice,Your invoice is due for payment by the end of this month. Please respond when convenient. This update is scheduled for Wednesday.,finance
899,Order Issue,My product arrived damaged. Please help me with a replacement. Please respond when convenient. This update is scheduled for Monday.,customer_support
4000,Upcoming Event,The event schedule has been updated. Please respond when convenient. This update is scheduled for Thursday.,events
3616,Event Invitation,Please RSVP for the upcoming company event. Please respond when convenient. This update is scheduled for Tuesday.,events
1403,Hello,Are you free to meet for dinner this weekend? Please respond when convenient. This update is scheduled for Wednesday.,personal
3874,Event Invitation,Please find the invitation for the upcoming seminar. Please respond when convenient. This update is scheduled for Wednesday.,events
3786,Event Invitation,We are organizing a celebration and would love you to join us. Please respond when convenient. This update is scheduled for Monday.,events
4387,Special Offer,Get 30 percent off your next purchase this weekend. Please respond when convenient. This update is scheduled for Wednesday.,promotions
2956,Meeting Reminder,Please confirm your availability for tomorrow's meeting. Please respond when convenient. This update is scheduled for Friday.,meetings
1513,Interview Invitation,Could you provide an update regarding my job application? Please respond when convenient. This update is scheduled for Thursday.,job_career
1189,Weekend Plans,Please call me when you have some free time. Please respond when convenient. This update is scheduled for Monday.,personal
2990,Meeting Reminder,I would like to arrange a meeting to discuss the project. Please respond when convenient. This update is scheduled for Wednesday.,meetings
2081,Account Statement,Could you confirm whether my refund has been issued? Please respond when convenient. This update is scheduled for Thursday.,finance
4984,Monthly Newsletter,This week's newsletter includes important announcements. Please respond when convenient. This update is scheduled for Thursday.,newsletter_updates
3438,Flight Booking,Your flight booking has been confirmed for next Monday. Please respond when convenient. This update is scheduled for Tuesday.,travel
109,Quarterly Report,Please review the quarterly business report and share your feedback. Please respond when convenient. This update is scheduled for Thursday.,business
4699,Monthly Newsletter,Here are this week's latest company updates. Please respond when convenient. This update is scheduled for Wednesday.,newsletter_updates
2828,Meeting Request,The team meeting has been scheduled for Monday at 10 AM. Please respond when convenient. This update is scheduled for Tuesday.,meetings
4748,Monthly Newsletter,Read the latest news and updates from our organization. Please respond when convenient. This update is scheduled for Thursday.,newsletter_updates
59,Business Update,We need your approval before proceeding with the business plan. Please respond when convenient. This update is scheduled for Wednesday.,business
77,Quarterly Report,Please find the latest sales figures attached for discussion. Please respond when convenient. This update is scheduled for Tuesday.,business
797,Service Problem,Could you help me resolve this issue with my account? Please respond when convenient. This update is scheduled for Wednesday.,customer_support
369,Project Update,We need your approval before proceeding with the business plan. Please respond when convenient. This update is scheduled for Monday.,business
4906,Latest News,Here are this week's latest company updates. Please respond when convenient. This update is scheduled for Tuesday.,newsletter_updates
786,Order Issue,The service is not working properly. Please check the problem. Please respond when convenient. This update is scheduled for Friday.,customer_support
2089,Payment Update,Please find the latest invoice attached to this email. Please respond when convenient. This update is scheduled for Monday.,finance
2315,Account Statement,Your invoice is due for payment by the end of this month. Please respond when convenient. This update is scheduled for Friday.,finance
3385,Hotel Reservation,Please send me the details of my upcoming trip. Please respond when convenient. This update is scheduled for Thursday.,travel
3606,Conference Update,The event schedule has been updated. Please respond when convenient. This update is scheduled for Wednesday.,events
4112,Special Offer,Our special offer is available for a limited time. Please respond when convenient. This update is scheduled for Friday.,promotions
1903,Interview Invitation,Could you provide an update regarding my job application? Please respond when convenient. This update is scheduled for Friday.,job_career
1704,Career Opportunity,I am interested in learning more about the internship opportunity. Please respond when convenient. This update is scheduled for Friday.,job_career
122,Quarterly Report,We need your approval before proceeding with the business plan. Please respond when convenient. This update is scheduled for Friday.,business
1845,Career Opportunity,I am writing to apply for the software developer position. Please respond when convenient. This update is scheduled for Monday.,job_career
2370,Payment Update,I have a question regarding the payment shown on my account. Please respond when convenient. This update is scheduled for Friday.,finance
3729,Upcoming Event,Please RSVP for the upcoming company event. Please respond when convenient. This update is scheduled for Monday.,events
911,Service Problem,I have not received my order yet and would like an update. Please respond when convenient. This update is scheduled for Wednesday.,customer_support
125,Project Update,Please review the quarterly business report and share your feedback. Please respond when convenient. This update is scheduled for Tuesday.,business
2573,Meeting Reminder,Can we reschedule our meeting to Thursday afternoon? Please respond when convenient. This update is scheduled for Wednesday.,meetings
1587,Career Opportunity,We would like to invite you for an interview for the open position. Please respond when convenient. This update is scheduled for Monday.,job_career
1258,Hello,Would you like to join us for lunch tomorrow? Please respond when convenient. This update is scheduled for Friday.,personal
3442,Hotel Reservation,Can you help me book a hotel for my business trip? Please respond when convenient. This update is scheduled for Wednesday.,travel
3481,Travel Confirmation,Can you help me book a hotel for my business trip? Please respond when convenient. This update is scheduled for Thursday.,travel
4109,Exclusive Discount,Use this promotional code to receive a discount on your order. Please respond when convenient. This update is scheduled for Friday.,promotions
1179,Weekend Plans,I hope you are doing well. Let me know when we can catch up. Please respond when convenient. This update is scheduled for Wednesday.,personal
3464,Flight Booking,I would like to change the date of my hotel reservation. Please respond when convenient. This update is scheduled for Friday.,travel
3470,Travel Confirmation,Can you help me book a hotel for my business trip? Please respond when convenient. This update is scheduled for Friday.,travel
3468,Travel Confirmation,Your flight booking has been confirmed for next Monday. Please respond when convenient. This update is scheduled for Tuesday.,travel
2104,Payment Update,Could you confirm whether my refund has been issued? Please respond when convenient. This update is scheduled for Wednesday.,finance
443,Business Update,Please review the quarterly business report and share your feedback. Please respond when convenient. This update is scheduled for Wednesday.,business
2228,Account Statement,Could you confirm whether my refund has been issued? Please respond when convenient. This update is scheduled for Wednesday.,finance
4417,Special Offer,Get 30 percent off your next purchase this weekend. Please respond when convenient. This update is scheduled for Monday.,promotions
926,Service Problem,The service is not working properly. Please check the problem. Please respond when convenient. This update is scheduled for Monday.,customer_support
4021,Limited Time Deal,Get 30 percent off your next purchase this weekend. Please respond when convenient. This update is scheduled for Monday.,promotions
2146,Account Statement,I have a question regarding the payment shown on my account. Please respond when convenient. This update is scheduled for Friday.,finance
4771,Latest News,Read the latest news and updates from our organization. Please respond when convenient. This update is scheduled for Tuesday.,newsletter_updates
1412,Checking In,I hope you are doing well. Let me know when we can catch up. Please respond when convenient. This update is scheduled for Wednesday.,personal
3467,Travel Confirmation,The flight schedule has been updated by the airline. Please respond when convenient. This update is scheduled for Monday.,travel
2073,Account Statement,Your invoice is due for payment by the end of this month. Please respond when convenient. This update is scheduled for Monday.,finance
1510,Interview Invitation,I am writing to apply for the software developer position. Please respond when convenient. This update is scheduled for Wednesday.,job_career
1228,Hello,Are you free to meet for dinner this weekend? Please respond when convenient. This update is scheduled for Tuesday.,personal
4073,Exclusive Discount,Use this promotional code to receive a discount on your order. Please respond when convenient. This update is scheduled for Tuesday.,promotions
2586,Meeting Request,Can we reschedule our meeting to Thursday afternoon? Please respond when convenient. This update is scheduled for Wednesday.,meetings
4451,Limited Time Deal,Shop now and receive free delivery on qualifying purchases. Please respond when convenient. This update is scheduled for Tuesday.,promotions
2952,Schedule Update,The team meeting has been scheduled for Monday at 10 AM. Please respond when convenient. This update is scheduled for Monday.,meetings
3886,Upcoming Event,Please RSVP for the upcoming company event. Please respond when convenient. This update is scheduled for Thursday.,events
325,Quarterly Report,The updated project proposal is ready for your review. Please respond when convenient. This update is scheduled for Thursday.,business
3978,Upcoming Event,Please RSVP for the upcoming company event. Please respond when convenient. This update is scheduled for Wednesday.,events
3577,Upcoming Event,We are organizing a celebration and would love you to join us. Please respond when convenient. This update is scheduled for Thursday.,events
2212,Account Statement,Your invoice is due for payment by the end of this month. Please respond when convenient. This update is scheduled for Tuesday.,finance
3299,Travel Confirmation,Can you help me book a hotel for my business trip? Please respond when convenient. This update is scheduled for Thursday.,travel
3036,Flight Booking,The flight schedule has been updated by the airline. Please respond when convenient. This update is scheduled for Wednesday.,travel
1499,Weekend Plans,Would you like to join us for lunch tomorrow? Please respond when convenient. This update is scheduled for Monday.,personal
1503,Job Application,I am writing to apply for the software developer position. Please respond when convenient. This update is scheduled for Tuesday.,job_career
1007,Checking In,I wanted to check how you are doing. Please respond when convenient. This update is scheduled for Wednesday.,personal
4180,Limited Time Deal,Get 30 percent off your next purchase this weekend. Please respond when convenient. This update is scheduled for Wednesday.,promotions
3014,Flight Booking,Your flight booking has been confirmed for next Monday. Please respond when convenient. This update is scheduled for Monday.,travel
3517,Upcoming Event,We are organizing a celebration and would love you to join us. Please respond when convenient. This update is scheduled for Tuesday.,events
1468,Weekend Plans,Would you like to join us for lunch tomorrow? Please respond when convenient. This update is scheduled for Friday.,personal
1226,Hello,Please call me when you have some free time. Please respond when convenient. This update is scheduled for Tuesday.,personal
3168,Hotel Reservation,I would like to change the date of my hotel reservation. Please respond when convenient. This update is scheduled for Friday.,travel
2268,Account Statement,Your invoice is due for payment by the end of this month. Please respond when convenient. This update is scheduled for Thursday.,finance
3809,Conference Update,We are organizing a celebration and would love you to join us. Please respond when convenient. This update is scheduled for Wednesday.,events
1217,Checking In,I wanted to check how you are doing. Please respond when convenient. This update is scheduled for Friday.,personal
3977,Event Invitation,The event schedule has been updated. Please respond when convenient. This update is scheduled for Monday.,events
4585,Weekly Update,Read the latest news and updates from our organization. Please respond when convenient. This update is scheduled for Friday.,newsletter_updates
421,Project Update,We need your approval before proceeding with the business plan. Please respond when convenient. This update is scheduled for Friday.,business
3423,Flight Booking,Your flight booking has been confirmed for next Monday. Please respond when convenient. This update is scheduled for Monday.,travel
7,Business Update,The client has requested an update on the project timeline. Please respond when convenient. This update is scheduled for Friday.,business
933,Service Problem,The service is not working properly. Please check the problem. Please respond when convenient. This update is scheduled for Thursday.,customer_support
1692,Career Opportunity,I am interested in learning more about the internship opportunity. Please respond when convenient. This update is scheduled for Monday.,job_career
440,Business Update,We need your approval before proceeding with the business plan. Please respond when convenient. This update is scheduled for Tuesday.,business
1314,Checking In,I hope you are doing well. Let me know when we can catch up. Please respond when convenient. This update is scheduled for Thursday.,personal
679,Service Problem,I have not received my order yet and would like an update. Please respond when convenient. This update is scheduled for Wednesday.,customer_support
1944,Job Application,Please find my resume attached for your consideration. Please respond when convenient. This update is scheduled for Thursday.,job_career
4611,Latest News,Here is your regular update with the latest information. Please respond when convenient. This update is scheduled for Tuesday.,newsletter_updates
3304,Travel Confirmation,Can you help me book a hotel for my business trip? Please respond when convenient. This update is scheduled for Thursday.,travel
2269,Invoice,Your invoice is due for payment by the end of this month. Please respond when convenient. This update is scheduled for Monday.,finance
4634,Latest News,This week's newsletter includes important announcements. Please respond when convenient. This update is scheduled for Tuesday.,newsletter_updates
4081,Special Offer,Enjoy exclusive discounts on selected products today. Please respond when convenient. This update is scheduled for Friday.,promotions
2519,Meeting Reminder,Can we reschedule our meeting to Thursday afternoon? Please respond when convenient. This update is scheduled for Friday.,meetings
2440,Account Statement,The payment has been processed successfully. Please respond when convenient. This update is scheduled for Monday.,finance
4038,Exclusive Discount,Shop now and receive free delivery on qualifying purchases. Please respond when convenient. This update is scheduled for Tuesday.,promotions
1894,Interview Invitation,I am writing to apply for the software developer position. Please respond when convenient. This update is scheduled for Monday.,job_career
4245,Limited Time Deal,Use this promotional code to receive a discount on your order. Please respond when convenient. This update is scheduled for Tuesday.,promotions
4830,Monthly Newsletter,Here is your regular update with the latest information. Please respond when convenient. This update is scheduled for Monday.,newsletter_updates
2641,Schedule Update,Please confirm your availability for tomorrow's meeting. Please respond when convenient. This update is scheduled for Tuesday.,meetings
195,Quarterly Report,We need your approval before proceeding with the business plan. Please respond when convenient. This update is scheduled for Thursday.,business
1475,Checking In,I wanted to check how you are doing. Please respond when convenient. This update is scheduled for Monday.,personal
4617,Monthly Newsletter,Here are this week's latest company updates. Please respond when convenient. This update is scheduled for Tuesday.,newsletter_updates
1212,Weekend Plans,Are you free to meet for dinner this weekend? Please respond when convenient. This update is scheduled for Thursday.,personal
2439,Invoice,Could you confirm whether my refund has been issued? Please respond when convenient. This update is scheduled for Tuesday.,finance
1658,Interview Invitation,Please find my resume attached for your consideration. Please respond when convenient. This update is scheduled for Tuesday.,job_career
2701,Meeting Request,The meeting agenda is attached for your review. Please respond when convenient. This update is scheduled for Monday.,meetings
3083,Travel Confirmation,Your flight booking has been confirmed for next Monday. Please respond when convenient. This update is scheduled for Monday.,travel
2706,Meeting Reminder,The meeting agenda is attached for your review. Please respond when convenient. This update is scheduled for Wednesday.,meetings
4227,Exclusive Discount,Our special offer is available for a limited time. Please respond when convenient. This update is scheduled for Monday.,promotions
2843,Schedule Update,The team meeting has been scheduled for Monday at 10 AM. Please respond when convenient. This update is scheduled for Monday.,meetings
2303,Payment Update,Please find the latest invoice attached to this email. Please respond when convenient. This update is scheduled for Thursday.,finance
1131,Hello,I wanted to check how you are doing. Please respond when convenient. This update is scheduled for Friday.,personal
1462,Weekend Plans,I wanted to check how you are doing. Please respond when convenient. This update is scheduled for Tuesday.,personal
277,Quarterly Report,Please find the latest sales figures attached for discussion. Please respond when convenient. This update is scheduled for Wednesday.,business
2223,Invoice,Please find the latest invoice attached to this email. Please respond when convenient. This update is scheduled for Thursday.,finance
2332,Account Statement,The payment has been processed successfully. Please respond when convenient. This update is scheduled for Thursday.,finance
4323,Special Offer,Shop now and receive free delivery on qualifying purchases. Please respond when convenient. This update is scheduled for Thursday.,promotions
1303,Weekend Plans,Would you like to join us for lunch tomorrow? Please respond when convenient. This update is scheduled for Wednesday.,personal
2518,Schedule Update,Please confirm your availability for tomorrow's meeting. Please respond when convenient. This update is scheduled for Thursday.,meetings
223,Project Update,The updated project proposal is ready for your review. Please respond when convenient. This update is scheduled for Monday.,business
2037,Invoice,Your invoice is due for payment by the end of this month. Please respond when convenient. This update is scheduled for Wednesday.,finance
1925,Career Opportunity,Please find my resume attached for your consideration. Please respond when convenient. This update is scheduled for Wednesday.,job_career
574,Order Issue,Could you help me resolve this issue with my account? Please respond when convenient. This update is scheduled for Friday.,customer_support
1237,Checking In,I wanted to check how you are doing. Please respond when convenient. This update is scheduled for Wednesday.,personal
3545,Conference Update,We are organizing a celebration and would love you to join us. Please respond when convenient. This update is scheduled for Thursday.,events
2134,Payment Update,Your invoice is due for payment by the end of this month. Please respond when convenient. This update is scheduled for Thursday.,finance
1335,Checking In,Please call me when you have some free time. Please respond when convenient. This update is scheduled for Friday.,personal
2458,Payment Update,The payment has been processed successfully. Please respond when convenient. This update is scheduled for Wednesday.,finance
419,Business Update,We need your approval before proceeding with the business plan. Please respond when convenient. This update is scheduled for Friday.,business
4915,Latest News,This week's newsletter includes important announcements. Please respond when convenient. This update is scheduled for Tuesday.,newsletter_updates
1105,Hello,I hope you are doing well. Let me know when we can catch up. Please respond when convenient. This update is scheduled for Thursday.,personal
258,Business Update,Please find the latest sales figures attached for discussion. Please respond when convenient. This update is scheduled for Wednesday.,business
296,Project Update,The client has requested an update on the project timeline. Please respond when convenient. This update is scheduled for Thursday.,business
2362,Payment Update,I have a question regarding the payment shown on my account. Please respond when convenient. This update is scheduled for Friday.,finance
387,Project Update,Please review the quarterly business report and share your feedback. Please respond when convenient. This update is scheduled for Friday.,business
3309,Flight Booking,I would like to change the date of my hotel reservation. Please respond when convenient. This update is scheduled for Tuesday.,travel
4014,Exclusive Discount,Our special offer is available for a limited time. Please respond when convenient. This update is scheduled for Monday.,promotions
2232,Invoice,Your invoice is due for payment by the end of this month. Please respond when convenient. This update is scheduled for Wednesday.,finance
2555,Meeting Request,I would like to arrange a meeting to discuss the project. Please respond when convenient. This update is scheduled for Friday.,meetings
4336,Limited Time Deal,Shop now and receive free delivery on qualifying purchases. Please respond when convenient. This update is scheduled for Monday.,promotions
3516,Event Invitation,Please find the invitation for the upcoming seminar. Please respond when convenient. This update is scheduled for Wednesday.,events
1840,Interview Invitation,I am interested in learning more about the internship opportunity. Please respond when convenient. This update is scheduled for Thursday.,job_career
4385,Limited Time Deal,Our special offer is available for a limited time. Please respond when convenient. This update is scheduled for Monday.,promotions
1564,Career Opportunity,Could you provide an update regarding my job application? Please respond when convenient. This update is scheduled for Monday.,job_career
2016,Invoice,The payment has been processed successfully. Please respond when convenient. This update is scheduled for Wednesday.,finance
1401,Checking In,Would you like to join us for lunch tomorrow? Please respond when convenient. This update is scheduled for Friday.,personal
713,Support Request,I have not received my order yet and would like an update. Please respond when convenient. This update is scheduled for Thursday.,customer_support
2421,Payment Update,The payment has been processed successfully. Please respond when convenient. This update is scheduled for Wednesday.,finance
2620,Meeting Reminder,I would like to arrange a meeting to discuss the project. Please respond when convenient. This update is scheduled for Wednesday.,meetings
210,Quarterly Report,Please find the latest sales figures attached for discussion. Please respond when convenient. This update is scheduled for Friday.,business
4945,Monthly Newsletter,Here is your regular update with the latest information. Please respond when convenient. This update is scheduled for Monday.,newsletter_updates
1290,Weekend Plans,I wanted to check how you are doing. Please respond when convenient. This update is scheduled for Monday.,personal
450,Quarterly Report,The updated project proposal is ready for your review. Please respond when convenient. This update is scheduled for Monday.,business
4092,Exclusive Discount,Use this promotional code to receive a discount on your order. Please respond when convenient. This update is scheduled for Wednesday.,promotions
2570,Schedule Update,Please confirm your availability for tomorrow's meeting. Please respond when convenient. This update is scheduled for Thursday.,meetings
1821,Interview Invitation,Please find my resume attached for your consideration. Please respond when convenient. This update is scheduled for Tuesday.,job_career
959,Support Request,My product arrived damaged. Please help me with a replacement. Please respond when convenient. This update is scheduled for Thursday.,customer_support
1794,Career Opportunity,We would like to invite you for an interview for the open position. Please respond when convenient. This update is scheduled for Monday.,job_career
4787,Monthly Newsletter,Here are this week's latest company updates. Please respond when convenient. This update is scheduled for Tuesday.,newsletter_updates
655,Support Request,The service is not working properly. Please check the problem. Please respond when convenient. This update is scheduled for Thursday.,customer_support
2408,Invoice,The payment has been processed successfully. Please respond when convenient. This update is scheduled for Thursday.,finance
3853,Event Invitation,Please RSVP for the upcoming company event. Please respond when convenient. This update is scheduled for Wednesday.,events
1996,Job Application,I am interested in learning more about the internship opportunity. Please respond when convenient. This update is scheduled for Wednesday.,job_career
1761,Job Application,Could you provide an update regarding my job application? Please respond when convenient. This update is scheduled for Tuesday.,job_career
2355,Account Statement,I have a question regarding the payment shown on my account. Please respond when convenient. This update is scheduled for Monday.,finance
2742,Schedule Update,I would like to arrange a meeting to discuss the project. Please respond when convenient. This update is scheduled for Thursday.,meetings
2618,Meeting Reminder,I would like to arrange a meeting to discuss the project. Please respond when convenient. This update is scheduled for Monday.,meetings
412,Quarterly Report,We need your approval before proceeding with the business plan. Please respond when convenient. This update is scheduled for Friday.,business
1775,Interview Invitation,I am interested in learning more about the internship opportunity. Please respond when convenient. This update is scheduled for Friday.,job_career
3979,Event Invitation,You are invited to attend our annual conference next month. Please respond when convenient. This update is scheduled for Thursday.,events
2187,Payment Update,Please find the latest invoice attached to this email. Please respond when convenient. This update is scheduled for Wednesday.,finance
2380,Invoice,The payment has been processed successfully. Please respond when convenient. This update is scheduled for Thursday.,finance
3964,Upcoming Event,Please RSVP for the upcoming company event. Please respond when convenient. This update is scheduled for Monday.,events
4312,Limited Time Deal,Enjoy exclusive discounts on selected products today. Please respond when convenient. This update is scheduled for Monday.,promotions
4775,Latest News,Here is your regular update with the latest information. Please respond when convenient. This update is scheduled for Tuesday.,newsletter_updates
3703,Upcoming Event,We are organizing a celebration and would love you to join us. Please respond when convenient. This update is scheduled for Thursday.,events
3973,Conference Update,We are organizing a celebration and would love you to join us. Please respond when convenient. This update is scheduled for Friday.,events
4766,Monthly Newsletter,This week's newsletter includes important announcements. Please respond when convenient. This update is scheduled for Monday.,newsletter_updates
3559,Upcoming Event,The event schedule has been updated. Please respond when convenient. This update is scheduled for Thursday.,events
4111,Special Offer,Shop now and receive free delivery on qualifying purchases. Please respond when convenient. This update is scheduled for Wednesday.,promotions
3498,Flight Booking,I would like to change the date of my hotel reservation. Please respond when convenient. This update is scheduled for Thursday.,travel
3766,Event Invitation,You are invited to attend our annual conference next month. Please respond when convenient. This update is scheduled for Thursday.,events
431,Project Update,The updated project proposal is ready for your review. Please respond when convenient. This update is scheduled for Thursday.,business
4485,Limited Time Deal,Use this promotional code to receive a discount on your order. Please respond when convenient. This update is scheduled for Monday.,promotions
2322,Invoice,Please find the latest invoice attached to this email. Please respond when convenient. This update is scheduled for Thursday.,finance
1367,Weekend Plans,Would you like to join us for lunch tomorrow? Please respond when convenient. This update is scheduled for Friday.,personal
1993,Job Application,We would like to invite you for an interview for the open position. Please respond when convenient. This update is scheduled for Monday.,job_career
2852,Meeting Request,Can we reschedule our meeting to Thursday afternoon? Please respond when convenient. This update is scheduled for Friday.,meetings
1177,Hello,I wanted to check how you are doing. Please respond when convenient. This update is scheduled for Monday.,personal
3529,Upcoming Event,The event schedule has been updated. Please respond when convenient. This update is scheduled for Thursday.,events
1477,Weekend Plans,Please call me when you have some free time. Please respond when convenient. This update is scheduled for Friday.,personal
3741,Conference Update,The event schedule has been updated. Please respond when convenient. This update is scheduled for Monday.,events
2046,Invoice,Could you confirm whether my refund has been issued? Please respond when convenient. This update is scheduled for Monday.,finance
103,Business Update,The client has requested an update on the project timeline. Please respond when convenient. This update is scheduled for Tuesday.,business
4332,Limited Time Deal,Get 30 percent off your next purchase this weekend. Please respond when convenient. This update is scheduled for Monday.,promotions
2993,Meeting Reminder,I would like to arrange a meeting to discuss the project. Please respond when convenient. This update is scheduled for Thursday.,meetings
1264,Checking In,Would you like to join us for lunch tomorrow? Please respond when convenient. This update is scheduled for Monday.,personal
2882,Meeting Reminder,The team meeting has been scheduled for Monday at 10 AM. Please respond when convenient. This update is scheduled for Wednesday.,meetings
3139,Travel Confirmation,I would like to change the date of my hotel reservation. Please respond when convenient. This update is scheduled for Wednesday.,travel
3623,Conference Update,We are organizing a celebration and would love you to join us. Please respond when convenient. This update is scheduled for Friday.,events
3204,Travel Confirmation,Please send me the details of my upcoming trip. Please respond when convenient. This update is scheduled for Friday.,travel
4279,Special Offer,Get 30 percent off your next purchase this weekend. Please respond when convenient. This update is scheduled for Thursday.,promotions
3300,Hotel Reservation,Your flight booking has been confirmed for next Monday. Please respond when convenient. This update is scheduled for Thursday.,travel
4994,Weekly Update,Welcome to our monthly newsletter. Please respond when convenient. This update is scheduled for Wednesday.,newsletter_updates
3634,Upcoming Event,Please find the invitation for the upcoming seminar. Please respond when convenient. This update is scheduled for Friday.,events
1644,Interview Invitation,I am interested in learning more about the internship opportunity. Please respond when convenient. This update is scheduled for Tuesday.,job_career
4506,Monthly Newsletter,Read the latest news and updates from our organization. Please respond when convenient. This update is scheduled for Thursday.,newsletter_updates
1,Quarterly Report,Please review the quarterly business report and share your feedback. Please respond when convenient. This update is scheduled for Monday.,business
1581,Career Opportunity,I am interested in learning more about the internship opportunity. Please respond when convenient. This update is scheduled for Wednesday.,job_career
4423,Limited Time Deal,Get 30 percent off your next purchase this weekend. Please respond when convenient. This update is scheduled for Friday.,promotions
4117,Exclusive Discount,Our special offer is available for a limited time. Please respond when convenient. This update is scheduled for Monday.,promotions
1357,Hello,Would you like to join us for lunch tomorrow? Please respond when convenient. This update is scheduled for Tuesday.,personal
4202,Exclusive Discount,Use this promotional code to receive a discount on your order. Please respond when convenient. This update is scheduled for Thursday.,promotions
4575,Weekly Update,Read the latest news and updates from our organization. Please respond when convenient. This update is scheduled for Wednesday.,newsletter_updates
3734,Conference Update,Please find the invitation for the upcoming seminar. Please respond when convenient. This update is scheduled for Thursday.,events
2026,Invoice,Please find the latest invoice attached to this email. Please respond when convenient. This update is scheduled for Monday.,finance
2219,Account Statement,Your invoice is due for payment by the end of this month. Please respond when convenient. This update is scheduled for Monday.,finance
397,Business Update,Please find the latest sales figures attached for discussion. Please respond when convenient. This update is scheduled for Monday.,business
4942,Latest News,Read the latest news and updates from our organization. Please respond when convenient. This update is scheduled for Friday.,newsletter_updates
1065,Checking In,I wanted to check how you are doing. Please respond when convenient. This update is scheduled for Friday.,personal
3081,Travel Confirmation,Please send me the details of my upcoming trip. Please respond when convenient. This update is scheduled for Thursday.,travel
2154,Payment Update,The payment has been processed successfully. Please respond when convenient. This update is scheduled for Thursday.,finance
819,Service Problem,Could you help me resolve this issue with my account? Please respond when convenient. This update is scheduled for Thursday.,customer_support
1813,Career Opportunity,Could you provide an update regarding my job application? Please respond when convenient. This update is scheduled for Thursday.,job_career
2553,Schedule Update,The meeting agenda is attached for your review. Please respond when convenient. This update is scheduled for Thursday.,meetings
1553,Career Opportunity,Please find my resume attached for your consideration. Please respond when convenient. This update is scheduled for Friday.,job_career
4048,Limited Time Deal,Use this promotional code to receive a discount on your order. Please respond when convenient. This update is scheduled for Thursday.,promotions
817,Service Problem,I have not received my order yet and would like an update. Please respond when convenient. This update is scheduled for Wednesday.,customer_support
1573,Job Application,Could you provide an update regarding my job application? Please respond when convenient. This update is scheduled for Tuesday.,job_career
4553,Latest News,Read the latest news and updates from our organization. Please respond when convenient. This update is scheduled for Friday.,newsletter_updates
1801,Job Application,We would like to invite you for an interview for the open position. Please respond when convenient. This update is scheduled for Friday.,job_career
4288,Exclusive Discount,Our special offer is available for a limited time. Please respond when convenient. This update is scheduled for Thursday.,promotions
382,Project Update,We need your approval before proceeding with the business plan. Please respond when convenient. This update is scheduled for Monday.,business
2875,Schedule Update,Please confirm your availability for tomorrow's meeting. Please respond when convenient. This update is scheduled for Friday.,meetings
4348,Special Offer,Shop now and receive free delivery on qualifying purchases. Please respond when convenient. This update is scheduled for Wednesday.,promotions
4627,Latest News,This week's newsletter includes important announcements. Please respond when convenient. This update is scheduled for Monday.,newsletter_updates
3504,Conference Update,You are invited to attend our annual conference next month. Please respond when convenient. This update is scheduled for Tuesday.,events
2312,Invoice,I have a question regarding the payment shown on my account. Please respond when convenient. This update is scheduled for Wednesday.,finance
1781,Interview Invitation,I am interested in learning more about the internship opportunity. Please respond when convenient. This update is scheduled for Thursday.,job_career
2727,Meeting Request,Please confirm your availability for tomorrow's meeting. Please respond when convenient. This update is scheduled for Tuesday.,meetings
2438,Payment Update,Your invoice is due for payment by the end of this month. Please respond when convenient. This update is scheduled for Tuesday.,finance
2334,Account Statement,I have a question regarding the payment shown on my account. Please respond when convenient. This update is scheduled for Thursday.,finance
865,Service Problem,The service is not working properly. Please check the problem. Please respond when convenient. This update is scheduled for Thursday.,customer_support
3639,Conference Update,Please RSVP for the upcoming company event. Please respond when convenient. This update is scheduled for Monday.,events
3165,Flight Booking,Your flight booking has been confirmed for next Monday. Please respond when convenient. This update is scheduled for Thursday.,travel
555,Support Request,Could you help me resolve this issue with my account? Please respond when convenient. This update is scheduled for Friday.,customer_support
1160,Checking In,Would you like to join us for lunch tomorrow? Please respond when convenient. This update is scheduled for Tuesday.,personal
1214,Checking In,Would you like to join us for lunch tomorrow? Please respond when convenient. This update is scheduled for Tuesday.,personal
3761,Upcoming Event,Please find the invitation for the upcoming seminar. Please respond when convenient. This update is scheduled for Monday.,events
4214,Limited Time Deal,Our special offer is available for a limited time. Please respond when convenient. This update is scheduled for Tuesday.,promotions
49,Project Update,Please review the quarterly business report and share your feedback. Please respond when convenient. This update is scheduled for Friday.,business
2368,Payment Update,The payment has been processed successfully. Please respond when convenient. This update is scheduled for Wednesday.,finance
701,Order Issue,My product arrived damaged. Please help me with a replacement. Please respond when convenient. This update is scheduled for Friday.,customer_support
653,Service Problem,I am having trouble with my order and need some assistance. Please respond when convenient. This update is scheduled for Wednesday.,customer_support
3934,Upcoming Event,The event schedule has been updated. Please respond when convenient. This update is scheduled for Thursday.,events
4410,Exclusive Discount,Our special offer is available for a limited time. Please respond when convenient. This update is scheduled for Friday.,promotions
3312,Flight Booking,Can you help me book a hotel for my business trip? Please respond when convenient. This update is scheduled for Tuesday.,travel
749,Order Issue,The service is not working properly. Please check the problem. Please respond when convenient. This update is scheduled for Friday.,customer_support
1456,Checking In,I hope you are doing well. Let me know when we can catch up. Please respond when convenient. This update is scheduled for Thursday.,personal
4196,Special Offer,Our special offer is available for a limited time. Please respond when convenient. This update is scheduled for Thursday.,promotions
2390,Account Statement,Could you confirm whether my refund has been issued? Please respond when convenient. This update is scheduled for Wednesday.,finance
3495,Travel Confirmation,Please send me the details of my upcoming trip. Please respond when convenient. This update is scheduled for Friday.,travel
867,Support Request,Could you help me resolve this issue with my account? Please respond when convenient. This update is scheduled for Wednesday.,customer_support
753,Service Problem,Could you help me resolve this issue with my account? Please respond when convenient. This update is scheduled for Tuesday.,customer_support
1645,Interview Invitation,Could you provide an update regarding my job application? Please respond when convenient. This update is scheduled for Thursday.,job_career
93,Business Update,The updated project proposal is ready for your review. Please respond when convenient. This update is scheduled for Thursday.,business
4825,Weekly Update,Read the latest news and updates from our organization. Please respond when convenient. This update is scheduled for Friday.,newsletter_updates
3102,Travel Confirmation,The flight schedule has been updated by the airline. Please respond when convenient. This update is scheduled for Monday.,travel
2433,Invoice,Could you confirm whether my refund has been issued? Please respond when convenient. This update is scheduled for Monday.,finance
2630,Meeting Reminder,The meeting agenda is attached for your review. Please respond when convenient. This update is scheduled for Tuesday.,meetings
1491,Weekend Plans,I wanted to check how you are doing. Please respond when convenient. This update is scheduled for Wednesday.,personal
2896,Schedule Update,Please confirm your availability for tomorrow's meeting. Please respond when convenient. This update is scheduled for Wednesday.,meetings
2178,Account Statement,I have a question regarding the payment shown on my account. Please respond when convenient. This update is scheduled for Tuesday.,finance
730,Order Issue,Could you help me resolve this issue with my account? Please respond when convenient. This update is scheduled for Wednesday.,customer_support
4760,Latest News,This week's newsletter includes important announcements. Please respond when convenient. This update is scheduled for Friday.,newsletter_updates
2472,Payment Update,I have a question regarding the payment shown on my account. Please respond when convenient. This update is scheduled for Tuesday.,finance
2243,Account Statement,Your invoice is due for payment by the end of this month. Please respond when convenient. This update is scheduled for Thursday.,finance
1937,Interview Invitation,Could you provide an update regarding my job application? Please respond when convenient. This update is scheduled for Tuesday.,job_career
1746,Interview Invitation,We would like to invite you for an interview for the open position. Please respond when convenient. This update is scheduled for Thursday.,job_career
4747,Weekly Update,Here are this week's latest company updates. Please respond when convenient. This update is scheduled for Wednesday.,newsletter_updates
4374,Limited Time Deal,Get 30 percent off your next purchase this weekend. Please respond when convenient. This update is scheduled for Thursday.,promotions
3492,Flight Booking,Can you help me book a hotel for my business trip? Please respond when convenient. This update is scheduled for Wednesday.,travel
1111,Hello,Please call me when you have some free time. Please respond when convenient. This update is scheduled for Friday.,personal
3338,Hotel Reservation,I would like to change the date of my hotel reservation. Please respond when convenient. This update is scheduled for Tuesday.,travel
4033,Exclusive Discount,Use this promotional code to receive a discount on your order. Please respond when convenient. This update is scheduled for Wednesday.,promotions
4472,Exclusive Discount,Use this promotional code to receive a discount on your order. Please respond when convenient. This update is scheduled for Friday.,promotions
4158,Special Offer,Shop now and receive free delivery on qualifying purchases. Please respond when convenient. This update is scheduled for Thursday.,promotions
347,Business Update,Please review the quarterly business report and share your feedback. Please respond when convenient. This update is scheduled for Tuesday.,business
1186,Checking In,I hope you are doing well. Let me know when we can catch up. Please respond when convenient. This update is scheduled for Friday.,personal
4007,Limited Time Deal,Use this promotional code to receive a discount on your order. Please respond when convenient. This update is scheduled for Monday.,promotions
1516,Interview Invitation,Could you provide an update regarding my job application? Please respond when convenient. This update is scheduled for Friday.,job_career
4670,Weekly Update,This week's newsletter includes important announcements. Please respond when convenient. This update is scheduled for Thursday.,newsletter_updates
579,Service Problem,I have not received my order yet and would like an update. Please respond when convenient. This update is scheduled for Monday.,customer_support
1965,Job Application,We would like to invite you for an interview for the open position. Please respond when convenient. This update is scheduled for Friday.,job_career
76,Project Update,The client has requested an update on the project timeline. Please respond when convenient. This update is scheduled for Tuesday.,business
1430,Weekend Plans,I wanted to check how you are doing. Please respond when convenient. This update is scheduled for Friday.,personal
3713,Conference Update,Please find the invitation for the upcoming seminar. Please respond when convenient. This update is scheduled for Tuesday.,events
4431,Special Offer,Get 30 percent off your next purchase this weekend. Please respond when convenient. This update is scheduled for Friday.,promotions
2752,Meeting Reminder,Please confirm your availability for tomorrow's meeting. Please respond when convenient. This update is scheduled for Thursday.,meetings
4953,Latest News,Read the latest news and updates from our organization. Please respond when convenient. This update is scheduled for Friday.,newsletter_updates
1847,Interview Invitation,I am writing to apply for the software developer position. Please respond when convenient. This update is scheduled for Wednesday.,job_career
132,Business Update,Please find the latest sales figures attached for discussion. Please respond when convenient. This update is scheduled for Wednesday.,business
179,Quarterly Report,Please find the latest sales figures attached for discussion. Please respond when convenient. This update is scheduled for Tuesday.,business
2900,Meeting Reminder,The meeting agenda is attached for your review. Please respond when convenient. This update is scheduled for Monday.,meetings
4467,Special Offer,Shop now and receive free delivery on qualifying purchases. Please respond when convenient. This update is scheduled for Tuesday.,promotions
4195,Limited Time Deal,Our special offer is available for a limited time. Please respond when convenient. This update is scheduled for Thursday.,promotions
2523,Meeting Request,I would like to arrange a meeting to discuss the project. Please respond when convenient. This update is scheduled for Thursday.,meetings
1843,Job Application,We would like to invite you for an interview for the open position. Please respond when convenient. This update is scheduled for Thursday.,job_career
2099,Invoice,I have a question regarding the payment shown on my account. Please respond when convenient. This update is scheduled for Monday.,finance
3950,Event Invitation,Please RSVP for the upcoming company event. Please respond when convenient. This update is scheduled for Friday.,events
2374,Payment Update,The payment has been processed successfully. Please respond when convenient. This update is scheduled for Tuesday.,finance
605,Support Request,I have not received my order yet and would like an update. Please respond when convenient. This update is scheduled for Tuesday.,customer_support
2628,Meeting Request,Please confirm your availability for tomorrow's meeting. Please respond when convenient. This update is scheduled for Friday.,meetings
26,Quarterly Report,We need your approval before proceeding with the business plan. Please respond when convenient. This update is scheduled for Tuesday.,business
659,Service Problem,I am having trouble with my order and need some assistance. Please respond when convenient. This update is scheduled for Monday.,customer_support
4978,Monthly Newsletter,Here is your regular update with the latest information. Please respond when convenient. This update is scheduled for Thursday.,newsletter_updates
3318,Flight Booking,Please send me the details of my upcoming trip. Please respond when convenient. This update is scheduled for Thursday.,travel
3869,Conference Update,The event schedule has been updated. Please respond when convenient. This update is scheduled for Tuesday.,events
174,Project Update,The client has requested an update on the project timeline. Please respond when convenient. This update is scheduled for Monday.,business
1612,Career Opportunity,We would like to invite you for an interview for the open position. Please respond when convenient. This update is scheduled for Wednesday.,job_career
438,Quarterly Report,Please review the quarterly business report and share your feedback. Please respond when convenient. This update is scheduled for Wednesday.,business
332,Quarterly Report,Please find the latest sales figures attached for discussion. Please respond when convenient. This update is scheduled for Wednesday.,business
3101,Flight Booking,Please send me the details of my upcoming trip. Please respond when convenient. This update is scheduled for Wednesday.,travel
1455,Weekend Plans,Are you free to meet for dinner this weekend? Please respond when convenient. This update is scheduled for Tuesday.,personal
343,Business Update,Please find the latest sales figures attached for discussion. Please respond when convenient. This update is scheduled for Monday.,business
3210,Travel Confirmation,The flight schedule has been updated by the airline. Please respond when convenient. This update is scheduled for Wednesday.,travel
4577,Latest News,Read the latest news and updates from our organization. Please respond when convenient. This update is scheduled for Wednesday.,newsletter_updates
1089,Hello,I wanted to check how you are doing. Please respond when convenient. This update is scheduled for Wednesday.,personal
480,Business Update,Please review the quarterly business report and share your feedback. Please respond when convenient. This update is scheduled for Wednesday.,business
728,Support Request,I have not received my order yet and would like an update. Please respond when convenient. This update is scheduled for Tuesday.,customer_support
3784,Conference Update,We are organizing a celebration and would love you to join us. Please respond when convenient. This update is scheduled for Wednesday.,events
977,Support Request,I have not received my order yet and would like an update. Please respond when convenient. This update is scheduled for Monday.,customer_support
3785,Event Invitation,We are organizing a celebration and would love you to join us. Please respond when convenient. This update is scheduled for Thursday.,events
2978,Schedule Update,Can we reschedule our meeting to Thursday afternoon? Please respond when convenient. This update is scheduled for Thursday.,meetings
1929,Interview Invitation,Could you provide an update regarding my job application? Please respond when convenient. This update is scheduled for Friday.,job_career
1469,Weekend Plans,Please call me when you have some free time. Please respond when convenient. This update is scheduled for Thursday.,personal
1225,Checking In,Please call me when you have some free time. Please respond when convenient. This update is scheduled for Wednesday.,personal
2857,Schedule Update,I would like to arrange a meeting to discuss the project. Please respond when convenient. This update is scheduled for Friday.,meetings
1953,Interview Invitation,Please find my resume attached for your consideration. Please respond when convenient. This update is scheduled for Tuesday.,job_career
4831,Weekly Update,Here is your regular update with the latest information. Please respond when convenient. This update is scheduled for Tuesday.,newsletter_updates
4501,Monthly Newsletter,Here are this week's latest company updates. Please respond when convenient. This update is scheduled for Friday.,newsletter_updates
1893,Career Opportunity,I am writing to apply for the software developer position. Please respond when convenient. This update is scheduled for Thursday.,job_career
1300,Hello,Please call me when you have some free time. Please respond when convenient. This update is scheduled for Tuesday.,personal
2991,Meeting Request,The meeting agenda is attached for your review. Please respond when convenient. This update is scheduled for Thursday.,meetings
4600,Weekly Update,Welcome to our monthly newsletter. Please respond when convenient. This update is scheduled for Friday.,newsletter_updates
661,Support Request,My product arrived damaged. Please help me with a replacement. Please respond when convenient. This update is scheduled for Monday.,customer_support
4578,Latest News,Here are this week's latest company updates. Please respond when convenient. This update is scheduled for Tuesday.,newsletter_updates
4074,Exclusive Discount,Use this promotional code to receive a discount on your order. Please respond when convenient. This update is scheduled for Monday.,promotions
2785,Meeting Reminder,The team meeting has been scheduled for Monday at 10 AM. Please respond when convenient. This update is scheduled for Friday.,meetings
4938,Monthly Newsletter,This week's newsletter includes important announcements. Please respond when convenient. This update is scheduled for Monday.,newsletter_updates
3828,Event Invitation,Please RSVP for the upcoming company event. Please respond when convenient. This update is scheduled for Tuesday.,events
2715,Schedule Update,Can we reschedule our meeting to Thursday afternoon? Please respond when convenient. This update is scheduled for Thursday.,meetings
4658,Monthly Newsletter,Here is your regular update with the latest information. Please respond when convenient. This update is scheduled for Friday.,newsletter_updates
268,Project Update,Please find the latest sales figures attached for discussion. Please respond when convenient. This update is scheduled for Tuesday.,business
4443,Limited Time Deal,Enjoy exclusive discounts on selected products today. Please respond when convenient. This update is scheduled for Tuesday.,promotions
4960,Latest News,Here are this week's latest company updates. Please respond when convenient. This update is scheduled for Thursday.,newsletter_updates
3373,Flight Booking,I would like to change the date of my hotel reservation. Please respond when convenient. This update is scheduled for Tuesday.,travel
3596,Conference Update,You are invited to attend our annual conference next month. Please respond when convenient. This update is scheduled for Friday.,events
4317,Exclusive Discount,Get 30 percent off your next purchase this weekend. Please respond when convenient. This update is scheduled for Wednesday.,promotions
3723,Event Invitation,Please find the invitation for the upcoming seminar. Please respond when convenient. This update is scheduled for Wednesday.,events
3407,Travel Confirmation,The flight schedule has been updated by the airline. Please respond when convenient. This update is scheduled for Wednesday.,travel
1279,Weekend Plans,Are you free to meet for dinner this weekend? Please respond when convenient. This update is scheduled for Wednesday.,personal
4641,Latest News,Here are this week's latest company updates. Please respond when convenient. This update is scheduled for Monday.,newsletter_updates
3918,Upcoming Event,Please RSVP for the upcoming company event. Please respond when convenient. This update is scheduled for Thursday.,events
2679,Schedule Update,I would like to arrange a meeting to discuss the project. Please respond when convenient. This update is scheduled for Tuesday.,meetings
1622,Job Application,Please find my resume attached for your consideration. Please respond when convenient. This update is scheduled for Wednesday.,job_career
4104,Limited Time Deal,Use this promotional code to receive a discount on your order. Please respond when convenient. This update is scheduled for Thursday.,promotions
2858,Meeting Request,Can we reschedule our meeting to Thursday afternoon? Please respond when convenient. This update is scheduled for Monday.,meetings
1897,Interview Invitation,I am writing to apply for the software developer position. Please respond when convenient. This update is scheduled for Thursday.,job_career
3925,Conference Update,You are invited to attend our annual conference next month. Please respond when convenient. This update is scheduled for Friday.,events
3015,Hotel Reservation,Please send me the details of my upcoming trip. Please respond when convenient. This update is scheduled for Wednesday.,travel
4439,Limited Time Deal,Our special offer is available for a limited time. Please respond when convenient. This update is scheduled for Friday.,promotions
68,Quarterly Report,We need your approval before proceeding with the business plan. Please respond when convenient. This update is scheduled for Thursday.,business
2043,Payment Update,The payment has been processed successfully. Please respond when convenient. This update is scheduled for Thursday.,finance
2581,Meeting Request,The team meeting has been scheduled for Monday at 10 AM. Please respond when convenient. This update is scheduled for Monday.,meetings
3783,Event Invitation,You are invited to attend our annual conference next month. Please respond when convenient. This update is scheduled for Wednesday.,events
3791,Conference Update,We are organizing a celebration and would love you to join us. Please respond when convenient. This update is scheduled for Thursday.,events
821,Support Request,I am having trouble with my order and need some assistance. Please respond when convenient. This update is scheduled for Tuesday.,customer_support
1227,Weekend Plans,I wanted to check how you are doing. Please respond when convenient. This update is scheduled for Tuesday.,personal
2992,Schedule Update,I would like to arrange a meeting to discuss the project. Please respond when convenient. This update is scheduled for Friday.,meetings
3133,Flight Booking,The flight schedule has been updated by the airline. Please respond when convenient. This update is scheduled for Monday.,travel
2744,Schedule Update,The meeting agenda is attached for your review. Please respond when convenient. This update is scheduled for Thursday.,meetings
4458,Special Offer,Enjoy exclusive discounts on selected products today. Please respond when convenient. This update is scheduled for Monday.,promotions
4270,Special Offer,Enjoy exclusive discounts on selected products today. Please respond when convenient. This update is scheduled for Friday.,promotions
3350,Flight Booking,The flight schedule has been updated by the airline. Please respond when convenient. This update is scheduled for Friday.,travel
1144,Hello,Are you free to meet for dinner this weekend? Please respond when convenient. This update is scheduled for Monday.,personal
398,Project Update,Please find the latest sales figures attached for discussion. Please respond when convenient. This update is scheduled for Friday.,business
2907,Meeting Reminder,The meeting agenda is attached for your review. Please respond when convenient. This update is scheduled for Thursday.,meetings
4302,Limited Time Deal,Our special offer is available for a limited time. Please respond when convenient. This update is scheduled for Friday.,promotions
2760,Schedule Update,The meeting agenda is attached for your review. Please respond when convenient. This update is scheduled for Thursday.,meetings
1399,Weekend Plans,Please call me when you have some free time. Please respond when convenient. This update is scheduled for Thursday.,personal
1660,Job Application,I am interested in learning more about the internship opportunity. Please respond when convenient. This update is scheduled for Tuesday.,job_career
980,Support Request,My product arrived damaged. Please help me with a replacement. Please respond when convenient. This update is scheduled for Monday.,customer_support
1299,Weekend Plans,I hope you are doing well. Let me know when we can catch up. Please respond when convenient. This update is scheduled for Wednesday.,personal
3556,Event Invitation,We are organizing a celebration and would love you to join us. Please respond when convenient. This update is scheduled for Thursday.,events
83,Business Update,Please review the quarterly business report and share your feedback. Please respond when convenient. This update is scheduled for Monday.,business
4508,Latest News,Here are this week's latest company updates. Please respond when convenient. This update is scheduled for Wednesday.,newsletter_updates
2459,Payment Update,Could you confirm whether my refund has been issued? Please respond when convenient. This update is scheduled for Friday.,finance
3740,Event Invitation,Please find the invitation for the upcoming seminar. Please respond when convenient. This update is scheduled for Friday.,events
3782,Conference Update,You are invited to attend our annual conference next month. Please respond when convenient. This update is scheduled for Friday.,events
2289,Account Statement,Your invoice is due for payment by the end of this month. Please respond when convenient. This update is scheduled for Wednesday.,finance
424,Project Update,The client has requested an update on the project timeline. Please respond when convenient. This update is scheduled for Friday.,business
4340,Limited Time Deal,Use this promotional code to receive a discount on your order. Please respond when convenient. This update is scheduled for Thursday.,promotions
1905,Career Opportunity,I am interested in learning more about the internship opportunity. Please respond when convenient. This update is scheduled for Tuesday.,job_career
4539,Weekly Update,Read the latest news and updates from our organization. Please respond when convenient. This update is scheduled for Wednesday.,newsletter_updates
3353,Hotel Reservation,I would like to change the date of my hotel reservation. Please respond when convenient. This update is scheduled for Wednesday.,travel
3103,Flight Booking,I would like to change the date of my hotel reservation. Please respond when convenient. This update is scheduled for Friday.,travel
1566,Career Opportunity,I am interested in learning more about the internship opportunity. Please respond when convenient. This update is scheduled for Thursday.,job_career
3356,Hotel Reservation,The flight schedule has been updated by the airline. Please respond when convenient. This update is scheduled for Monday.,travel
840,Service Problem,I am having trouble with my order and need some assistance. Please respond when convenient. This update is scheduled for Monday.,customer_support
501,Order Issue,Could you help me resolve this issue with my account? Please respond when convenient. This update is scheduled for Thursday.,customer_support
142,Business Update,Please review the quarterly business report and share your feedback. Please respond when convenient. This update is scheduled for Wednesday.,business
1378,Checking In,I hope you are doing well. Let me know when we can catch up. Please respond when convenient. This update is scheduled for Monday.,personal
3698,Upcoming Event,The event schedule has been updated. Please respond when convenient. This update is scheduled for Friday.,events
2145,Payment Update,The payment has been processed successfully. Please respond when convenient. This update is scheduled for Thursday.,finance
1139,Weekend Plans,I wanted to check how you are doing. Please respond when convenient. This update is scheduled for Monday.,personal
2928,Meeting Reminder,I would like to arrange a meeting to discuss the project. Please respond when convenient. This update is scheduled for Thursday.,meetings
1788,Career Opportunity,I am interested in learning more about the internship opportunity. Please respond when convenient. This update is scheduled for Monday.,job_career
3485,Flight Booking,Can you help me book a hotel for my business trip? Please respond when convenient. This update is scheduled for Tuesday.,travel
551,Order Issue,The service is not working properly. Please check the problem. Please respond when convenient. This update is scheduled for Thursday.,customer_support
4907,Weekly Update,Read the latest news and updates from our organization. Please respond when convenient. This update is scheduled for Monday.,newsletter_updates
2020,Payment Update,Could you confirm whether my refund has been issued? Please respond when convenient. This update is scheduled for Friday.,finance
949,Support Request,The service is not working properly. Please check the problem. Please respond when convenient. This update is scheduled for Thursday.,customer_support
2601,Schedule Update,The team meeting has been scheduled for Monday at 10 AM. Please respond when convenient. This update is scheduled for Friday.,meetings
533,Support Request,I have not received my order yet and would like an update. Please respond when convenient. This update is scheduled for Tuesday.,customer_support
1830,Job Application,We would like to invite you for an interview for the open position. Please respond when convenient. This update is scheduled for Tuesday.,job_career
2918,Meeting Reminder,Please confirm your availability for tomorrow's meeting. Please respond when convenient. This update is scheduled for Friday.,meetings
4419,Limited Time Deal,Enjoy exclusive discounts on selected products today. Please respond when convenient. This update is scheduled for Thursday.,promotions
3872,Event Invitation,We are organizing a celebration and would love you to join us. Please respond when convenient. This update is scheduled for Friday.,events
1603,Career Opportunity,I am interested in learning more about the internship opportunity. Please respond when convenient. This update is scheduled for Tuesday.,job_career
640,Order Issue,I have not received my order yet and would like an update. Please respond when convenient. This update is scheduled for Friday.,customer_support
4833,Monthly Newsletter,Here is your regular update with the latest information. Please respond when convenient. This update is scheduled for Tuesday.,newsletter_updates
968,Order Issue,I am having trouble with my order and need some assistance. Please respond when convenient. This update is scheduled for Wednesday.,customer_support
4238,Limited Time Deal,Our special offer is available for a limited time. Please respond when convenient. This update is scheduled for Wednesday.,promotions
2698,Meeting Request,Can we reschedule our meeting to Thursday afternoon? Please respond when convenient. This update is scheduled for Thursday.,meetings
1684,Career Opportunity,Please find my resume attached for your consideration. Please respond when convenient. This update is scheduled for Tuesday.,job_career
4471,Limited Time Deal,Enjoy exclusive discounts on selected products today. Please respond when convenient. This update is scheduled for Friday.,promotions
2343,Account Statement,Please find the latest invoice attached to this email. Please respond when convenient. This update is scheduled for Monday.,finance
156,Business Update,The client has requested an update on the project timeline. Please respond when convenient. This update is scheduled for Wednesday.,business
2488,Invoice,The payment has been processed successfully. Please respond when convenient. This update is scheduled for Wednesday.,finance
4642,Latest News,Welcome to our monthly newsletter. Please respond when convenient. This update is scheduled for Wednesday.,newsletter_updates
1090,Checking In,I hope you are doing well. Let me know when we can catch up. Please respond when convenient. This update is scheduled for Wednesday.,personal
2656,Meeting Reminder,The meeting agenda is attached for your review. Please respond when convenient. This update is scheduled for Wednesday.,meetings
4241,Limited Time Deal,Get 30 percent off your next purchase this weekend. Please respond when convenient. This update is scheduled for Tuesday.,promotions
289,Business Update,Please find the latest sales figures attached for discussion. Please respond when convenient. This update is scheduled for Monday.,business
931,Order Issue,The service is not working properly. Please check the problem. Please respond when convenient. This update is scheduled for Thursday.,customer_support
2536,Meeting Reminder,Please confirm your availability for tomorrow's meeting. Please respond when convenient. This update is scheduled for Friday.,meetings
4029,Exclusive Discount,Our special offer is available for a limited time. Please respond when convenient. This update is scheduled for Wednesday.,promotions
3372,Travel Confirmation,Your flight booking has been confirmed for next Monday. Please respond when convenient. This update is scheduled for Thursday.,travel
4622,Latest News,Here are this week's latest company updates. Please respond when convenient. This update is scheduled for Wednesday.,newsletter_updates
3292,Flight Booking,I would like to change the date of my hotel reservation. Please respond when convenient. This update is scheduled for Friday.,travel
943,Support Request,I have not received my order yet and would like an update. Please respond when convenient. This update is scheduled for Thursday.,customer_support
3860,Event Invitation,You are invited to attend our annual conference next month. Please respond when convenient. This update is scheduled for Friday.,events
4663,Monthly Newsletter,This week's newsletter includes important announcements. Please respond when convenient. This update is scheduled for Tuesday.,newsletter_updates
1699,Job Application,I am interested in learning more about the internship opportunity. Please respond when convenient. This update is scheduled for Friday.,job_career
4709,Weekly Update,This week's newsletter includes important announcements. Please respond when convenient. This update is scheduled for Monday.,newsletter_updates
3201,Hotel Reservation,Can you help me book a hotel for my business trip? Please respond when convenient. This update is scheduled for Friday.,travel
4602,Weekly Update,This week's newsletter includes important announcements. Please respond when convenient. This update is scheduled for Tuesday.,newsletter_updates
4609,Weekly Update,Welcome to our monthly newsletter. Please respond when convenient. This update is scheduled for Monday.,newsletter_updates
986,Order Issue,Could you help me resolve this issue with my account? Please respond when convenient. This update is scheduled for Monday.,customer_support
3319,Flight Booking,The flight schedule has been updated by the airline. Please respond when convenient. This update is scheduled for Thursday.,travel
2868,Meeting Request,Please confirm your availability for tomorrow's meeting. Please respond when convenient. This update is scheduled for Thursday.,meetings
4057,Special Offer,Shop now and receive free delivery on qualifying purchases. Please respond when convenient. This update is scheduled for Friday.,promotions
4778,Latest News,Here is your regular update with the latest information. Please respond when convenient. This update is scheduled for Tuesday.,newsletter_updates
982,Order Issue,The service is not working properly. Please check the problem. Please respond when convenient. This update is scheduled for Friday.,customer_support
2493,Account Statement,Your invoice is due for payment by the end of this month. Please respond when convenient. This update is scheduled for Tuesday.,finance
3793,Upcoming Event,You are invited to attend our annual conference next month. Please respond when convenient. This update is scheduled for Monday.,events
3549,Upcoming Event,Please RSVP for the upcoming company event. Please respond when convenient. This update is scheduled for Monday.,events
2943,Meeting Request,The team meeting has been scheduled for Monday at 10 AM. Please respond when convenient. This update is scheduled for Friday.,meetings
3528,Conference Update,Please RSVP for the upcoming company event. Please respond when convenient. This update is scheduled for Tuesday.,events
3846,Upcoming Event,We are organizing a celebration and would love you to join us. Please respond when convenient. This update is scheduled for Tuesday.,events
1458,Weekend Plans,Are you free to meet for dinner this weekend? Please respond when convenient. This update is scheduled for Monday.,personal
1396,Checking In,I wanted to check how you are doing. Please respond when convenient. This update is scheduled for Wednesday.,personal
265,Quarterly Report,The updated project proposal is ready for your review. Please respond when convenient. This update is scheduled for Thursday.,business
4096,Special Offer,Use this promotional code to receive a discount on your order. Please respond when convenient. This update is scheduled for Friday.,promotions
930,Support Request,My product arrived damaged. Please help me with a replacement. Please respond when convenient. This update is scheduled for Monday.,customer_support
4872,Monthly Newsletter,This week's newsletter includes important announcements. Please respond when convenient. This update is scheduled for Thursday.,newsletter_updates
2693,Meeting Request,The team meeting has been scheduled for Monday at 10 AM. Please respond when convenient. This update is scheduled for Tuesday.,meetings
247,Project Update,We need your approval before proceeding with the business plan. Please respond when convenient. This update is scheduled for Monday.,business
3590,Event Invitation,Please find the invitation for the upcoming seminar. Please respond when convenient. This update is scheduled for Friday.,events
1759,Job Application,I am interested in learning more about the internship opportunity. Please respond when convenient. This update is scheduled for Friday.,job_career
4866,Monthly Newsletter,This week's newsletter includes important announcements. Please respond when convenient. This update is scheduled for Friday.,newsletter_updates
2811,Meeting Reminder,I would like to arrange a meeting to discuss the project. Please respond when convenient. This update is scheduled for Friday.,meetings
924,Support Request,I have not received my order yet and would like an update. Please respond when convenient. This update is scheduled for Tuesday.,customer_support
2881,Meeting Reminder,The team meeting has been scheduled for Monday at 10 AM. Please respond when convenient. This update is scheduled for Friday.,meetings
269,Project Update,The client has requested an update on the project timeline. Please respond when convenient. This update is scheduled for Wednesday.,business
670,Support Request,I have not received my order yet and would like an update. Please respond when convenient. This update is scheduled for Tuesday.,customer_support
4476,Special Offer,Enjoy exclusive discounts on selected products today. Please respond when convenient. This update is scheduled for Wednesday.,promotions
1911,Interview Invitation,Please find my resume attached for your consideration. Please respond when convenient. This update is scheduled for Thursday.,job_career
2986,Meeting Reminder,I would like to arrange a meeting to discuss the project. Please respond when convenient. This update is scheduled for Thursday.,meetings
1153,Checking In,I wanted to check how you are doing. Please respond when convenient. This update is scheduled for Thursday.,personal
4818,Weekly Update,Here are this week's latest company updates. Please respond when convenient. This update is scheduled for Tuesday.,newsletter_updates
3456,Hotel Reservation,Your flight booking has been confirmed for next Monday. Please respond when convenient. This update is scheduled for Tuesday.,travel
4242,Exclusive Discount,Get 30 percent off your next purchase this weekend. Please respond when convenient. This update is scheduled for Tuesday.,promotions
4550,Monthly Newsletter,This week's newsletter includes important announcements. Please respond when convenient. This update is scheduled for Wednesday.,newsletter_updates
2173,Payment Update,I have a question regarding the payment shown on my account. Please respond when convenient. This update is scheduled for Monday.,finance
4516,Latest News,Here is your regular update with the latest information. Please respond when convenient. This update is scheduled for Friday.,newsletter_updates
1916,Interview Invitation,Could you provide an update regarding my job application? Please respond when convenient. This update is scheduled for Thursday.,job_career
613,Order Issue,The service is not working properly. Please check the problem. Please respond when convenient. This update is scheduled for Friday.,customer_support
2407,Payment Update,Your invoice is due for payment by the end of this month. Please respond when convenient. This update is scheduled for Wednesday.,finance
4206,Exclusive Discount,Enjoy exclusive discounts on selected products today. Please respond when convenient. This update is scheduled for Friday.,promotions
1899,Career Opportunity,Please find my resume attached for your consideration. Please respond when convenient. This update is scheduled for Thursday.,job_career
1650,Career Opportunity,I am interested in learning more about the internship opportunity. Please respond when convenient. This update is scheduled for Monday.,job_career
2608,Schedule Update,I would like to arrange a meeting to discuss the project. Please respond when convenient. This update is scheduled for Monday.,meetings
259,Project Update,Please find the latest sales figures attached for discussion. Please respond when convenient. This update is scheduled for Tuesday.,business
848,Service Problem,Could you help me resolve this issue with my account? Please respond when convenient. This update is scheduled for Thursday.,customer_support
4252,Limited Time Deal,Enjoy exclusive discounts on selected products today. Please respond when convenient. This update is scheduled for Thursday.,promotions
1234,Weekend Plans,I wanted to check how you are doing. Please respond when convenient. This update is scheduled for Wednesday.,personal
1128,Weekend Plans,I wanted to check how you are doing. Please respond when convenient. This update is scheduled for Thursday.,personal
1968,Career Opportunity,Please find my resume attached for your consideration. Please respond when convenient. This update is scheduled for Thursday.,job_career
559,Service Problem,Could you help me resolve this issue with my account? Please respond when convenient. This update is scheduled for Thursday.,customer_support
3906,Conference Update,Please find the invitation for the upcoming seminar. Please respond when convenient. This update is scheduled for Tuesday.,events
485,Project Update,The client has requested an update on the project timeline. Please respond when convenient. This update is scheduled for Wednesday.,business
1321,Hello,I wanted to check how you are doing. Please respond when convenient. This update is scheduled for Thursday.,personal
3405,Hotel Reservation,Your flight booking has been confirmed for next Monday. Please respond when convenient. This update is scheduled for Monday.,travel
8,Quarterly Report,The client has requested an update on the project timeline. Please respond when convenient. This update is scheduled for Tuesday.,business
3280,Hotel Reservation,I would like to change the date of my hotel reservation. Please respond when convenient. This update is scheduled for Wednesday.,travel
3190,Travel Confirmation,The flight schedule has been updated by the airline. Please respond when convenient. This update is scheduled for Monday.,travel
1451,Checking In,Please call me when you have some free time. Please respond when convenient. This update is scheduled for Tuesday.,personal
3981,Event Invitation,We are organizing a celebration and would love you to join us. Please respond when convenient. This update is scheduled for Tuesday.,events
1815,Career Opportunity,Could you provide an update regarding my job application? Please respond when convenient. This update is scheduled for Thursday.,job_career
774,Service Problem,I am having trouble with my order and need some assistance. Please respond when convenient. This update is scheduled for Tuesday.,customer_support
1012,Checking In,I hope you are doing well. Let me know when we can catch up. Please respond when convenient. This update is scheduled for Tuesday.,personal
2819,Meeting Request,The meeting agenda is attached for your review. Please respond when convenient. This update is scheduled for Thursday.,meetings
3276,Flight Booking,I would like to change the date of my hotel reservation. Please respond when convenient. This update is scheduled for Wednesday.,travel
1992,Interview Invitation,We would like to invite you for an interview for the open position. Please respond when convenient. This update is scheduled for Monday.,job_career
1278,Weekend Plans,Please call me when you have some free time. Please respond when convenient. This update is scheduled for Wednesday.,personal
1784,Job Application,I am writing to apply for the software developer position. Please respond when convenient. This update is scheduled for Monday.,job_career
3106,Travel Confirmation,The flight schedule has been updated by the airline. Please respond when convenient. This update is scheduled for Monday.,travel
447,Quarterly Report,We need your approval before proceeding with the business plan. Please respond when convenient. This update is scheduled for Tuesday.,business
881,Service Problem,I have not received my order yet and would like an update. Please respond when convenient. This update is scheduled for Tuesday.,customer_support
4460,Limited Time Deal,Use this promotional code to receive a discount on your order. Please respond when convenient. This update is scheduled for Monday.,promotions
782,Order Issue,My product arrived damaged. Please help me with a replacement. Please respond when convenient. This update is scheduled for Wednesday.,customer_support
1750,Interview Invitation,I am writing to apply for the software developer position. Please respond when convenient. This update is scheduled for Tuesday.,job_career
3389,Travel Confirmation,I would like to change the date of my hotel reservation. Please respond when convenient. This update is scheduled for Friday.,travel
4882,Monthly Newsletter,This week's newsletter includes important announcements. Please respond when convenient. This update is scheduled for Thursday.,newsletter_updates
884,Service Problem,The service is not working properly. Please check the problem. Please respond when convenient. This update is scheduled for Friday.,customer_support
2945,Schedule Update,Can we reschedule our meeting to Thursday afternoon? Please respond when convenient. This update is scheduled for Thursday.,meetings
1092,Weekend Plans,I wanted to check how you are doing. Please respond when convenient. This update is scheduled for Tuesday.,personal
4784,Monthly Newsletter,Here are this week's latest company updates. Please respond when convenient. This update is scheduled for Monday.,newsletter_updates
532,Support Request,I have not received my order yet and would like an update. Please respond when convenient. This update is scheduled for Wednesday.,customer_support
4023,Limited Time Deal,Our special offer is available for a limited time. Please respond when convenient. This update is scheduled for Wednesday.,promotions
4422,Limited Time Deal,Shop now and receive free delivery on qualifying purchases. Please respond when convenient. This update is scheduled for Friday.,promotions
4099,Limited Time Deal,Get 30 percent off your next purchase this weekend. Please respond when convenient. This update is scheduled for Thursday.,promotions
1728,Career Opportunity,I am writing to apply for the software developer position. Please respond when convenient. This update is scheduled for Thursday.,job_career
611,Support Request,I am having trouble with my order and need some assistance. Please respond when convenient. This update is scheduled for Wednesday.,customer_support
571,Service Problem,I am having trouble with my order and need some assistance. Please respond when convenient. This update is scheduled for Wednesday.,customer_support
2672,Meeting Reminder,The team meeting has been scheduled for Monday at 10 AM. Please respond when convenient. This update is scheduled for Monday.,meetings
3719,Event Invitation,Please find the invitation for the upcoming seminar. Please respond when convenient. This update is scheduled for Friday.,events
344,Quarterly Report,The client has requested an update on the project timeline. Please respond when convenient. This update is scheduled for Tuesday.,business
3001,Flight Booking,Please send me the details of my upcoming trip. Please respond when convenient. This update is scheduled for Tuesday.,travel
3140,Flight Booking,I would like to change the date of my hotel reservation. Please respond when convenient. This update is scheduled for Wednesday.,travel
435,Business Update,Please find the latest sales figures attached for discussion. Please respond when convenient. This update is scheduled for Wednesday.,business
1904,Job Application,I am interested in learning more about the internship opportunity. Please respond when convenient. This update is scheduled for Thursday.,job_career
3805,Event Invitation,We are organizing a celebration and would love you to join us. Please respond when convenient. This update is scheduled for Thursday.,events
4777,Weekly Update,This week's newsletter includes important announcements. Please respond when convenient. This update is scheduled for Monday.,newsletter_updates
2070,Invoice,Could you confirm whether my refund has been issued? Please respond when convenient. This update is scheduled for Tuesday.,finance
1538,Job Application,I am interested in learning more about the internship opportunity. Please respond when convenient. This update is scheduled for Thursday.,job_career
2253,Payment Update,Could you confirm whether my refund has been issued? Please respond when convenient. This update is scheduled for Wednesday.,finance
2347,Payment Update,Could you confirm whether my refund has been issued? Please respond when convenient. This update is scheduled for Monday.,finance
1518,Interview Invitation,I am interested in learning more about the internship opportunity. Please respond when convenient. This update is scheduled for Thursday.,job_career
966,Service Problem,I have not received my order yet and would like an update. Please respond when convenient. This update is scheduled for Friday.,customer_support
4407,Limited Time Deal,Get 30 percent off your next purchase this weekend. Please respond when convenient. This update is scheduled for Monday.,promotions
529,Support Request,Could you help me resolve this issue with my account? Please respond when convenient. This update is scheduled for Monday.,customer_support
177,Project Update,We need your approval before proceeding with the business plan. Please respond when convenient. This update is scheduled for Thursday.,business
3483,Flight Booking,The flight schedule has been updated by the airline. Please respond when convenient. This update is scheduled for Monday.,travel
2544,Schedule Update,Please confirm your availability for tomorrow's meeting. Please respond when convenient. This update is scheduled for Tuesday.,meetings
4936,Weekly Update,Here is your regular update with the latest information. Please respond when convenient. This update is scheduled for Wednesday.,newsletter_updates
573,Service Problem,The service is not working properly. Please check the problem. Please respond when convenient. This update is scheduled for Monday.,customer_support
2300,Account Statement,Your invoice is due for payment by the end of this month. Please respond when convenient. This update is scheduled for Friday.,finance
3509,Conference Update,You are invited to attend our annual conference next month. Please respond when convenient. This update is scheduled for Thursday.,events
2460,Payment Update,Please find the latest invoice attached to this email. Please respond when convenient. This update is scheduled for Tuesday.,finance
3610,Conference Update,Please RSVP for the upcoming company event. Please respond when convenient. This update is scheduled for Friday.,events
4555,Latest News,Here are this week's latest company updates. Please respond when convenient. This update is scheduled for Monday.,newsletter_updates
2209,Account Statement,Could you confirm whether my refund has been issued? Please respond when convenient. This update is scheduled for Tuesday.,finance
4721,Latest News,This week's newsletter includes important announcements. Please respond when convenient. This update is scheduled for Wednesday.,newsletter_updates
2756,Meeting Reminder,Please confirm your availability for tomorrow's meeting. Please respond when convenient. This update is scheduled for Friday.,meetings
384,Quarterly Report,The updated project proposal is ready for your review. Please respond when convenient. This update is scheduled for Tuesday.,business
853,Order Issue,I am having trouble with my order and need some assistance. Please respond when convenient. This update is scheduled for Thursday.,customer_support
1881,Interview Invitation,I am interested in learning more about the internship opportunity. Please respond when convenient. This update is scheduled for Friday.,job_career
371,Project Update,Please review the quarterly business report and share your feedback. Please respond when convenient. This update is scheduled for Tuesday.,business
2379,Invoice,Could you confirm whether my refund has been issued? Please respond when convenient. This update is scheduled for Tuesday.,finance
4324,Limited Time Deal,Our special offer is available for a limited time. Please respond when convenient. This update is scheduled for Tuesday.,promotions
1106,Weekend Plans,Would you like to join us for lunch tomorrow? Please respond when convenient. This update is scheduled for Wednesday.,personal
3414,Hotel Reservation,I would like to change the date of my hotel reservation. Please respond when convenient. This update is scheduled for Monday.,travel
3947,Event Invitation,You are invited to attend our annual conference next month. Please respond when convenient. This update is scheduled for Monday.,events
1337,Weekend Plans,I wanted to check how you are doing. Please respond when convenient. This update is scheduled for Tuesday.,personal
2190,Account Statement,Please find the latest invoice attached to this email. Please respond when convenient. This update is scheduled for Friday.,finance
4595,Latest News,Here is your regular update with the latest information. Please respond when convenient. This update is scheduled for Monday.,newsletter_updates
2320,Payment Update,Please find the latest invoice attached to this email. Please respond when convenient. This update is scheduled for Monday.,finance
4706,Weekly Update,Read the latest news and updates from our organization. Please respond when convenient. This update is scheduled for Thursday.,newsletter_updates
3711,Conference Update,We are organizing a celebration and would love you to join us. Please respond when convenient. This update is scheduled for Friday.,events
4849,Monthly Newsletter,Welcome to our monthly newsletter. Please respond when convenient. This update is scheduled for Wednesday.,newsletter_updates
1172,Weekend Plans,Are you free to meet for dinner this weekend? Please respond when convenient. This update is scheduled for Wednesday.,personal
4326,Special Offer,Shop now and receive free delivery on qualifying purchases. Please respond when convenient. This update is scheduled for Tuesday.,promotions
2695,Meeting Request,I would like to arrange a meeting to discuss the project. Please respond when convenient. This update is scheduled for Tuesday.,meetings
1423,Hello,Would you like to join us for lunch tomorrow? Please respond when convenient. This update is scheduled for Tuesday.,personal
2342,Account Statement,Could you confirm whether my refund has been issued? Please respond when convenient. This update is scheduled for Thursday.,finance
2652,Schedule Update,Please confirm your availability for tomorrow's meeting. Please respond when convenient. This update is scheduled for Monday.,meetings
4156,Limited Time Deal,Get 30 percent off your next purchase this weekend. Please respond when convenient. This update is scheduled for Monday.,promotions
1465,Hello,Would you like to join us for lunch tomorrow? Please respond when convenient. This update is scheduled for Wednesday.,personal
875,Order Issue,I am having trouble with my order and need some assistance. Please respond when convenient. This update is scheduled for Thursday.,customer_support
3340,Hotel Reservation,Can you help me book a hotel for my business trip? Please respond when convenient. This update is scheduled for Friday.,travel
4341,Exclusive Discount,Enjoy exclusive discounts on selected products today. Please respond when convenient. This update is scheduled for Monday.,promotions
1252,Weekend Plans,Would you like to join us for lunch tomorrow? Please respond when convenient. This update is scheduled for Thursday.,personal
2349,Invoice,Could you confirm whether my refund has been issued? Please respond when convenient. This update is scheduled for Friday.,finance
841,Service Problem,The service is not working properly. Please check the problem. Please respond when convenient. This update is scheduled for Tuesday.,customer_support
4569,Weekly Update,Read the latest news and updates from our organization. Please respond when convenient. This update is scheduled for Thursday.,newsletter_updates
582,Support Request,The service is not working properly. Please check the problem. Please respond when convenient. This update is scheduled for Thursday.,customer_support
205,Quarterly Report,The updated project proposal is ready for your review. Please respond when convenient. This update is scheduled for Thursday.,business
1642,Job Application,I am writing to apply for the software developer position. Please respond when convenient. This update is scheduled for Monday.,job_career
2015,Account Statement,I have a question regarding the payment shown on my account. Please respond when convenient. This update is scheduled for Friday.,finance
906,Service Problem,Could you help me resolve this issue with my account? Please respond when convenient. This update is scheduled for Tuesday.,customer_support
632,Service Problem,I am having trouble with my order and need some assistance. Please respond when convenient. This update is scheduled for Friday.,customer_support
3365,Hotel Reservation,I would like to change the date of my hotel reservation. Please respond when convenient. This update is scheduled for Wednesday.,travel
1975,Interview Invitation,We would like to invite you for an interview for the open position. Please respond when convenient. This update is scheduled for Friday.,job_career
163,Quarterly Report,We need your approval before proceeding with the business plan. Please respond when convenient. This update is scheduled for Monday.,business
3173,Flight Booking,Can you help me book a hotel for my business trip? Please respond when convenient. This update is scheduled for Wednesday.,travel
3613,Upcoming Event,We are organizing a celebration and would love you to join us. Please respond when convenient. This update is scheduled for Thursday.,events
4676,Monthly Newsletter,Welcome to our monthly newsletter. Please respond when convenient. This update is scheduled for Monday.,newsletter_updates
618,Service Problem,I am having trouble with my order and need some assistance. Please respond when convenient. This update is scheduled for Thursday.,customer_support
4069,Limited Time Deal,Get 30 percent off your next purchase this weekend. Please respond when convenient. This update is scheduled for Tuesday.,promotions
1432,Weekend Plans,Please call me when you have some free time. Please respond when convenient. This update is scheduled for Tuesday.,personal
548,Support Request,Could you help me resolve this issue with my account? Please respond when convenient. This update is scheduled for Monday.,customer_support
3335,Hotel Reservation,The flight schedule has been updated by the airline. Please respond when convenient. This update is scheduled for Thursday.,travel
4547,Monthly Newsletter,Here are this week's latest company updates. Please respond when convenient. This update is scheduled for Thursday.,newsletter_updates
4224,Special Offer,Get 30 percent off your next purchase this weekend. Please respond when convenient. This update is scheduled for Tuesday.,promotions
2388,Invoice,Could you confirm whether my refund has been issued? Please respond when convenient. This update is scheduled for Thursday.,finance
4244,Special Offer,Use this promotional code to receive a discount on your order. Please respond when convenient. This update is scheduled for Friday.,promotions
3996,Conference Update,You are invited to attend our annual conference next month. Please respond when convenient. This update is scheduled for Wednesday.,events
4066,Limited Time Deal,Enjoy exclusive discounts on selected products today. Please respond when convenient. This update is scheduled for Wednesday.,promotions
1862,Career Opportunity,I am interested in learning more about the internship opportunity. Please respond when convenient. This update is scheduled for Friday.,job_career
641,Order Issue,The service is not working properly. Please check the problem. Please respond when convenient. This update is scheduled for Thursday.,customer_support
3903,Conference Update,Please RSVP for the upcoming company event. Please respond when convenient. This update is scheduled for Thursday.,events
638,Support Request,I have not received my order yet and would like an update. Please respond when convenient. This update is scheduled for Tuesday.,customer_support
4263,Limited Time Deal,Use this promotional code to receive a discount on your order. Please respond when convenient. This update is scheduled for Monday.,promotions
3911,Upcoming Event,You are invited to attend our annual conference next month. Please respond when convenient. This update is scheduled for Wednesday.,events
2987,Meeting Reminder,Please confirm your availability for tomorrow's meeting. Please respond when convenient. This update is scheduled for Monday.,meetings
2097,Invoice,Could you confirm whether my refund has been issued? Please respond when convenient. This update is scheduled for Wednesday.,finance
4612,Latest News,Read the latest news and updates from our organization. Please respond when convenient. This update is scheduled for Thursday.,newsletter_updates
3076,Flight Booking,Please send me the details of my upcoming trip. Please respond when convenient. This update is scheduled for Wednesday.,travel
3675,Event Invitation,Please find the invitation for the upcoming seminar. Please respond when convenient. This update is scheduled for Friday.,events
2842,Meeting Request,I would like to arrange a meeting to discuss the project. Please respond when convenient. This update is scheduled for Wednesday.,meetings
922,Order Issue,I have not received my order yet and would like an update. Please respond when convenient. This update is scheduled for Wednesday.,customer_support
547,Order Issue,I am having trouble with my order and need some assistance. Please respond when convenient. This update is scheduled for Wednesday.,customer_support
3667,Event Invitation,Please find the invitation for the upcoming seminar. Please respond when convenient. This update is scheduled for Thursday.,events
1901,Job Application,We would like to invite you for an interview for the open position. Please respond when convenient. This update is scheduled for Monday.,job_career
2029,Account Statement,Could you confirm whether my refund has been issued? Please respond when convenient. This update is scheduled for Friday.,finance
2302,Payment Update,Your invoice is due for payment by the end of this month. Please respond when convenient. This update is scheduled for Thursday.,finance
1886,Interview Invitation,Could you provide an update regarding my job application? Please respond when convenient. This update is scheduled for Wednesday.,job_career
1643,Job Application,Please find my resume attached for your consideration. Please respond when convenient. This update is scheduled for Friday.,job_career
3510,Upcoming Event,Please find the invitation for the upcoming seminar. Please respond when convenient. This update is scheduled for Monday.,events
4810,Latest News,Here are this week's latest company updates. Please respond when convenient. This update is scheduled for Friday.,newsletter_updates
2098,Account Statement,The payment has been processed successfully. Please respond when convenient. This update is scheduled for Thursday.,finance
4358,Exclusive Discount,Our special offer is available for a limited time. Please respond when convenient. This update is scheduled for Wednesday.,promotions
3789,Upcoming Event,The event schedule has been updated. Please respond when convenient. This update is scheduled for Wednesday.,events
4495,Special Offer,Get 30 percent off your next purchase this weekend. Please respond when convenient. This update is scheduled for Monday.,promotions
4968,Latest News,Here is your regular update with the latest information. Please respond when convenient. This update is scheduled for Thursday.,newsletter_updates
837,Service Problem,The service is not working properly. Please check the problem. Please respond when convenient. This update is scheduled for Monday.,customer_support
602,Support Request,I am having trouble with my order and need some assistance. Please respond when convenient. This update is scheduled for Thursday.,customer_support
2185,Payment Update,Please find the latest invoice attached to this email. Please respond when convenient. This update is scheduled for Monday.,finance
3866,Upcoming Event,You are invited to attend our annual conference next month. Please respond when convenient. This update is scheduled for Friday.,events
2482,Account Statement,I have a question regarding the payment shown on my account. Please respond when convenient. This update is scheduled for Thursday.,finance
4308,Exclusive Discount,Get 30 percent off your next purchase this weekend. Please respond when convenient. This update is scheduled for Tuesday.,promotions
1583,Career Opportunity,Could you provide an update regarding my job application? Please respond when convenient. This update is scheduled for Friday.,job_career
4267,Limited Time Deal,Shop now and receive free delivery on qualifying purchases. Please respond when convenient. This update is scheduled for Thursday.,promotions
2534,Schedule Update,The meeting agenda is attached for your review. Please respond when convenient. This update is scheduled for Monday.,meetings
2726,Schedule Update,The meeting agenda is attached for your review. Please respond when convenient. This update is scheduled for Friday.,meetings
1071,Checking In,I wanted to check how you are doing. Please respond when convenient. This update is scheduled for Tuesday.,personal
1776,Career Opportunity,Please find my resume attached for your consideration. Please respond when convenient. This update is scheduled for Wednesday.,job_career
4809,Monthly Newsletter,This week's newsletter includes important announcements. Please respond when convenient. This update is scheduled for Wednesday.,newsletter_updates
1284,Hello,I wanted to check how you are doing. Please respond when convenient. This update is scheduled for Friday.,personal
3051,Flight Booking,Can you help me book a hotel for my business trip? Please respond when convenient. This update is scheduled for Wednesday.,travel
4754,Weekly Update,Read the latest news and updates from our organization. Please respond when convenient. This update is scheduled for Monday.,newsletter_updates
1837,Career Opportunity,Could you provide an update regarding my job application? Please respond when convenient. This update is scheduled for Tuesday.,job_career
4243,Limited Time Deal,Get 30 percent off your next purchase this weekend. Please respond when convenient. This update is scheduled for Friday.,promotions
1020,Hello,I hope you are doing well. Let me know when we can catch up. Please respond when convenient. This update is scheduled for Friday.,personal
4134,Special Offer,Get 30 percent off your next purchase this weekend. Please respond when convenient. This update is scheduled for Thursday.,promotions
1327,Hello,Please call me when you have some free time. Please respond when convenient. This update is scheduled for Tuesday.,personal
476,Quarterly Report,Please find the latest sales figures attached for discussion. Please respond when convenient. This update is scheduled for Wednesday.,business
4272,Special Offer,Enjoy exclusive discounts on selected products today. Please respond when convenient. This update is scheduled for Wednesday.,promotions
1652,Career Opportunity,I am writing to apply for the software developer position. Please respond when convenient. This update is scheduled for Wednesday.,job_career
3999,Conference Update,The event schedule has been updated. Please respond when convenient. This update is scheduled for Monday.,events
4468,Limited Time Deal,Enjoy exclusive discounts on selected products today. Please respond when convenient. This update is scheduled for Friday.,promotions
2611,Meeting Request,Please confirm your availability for tomorrow's meeting. Please respond when convenient. This update is scheduled for Monday.,meetings
2477,Invoice,Your invoice is due for payment by the end of this month. Please respond when convenient. This update is scheduled for Wednesday.,finance
2584,Schedule Update,Can we reschedule our meeting to Thursday afternoon? Please respond when convenient. This update is scheduled for Friday.,meetings
1374,Weekend Plans,I hope you are doing well. Let me know when we can catch up. Please respond when convenient. This update is scheduled for Friday.,personal
740,Support Request,I am having trouble with my order and need some assistance. Please respond when convenient. This update is scheduled for Thursday.,customer_support
3619,Conference Update,Please RSVP for the upcoming company event. Please respond when convenient. This update is scheduled for Thursday.,events
2441,Account Statement,Please find the latest invoice attached to this email. Please respond when convenient. This update is scheduled for Thursday.,finance
868,Service Problem,I have not received my order yet and would like an update. Please respond when convenient. This update is scheduled for Tuesday.,customer_support
1141,Checking In,I wanted to check how you are doing. Please respond when convenient. This update is scheduled for Thursday.,personal
998,Order Issue,I am having trouble with my order and need some assistance. Please respond when convenient. This update is scheduled for Tuesday.,customer_support
1338,Checking In,Please call me when you have some free time. Please respond when convenient. This update is scheduled for Monday.,personal
542,Order Issue,The service is not working properly. Please check the problem. Please respond when convenient. This update is scheduled for Friday.,customer_support
1100,Weekend Plans,Would you like to join us for lunch tomorrow? Please respond when convenient. This update is scheduled for Wednesday.,personal
1133,Hello,Are you free to meet for dinner this weekend? Please respond when convenient. This update is scheduled for Wednesday.,personal
4065,Limited Time Deal,Our special offer is available for a limited time. Please respond when convenient. This update is scheduled for Friday.,promotions
2716,Schedule Update,The meeting agenda is attached for your review. Please respond when convenient. This update is scheduled for Wednesday.,meetings
2259,Payment Update,I have a question regarding the payment shown on my account. Please respond when convenient. This update is scheduled for Wednesday.,finance
4751,Weekly Update,Here are this week's latest company updates. Please respond when convenient. This update is scheduled for Tuesday.,newsletter_updates
60,Quarterly Report,Please review the quarterly business report and share your feedback. Please respond when convenient. This update is scheduled for Tuesday.,business
2884,Meeting Reminder,I would like to arrange a meeting to discuss the project. Please respond when convenient. This update is scheduled for Monday.,meetings
1939,Career Opportunity,Please find my resume attached for your consideration. Please respond when convenient. This update is scheduled for Thursday.,job_career
2577,Schedule Update,The meeting agenda is attached for your review. Please respond when convenient. This update is scheduled for Tuesday.,meetings
4937,Weekly Update,Read the latest news and updates from our organization. Please respond when convenient. This update is scheduled for Wednesday.,newsletter_updates
1079,Hello,Are you free to meet for dinner this weekend? Please respond when convenient. This update is scheduled for Friday.,personal
3250,Travel Confirmation,I would like to change the date of my hotel reservation. Please respond when convenient. This update is scheduled for Tuesday.,travel
3128,Travel Confirmation,Can you help me book a hotel for my business trip? Please respond when convenient. This update is scheduled for Tuesday.,travel
2489,Payment Update,Could you confirm whether my refund has been issued? Please respond when convenient. This update is scheduled for Thursday.,finance
941,Service Problem,My product arrived damaged. Please help me with a replacement. Please respond when convenient. This update is scheduled for Tuesday.,customer_support
1081,Weekend Plans,Please call me when you have some free time. Please respond when convenient. This update is scheduled for Tuesday.,personal
188,Quarterly Report,The updated project proposal is ready for your review. Please respond when convenient. This update is scheduled for Tuesday.,business
2635,Meeting Request,The team meeting has been scheduled for Monday at 10 AM. Please respond when convenient. This update is scheduled for Wednesday.,meetings
2086,Payment Update,Could you confirm whether my refund has been issued? Please respond when convenient. This update is scheduled for Wednesday.,finance
2250,Account Statement,Please find the latest invoice attached to this email. Please respond when convenient. This update is scheduled for Monday.,finance
4891,Latest News,Read the latest news and updates from our organization. Please respond when convenient. This update is scheduled for Monday.,newsletter_updates
2024,Account Statement,Your invoice is due for payment by the end of this month. Please respond when convenient. This update is scheduled for Wednesday.,finance
3540,Upcoming Event,The event schedule has been updated. Please respond when convenient. This update is scheduled for Friday.,events
4049,Exclusive Discount,Our special offer is available for a limited time. Please respond when convenient. This update is scheduled for Friday.,promotions
3607,Conference Update,The event schedule has been updated. Please respond when convenient. This update is scheduled for Wednesday.,events
227,Project Update,We need your approval before proceeding with the business plan. Please respond when convenient. This update is scheduled for Monday.,business
4848,Weekly Update,Welcome to our monthly newsletter. Please respond when convenient. This update is scheduled for Monday.,newsletter_updates
1930,Interview Invitation,Please find my resume attached for your consideration. Please respond when convenient. This update is scheduled for Friday.,job_career
3056,Hotel Reservation,I would like to change the date of my hotel reservation. Please respond when convenient. This update is scheduled for Friday.,travel
4490,Limited Time Deal,Enjoy exclusive discounts on selected products today. Please respond when convenient. This update is scheduled for Monday.,promotions
1405,Hello,Would you like to join us for lunch tomorrow? Please respond when convenient. This update is scheduled for Tuesday.,personal
2180,Account Statement,The payment has been processed successfully. Please respond when convenient. This update is scheduled for Monday.,finance
698,Service Problem,My product arrived damaged. Please help me with a replacement. Please respond when convenient. This update is scheduled for Wednesday.,customer_support
1125,Hello,Please call me when you have some free time. Please respond when convenient. This update is scheduled for Wednesday.,personal
3362,Travel Confirmation,Can you help me book a hotel for my business trip? Please respond when convenient. This update is scheduled for Thursday.,travel
4136,Limited Time Deal,Shop now and receive free delivery on qualifying purchases. Please respond when convenient. This update is scheduled for Thursday.,promotions
1779,Career Opportunity,We would like to invite you for an interview for the open position. Please respond when convenient. This update is scheduled for Thursday.,job_career
2859,Schedule Update,Can we reschedule our meeting to Thursday afternoon? Please respond when convenient. This update is scheduled for Wednesday.,meetings
1038,Checking In,I hope you are doing well. Let me know when we can catch up. Please respond when convenient. This update is scheduled for Monday.,personal
4457,Limited Time Deal,Enjoy exclusive discounts on selected products today. Please respond when convenient. This update is scheduled for Friday.,promotions
2257,Invoice,Could you confirm whether my refund has been issued? Please respond when convenient. This update is scheduled for Wednesday.,finance
314,Quarterly Report,We need your approval before proceeding with the business plan. Please respond when convenient. This update is scheduled for Friday.,business
2282,Invoice,Please find the latest invoice attached to this email. Please respond when convenient. This update is scheduled for Wednesday.,finance
1417,Weekend Plans,Please call me when you have some free time. Please respond when convenient. This update is scheduled for Friday.,personal
1037,Checking In,Would you like to join us for lunch tomorrow? Please respond when convenient. This update is scheduled for Thursday.,personal
2160,Payment Update,I have a question regarding the payment shown on my account. Please respond when convenient. This update is scheduled for Thursday.,finance
4164,Limited Time Deal,Get 30 percent off your next purchase this weekend. Please respond when convenient. This update is scheduled for Monday.,promotions
1755,Career Opportunity,I am writing to apply for the software developer position. Please respond when convenient. This update is scheduled for Thursday.,job_career
3113,Hotel Reservation,The flight schedule has been updated by the airline. Please respond when convenient. This update is scheduled for Thursday.,travel
2814,Meeting Reminder,Can we reschedule our meeting to Thursday afternoon? Please respond when convenient. This update is scheduled for Friday.,meetings
2699,Schedule Update,Please confirm your availability for tomorrow's meeting. Please respond when convenient. This update is scheduled for Friday.,meetings
3208,Hotel Reservation,Your flight booking has been confirmed for next Monday. Please respond when convenient. This update is scheduled for Thursday.,travel
4351,Special Offer,Use this promotional code to receive a discount on your order. Please respond when convenient. This update is scheduled for Wednesday.,promotions
3432,Flight Booking,Your flight booking has been confirmed for next Monday. Please respond when convenient. This update is scheduled for Wednesday.,travel
1507,Career Opportunity,I am writing to apply for the software developer position. Please respond when convenient. This update is scheduled for Tuesday.,job_career
1924,Career Opportunity,We would like to invite you for an interview for the open position. Please respond when convenient. This update is scheduled for Friday.,job_career
449,Project Update,The updated project proposal is ready for your review. Please respond when convenient. This update is scheduled for Friday.,business
4129,Exclusive Discount,Use this promotional code to receive a discount on your order. Please respond when convenient. This update is scheduled for Friday.,promotions
2529,Meeting Reminder,The meeting agenda is attached for your review. Please respond when convenient. This update is scheduled for Wednesday.,meetings
4970,Latest News,Here is your regular update with the latest information. Please respond when convenient. This update is scheduled for Thursday.,newsletter_updates
2790,Meeting Request,Can we reschedule our meeting to Thursday afternoon? Please respond when convenient. This update is scheduled for Wednesday.,meetings
362,Project Update,Please find the latest sales figures attached for discussion. Please respond when convenient. This update is scheduled for Thursday.,business
2184,Payment Update,I have a question regarding the payment shown on my account. Please respond when convenient. This update is scheduled for Tuesday.,finance
1135,Checking In,Are you free to meet for dinner this weekend? Please respond when convenient. This update is scheduled for Tuesday.,personal
3881,Event Invitation,Please RSVP for the upcoming company event. Please respond when convenient. This update is scheduled for Monday.,events
2156,Payment Update,Could you confirm whether my refund has been issued? Please respond when convenient. This update is scheduled for Friday.,finance
1831,Job Application,I am interested in learning more about the internship opportunity. Please respond when convenient. This update is scheduled for Wednesday.,job_career
1054,Hello,Please call me when you have some free time. Please respond when convenient. This update is scheduled for Wednesday.,personal
23,Project Update,The updated project proposal is ready for your review. Please respond when convenient. This update is scheduled for Monday.,business
2067,Account Statement,Please find the latest invoice attached to this email. Please respond when convenient. This update is scheduled for Wednesday.,finance
1654,Interview Invitation,Please find my resume attached for your consideration. Please respond when convenient. This update is scheduled for Thursday.,job_career
2588,Meeting Reminder,Please confirm your availability for tomorrow's meeting. Please respond when convenient. This update is scheduled for Monday.,meetings
3211,Flight Booking,Can you help me book a hotel for my business trip? Please respond when convenient. This update is scheduled for Thursday.,travel
4303,Exclusive Discount,Enjoy exclusive discounts on selected products today. Please respond when convenient. This update is scheduled for Friday.,promotions
4037,Exclusive Discount,Our special offer is available for a limited time. Please respond when convenient. This update is scheduled for Thursday.,promotions
2326,Invoice,The payment has been processed successfully. Please respond when convenient. This update is scheduled for Wednesday.,finance
461,Project Update,Please review the quarterly business report and share your feedback. Please respond when convenient. This update is scheduled for Monday.,business
1068,Weekend Plans,I wanted to check how you are doing. Please respond when convenient. This update is scheduled for Thursday.,personal
88,Business Update,Please find the latest sales figures attached for discussion. Please respond when convenient. This update is scheduled for Tuesday.,business
1431,Weekend Plans,I hope you are doing well. Let me know when we can catch up. Please respond when convenient. This update is scheduled for Wednesday.,personal
2648,Meeting Reminder,The team meeting has been scheduled for Monday at 10 AM. Please respond when convenient. This update is scheduled for Friday.,meetings
283,Quarterly Report,Please review the quarterly business report and share your feedback. Please respond when convenient. This update is scheduled for Monday.,business
463,Quarterly Report,Please review the quarterly business report and share your feedback. Please respond when convenient. This update is scheduled for Thursday.,business
213,Project Update,We need your approval before proceeding with the business plan. Please respond when convenient. This update is scheduled for Thursday.,business
2500,Invoice,The payment has been processed successfully. Please respond when convenient. This update is scheduled for Friday.,finance
1369,Weekend Plans,I wanted to check how you are doing. Please respond when convenient. This update is scheduled for Tuesday.,personal
235,Project Update,Please find the latest sales figures attached for discussion. Please respond when convenient. This update is scheduled for Wednesday.,business
2771,Meeting Reminder,The team meeting has been scheduled for Monday at 10 AM. Please respond when convenient. This update is scheduled for Friday.,meetings
598,Support Request,I have not received my order yet and would like an update. Please respond when convenient. This update is scheduled for Monday.,customer_support
4421,Special Offer,Get 30 percent off your next purchase this weekend. Please respond when convenient. This update is scheduled for Monday.,promotions
2251,Invoice,Could you confirm whether my refund has been issued? Please respond when convenient. This update is scheduled for Monday.,finance
4032,Exclusive Discount,Enjoy exclusive discounts on selected products today. Please respond when convenient. This update is scheduled for Monday.,promotions
2284,Invoice,The payment has been processed successfully. Please respond when convenient. This update is scheduled for Monday.,finance
663,Support Request,My product arrived damaged. Please help me with a replacement. Please respond when convenient. This update is scheduled for Monday.,customer_support
4964,Monthly Newsletter,Here is your regular update with the latest information. Please respond when convenient. This update is scheduled for Friday.,newsletter_updates
2286,Account Statement,Please find the latest invoice attached to this email. Please respond when convenient. This update is scheduled for Wednesday.,finance
4717,Weekly Update,Here is your regular update with the latest information. Please respond when convenient. This update is scheduled for Tuesday.,newsletter_updates
3194,Flight Booking,I would like to change the date of my hotel reservation. Please respond when convenient. This update is scheduled for Tuesday.,travel
2504,Schedule Update,Can we reschedule our meeting to Thursday afternoon? Please respond when convenient. This update is scheduled for Thursday.,meetings
4044,Limited Time Deal,Use this promotional code to receive a discount on your order. Please respond when convenient. This update is scheduled for Thursday.,promotions
780,Support Request,Could you help me resolve this issue with my account? Please respond when convenient. This update is scheduled for Tuesday.,customer_support
4020,Special Offer,Our special offer is available for a limited time. Please respond when convenient. This update is scheduled for Wednesday.,promotions
3427,Flight Booking,Can you help me book a hotel for my business trip? Please respond when convenient. This update is scheduled for Monday.,travel
4307,Limited Time Deal,Shop now and receive free delivery on qualifying purchases. Please respond when convenient. This update is scheduled for Monday.,promotions
3197,Hotel Reservation,Your flight booking has been confirmed for next Monday. Please respond when convenient. This update is scheduled for Tuesday.,travel
4836,Monthly Newsletter,This week's newsletter includes important announcements. Please respond when convenient. This update is scheduled for Thursday.,newsletter_updates
686,Order Issue,The service is not working properly. Please check the problem. Please respond when convenient. This update is scheduled for Wednesday.,customer_support
3170,Travel Confirmation,Can you help me book a hotel for my business trip? Please respond when convenient. This update is scheduled for Friday.,travel
3927,Upcoming Event,Please RSVP for the upcoming company event. Please respond when convenient. This update is scheduled for Friday.,events
3435,Travel Confirmation,I would like to change the date of my hotel reservation. Please respond when convenient. This update is scheduled for Thursday.,travel
2172,Account Statement,The payment has been processed successfully. Please respond when convenient. This update is scheduled for Wednesday.,finance
3690,Upcoming Event,Please find the invitation for the upcoming seminar. Please respond when convenient. This update is scheduled for Wednesday.,events
1851,Job Application,Please find my resume attached for your consideration. Please respond when convenient. This update is scheduled for Wednesday.,job_career
488,Business Update,Please find the latest sales figures attached for discussion. Please respond when convenient. This update is scheduled for Tuesday.,business
1689,Career Opportunity,Please find my resume attached for your consideration. Please respond when convenient. This update is scheduled for Tuesday.,job_career
2231,Invoice,Your invoice is due for payment by the end of this month. Please respond when convenient. This update is scheduled for Tuesday.,finance
3265,Flight Booking,Please send me the details of my upcoming trip. Please respond when convenient. This update is scheduled for Friday.,travel
2321,Invoice,The payment has been processed successfully. Please respond when convenient. This update is scheduled for Friday.,finance
783,Order Issue,My product arrived damaged. Please help me with a replacement. Please respond when convenient. This update is scheduled for Thursday.,customer_support
522,Support Request,I am having trouble with my order and need some assistance. Please respond when convenient. This update is scheduled for Thursday.,customer_support
523,Order Issue,Could you help me resolve this issue with my account? Please respond when convenient. This update is scheduled for Monday.,customer_support
2838,Schedule Update,The meeting agenda is attached for your review. Please respond when convenient. This update is scheduled for Wednesday.,meetings
4540,Monthly Newsletter,Read the latest news and updates from our organization. Please respond when convenient. This update is scheduled for Monday.,newsletter_updates
2399,Account Statement,I have a question regarding the payment shown on my account. Please respond when convenient. This update is scheduled for Friday.,finance
2208,Payment Update,The payment has been processed successfully. Please respond when convenient. This update is scheduled for Thursday.,finance
3478,Flight Booking,Your flight booking has been confirmed for next Monday. Please respond when convenient. This update is scheduled for Wednesday.,travel
3553,Event Invitation,The event schedule has been updated. Please respond when convenient. This update is scheduled for Tuesday.,events
4088,Exclusive Discount,Our special offer is available for a limited time. Please respond when convenient. This update is scheduled for Thursday.,promotions
2823,Schedule Update,The meeting agenda is attached for your review. Please respond when convenient. This update is scheduled for Thursday.,meetings
1512,Interview Invitation,Could you provide an update regarding my job application? Please respond when convenient. This update is scheduled for Thursday.,job_career
1883,Interview Invitation,Please find my resume attached for your consideration. Please respond when convenient. This update is scheduled for Tuesday.,job_career
652,Support Request,I have not received my order yet and would like an update. Please respond when convenient. This update is scheduled for Wednesday.,customer_support
4931,Weekly Update,Welcome to our monthly newsletter. Please respond when convenient. This update is scheduled for Thursday.,newsletter_updates
3090,Travel Confirmation,The flight schedule has been updated by the airline. Please respond when convenient. This update is scheduled for Thursday.,travel
370,Project Update,Please review the quarterly business report and share your feedback. Please respond when convenient. This update is scheduled for Friday.,business
4998,Latest News,Here are this week's latest company updates. Please respond when convenient. This update is scheduled for Thursday.,newsletter_updates
119,Business Update,We need your approval before proceeding with the business plan. Please respond when convenient. This update is scheduled for Monday.,business
3321,Travel Confirmation,Please send me the details of my upcoming trip. Please respond when convenient. This update is scheduled for Thursday.,travel
3035,Travel Confirmation,The flight schedule has been updated by the airline. Please respond when convenient. This update is scheduled for Monday.,travel
2217,Invoice,Your invoice is due for payment by the end of this month. Please respond when convenient. This update is scheduled for Wednesday.,finance
3543,Upcoming Event,We are organizing a celebration and would love you to join us. Please respond when convenient. This update is scheduled for Wednesday.,events
1614,Career Opportunity,Please find my resume attached for your consideration. Please respond when convenient. This update is scheduled for Thursday.,job_career
3152,Flight Booking,The flight schedule has been updated by the airline. Please respond when convenient. This update is scheduled for Monday.,travel
963,Service Problem,My product arrived damaged. Please help me with a replacement. Please respond when convenient. This update is scheduled for Monday.,customer_support
2511,Meeting Reminder,Please confirm your availability for tomorrow's meeting. Please respond when convenient. This update is scheduled for Friday.,meetings
3832,Upcoming Event,Please RSVP for the upcoming company event. Please respond when convenient. This update is scheduled for Tuesday.,events
2824,Meeting Reminder,Can we reschedule our meeting to Thursday afternoon? Please respond when convenient. This update is scheduled for Wednesday.,meetings
4344,Limited Time Deal,Get 30 percent off your next purchase this weekend. Please respond when convenient. This update is scheduled for Thursday.,promotions
3033,Travel Confirmation,Please send me the details of my upcoming trip. Please respond when convenient. This update is scheduled for Wednesday.,travel
2416,Payment Update,Please find the latest invoice attached to this email. Please respond when convenient. This update is scheduled for Monday.,finance
4655,Monthly Newsletter,Read the latest news and updates from our organization. Please respond when convenient. This update is scheduled for Monday.,newsletter_updates
4237,Special Offer,Enjoy exclusive discounts on selected products today. Please respond when convenient. This update is scheduled for Monday.,promotions
2186,Account Statement,Your invoice is due for payment by the end of this month. Please respond when convenient. This update is scheduled for Friday.,finance
3670,Conference Update,The event schedule has been updated. Please respond when convenient. This update is scheduled for Monday.,events
2038,Account Statement,I have a question regarding the payment shown on my account. Please respond when convenient. This update is scheduled for Thursday.,finance
4363,Exclusive Discount,Our special offer is available for a limited time. Please respond when convenient. This update is scheduled for Wednesday.,promotions
773,Service Problem,The service is not working properly. Please check the problem. Please respond when convenient. This update is scheduled for Thursday.,customer_support
1285,Checking In,Are you free to meet for dinner this weekend? Please respond when convenient. This update is scheduled for Friday.,personal
4604,Latest News,Welcome to our monthly newsletter. Please respond when convenient. This update is scheduled for Tuesday.,newsletter_updates
4795,Monthly Newsletter,Read the latest news and updates from our organization. Please respond when convenient. This update is scheduled for Tuesday.,newsletter_updates
1415,Hello,I hope you are doing well. Let me know when we can catch up. Please respond when convenient. This update is scheduled for Friday.,personal
1235,Hello,Would you like to join us for lunch tomorrow? Please respond when convenient. This update is scheduled for Monday.,personal
2700,Meeting Request,The team meeting has been scheduled for Monday at 10 AM. Please respond when convenient. This update is scheduled for Monday.,meetings
436,Project Update,We need your approval before proceeding with the business plan. Please respond when convenient. This update is scheduled for Tuesday.,business
1675,Interview Invitation,We would like to invite you for an interview for the open position. Please respond when convenient. This update is scheduled for Monday.,job_career
366,Project Update,Please find the latest sales figures attached for discussion. Please respond when convenient. This update is scheduled for Thursday.,business
2650,Meeting Request,Can we reschedule our meeting to Thursday afternoon? Please respond when convenient. This update is scheduled for Friday.,meetings
232,Business Update,The client has requested an update on the project timeline. Please respond when convenient. This update is scheduled for Tuesday.,business
4268,Special Offer,Enjoy exclusive discounts on selected products today. Please respond when convenient. This update is scheduled for Tuesday.,promotions
4042,Limited Time Deal,Enjoy exclusive discounts on selected products today. Please respond when convenient. This update is scheduled for Monday.,promotions
4400,Special Offer,Enjoy exclusive discounts on selected products today. Please respond when convenient. This update is scheduled for Monday.,promotions
408,Project Update,Please review the quarterly business report and share your feedback. Please respond when convenient. This update is scheduled for Friday.,business
2091,Account Statement,The payment has been processed successfully. Please respond when convenient. This update is scheduled for Friday.,finance
87,Project Update,Please find the latest sales figures attached for discussion. Please respond when convenient. This update is scheduled for Tuesday.,business
845,Support Request,The service is not working properly. Please check the problem. Please respond when convenient. This update is scheduled for Thursday.,customer_support
1032,Checking In,Please call me when you have some free time. Please respond when convenient. This update is scheduled for Monday.,personal
2856,Meeting Reminder,Can we reschedule our meeting to Thursday afternoon? Please respond when convenient. This update is scheduled for Monday.,meetings
4110,Special Offer,Shop now and receive free delivery on qualifying purchases. Please respond when convenient. This update is scheduled for Monday.,promotions
4397,Limited Time Deal,Shop now and receive free delivery on qualifying purchases. Please respond when convenient. This update is scheduled for Friday.,promotions
3894,Upcoming Event,The event schedule has been updated. Please respond when convenient. This update is scheduled for Thursday.,events
2659,Schedule Update,I would like to arrange a meeting to discuss the project. Please respond when convenient. This update is scheduled for Friday.,meetings
856,Support Request,I have not received my order yet and would like an update. Please respond when convenient. This update is scheduled for Thursday.,customer_support
79,Project Update,Please find the latest sales figures attached for discussion. Please respond when convenient. This update is scheduled for Tuesday.,business
2248,Invoice,Your invoice is due for payment by the end of this month. Please respond when convenient. This update is scheduled for Thursday.,finance
4571,Latest News,Welcome to our monthly newsletter. Please respond when convenient. This update is scheduled for Thursday.,newsletter_updates
3657,Event Invitation,Please find the invitation for the upcoming seminar. Please respond when convenient. This update is scheduled for Thursday.,events
4152,Limited Time Deal,Use this promotional code to receive a discount on your order. Please respond when convenient. This update is scheduled for Thursday.,promotions
3379,Hotel Reservation,Your flight booking has been confirmed for next Monday. Please respond when convenient. This update is scheduled for Thursday.,travel
2280,Invoice,Could you confirm whether my refund has been issued? Please respond when convenient. This update is scheduled for Wednesday.,finance
2599,Meeting Request,I would like to arrange a meeting to discuss the project. Please respond when convenient. This update is scheduled for Tuesday.,meetings
4160,Special Offer,Get 30 percent off your next purchase this weekend. Please respond when convenient. This update is scheduled for Friday.,promotions
3871,Upcoming Event,Please RSVP for the upcoming company event. Please respond when convenient. This update is scheduled for Monday.,events
3429,Travel Confirmation,I would like to change the date of my hotel reservation. Please respond when convenient. This update is scheduled for Friday.,travel
2177,Invoice,Your invoice is due for payment by the end of this month. Please respond when convenient. This update is scheduled for Friday.,finance
425,Quarterly Report,The client has requested an update on the project timeline. Please respond when convenient. This update is scheduled for Tuesday.,business
393,Project Update,Please review the quarterly business report and share your feedback. Please respond when convenient. This update is scheduled for Thursday.,business
4727,Latest News,This week's newsletter includes important announcements. Please respond when convenient. This update is scheduled for Wednesday.,newsletter_updates
3694,Conference Update,Please find the invitation for the upcoming seminar. Please respond when convenient. This update is scheduled for Thursday.,events
105,Business Update,Please review the quarterly business report and share your feedback. Please respond when convenient. This update is scheduled for Friday.,business
3995,Event Invitation,Please find the invitation for the upcoming seminar. Please respond when convenient. This update is scheduled for Monday.,events
4413,Limited Time Deal,Shop now and receive free delivery on qualifying purchases. Please respond when convenient. This update is scheduled for Monday.,promotions
1949,Interview Invitation,We would like to invite you for an interview for the open position. Please respond when convenient. This update is scheduled for Thursday.,job_career
1460,Hello,Please call me when you have some free time. Please respond when convenient. This update is scheduled for Friday.,personal
3258,Travel Confirmation,I would like to change the date of my hotel reservation. Please respond when convenient. This update is scheduled for Monday.,travel
2804,Schedule Update,I would like to arrange a meeting to discuss the project. Please respond when convenient. This update is scheduled for Tuesday.,meetings
2707,Schedule Update,The team meeting has been scheduled for Monday at 10 AM. Please respond when convenient. This update is scheduled for Thursday.,meetings
4790,Weekly Update,Welcome to our monthly newsletter. Please respond when convenient. This update is scheduled for Tuesday.,newsletter_updates
1588,Interview Invitation,I am writing to apply for the software developer position. Please respond when convenient. This update is scheduled for Tuesday.,job_career
3660,Upcoming Event,Please find the invitation for the upcoming seminar. Please respond when convenient. This update is scheduled for Friday.,events
1732,Career Opportunity,I am writing to apply for the software developer position. Please respond when convenient. This update is scheduled for Tuesday.,job_career
4765,Monthly Newsletter,Welcome to our monthly newsletter. Please respond when convenient. This update is scheduled for Tuesday.,newsletter_updates
4225,Special Offer,Our special offer is available for a limited time. Please respond when convenient. This update is scheduled for Monday.,promotions
3682,Conference Update,You are invited to attend our annual conference next month. Please respond when convenient. This update is scheduled for Wednesday.,events
1792,Job Application,Could you provide an update regarding my job application? Please respond when convenient. This update is scheduled for Thursday.,job_career
2356,Account Statement,Could you confirm whether my refund has been issued? Please respond when convenient. This update is scheduled for Wednesday.,finance
1941,Interview Invitation,We would like to invite you for an interview for the open position. Please respond when convenient. This update is scheduled for Monday.,job_career
703,Service Problem,The service is not working properly. Please check the problem. Please respond when convenient. This update is scheduled for Monday.,customer_support
2443,Invoice,Please find the latest invoice attached to this email. Please respond when convenient. This update is scheduled for Monday.,finance
4376,Exclusive Discount,Enjoy exclusive discounts on selected products today. Please respond when convenient. This update is scheduled for Monday.,promotions
497,Quarterly Report,The updated project proposal is ready for your review. Please respond when convenient. This update is scheduled for Friday.,business
465,Business Update,We need your approval before proceeding with the business plan. Please respond when convenient. This update is scheduled for Friday.,business
4072,Exclusive Discount,Use this promotional code to receive a discount on your order. Please respond when convenient. This update is scheduled for Tuesday.,promotions
4334,Limited Time Deal,Our special offer is available for a limited time. Please respond when convenient. This update is scheduled for Friday.,promotions
173,Project Update,The client has requested an update on the project timeline. Please respond when convenient. This update is scheduled for Wednesday.,business
4944,Weekly Update,Here is your regular update with the latest information. Please respond when convenient. This update is scheduled for Tuesday.,newsletter_updates
4797,Monthly Newsletter,This week's newsletter includes important announcements. Please respond when convenient. This update is scheduled for Wednesday.,newsletter_updates
2541,Meeting Reminder,Please confirm your availability for tomorrow's meeting. Please respond when convenient. This update is scheduled for Monday.,meetings
3263,Hotel Reservation,The flight schedule has been updated by the airline. Please respond when convenient. This update is scheduled for Thursday.,travel
4681,Monthly Newsletter,Here is your regular update with the latest information. Please respond when convenient. This update is scheduled for Tuesday.,newsletter_updates
2261,Payment Update,Could you confirm whether my refund has been issued? Please respond when convenient. This update is scheduled for Monday.,finance
2113,Account Statement,I have a question regarding the payment shown on my account. Please respond when convenient. This update is scheduled for Friday.,finance
901,Support Request,I am having trouble with my order and need some assistance. Please respond when convenient. This update is scheduled for Monday.,customer_support
1447,Checking In,I wanted to check how you are doing. Please respond when convenient. This update is scheduled for Tuesday.,personal
3574,Upcoming Event,The event schedule has been updated. Please respond when convenient. This update is scheduled for Monday.,events
742,Order Issue,I have not received my order yet and would like an update. Please respond when convenient. This update is scheduled for Friday.,customer_support
2294,Payment Update,The payment has been processed successfully. Please respond when convenient. This update is scheduled for Thursday.,finance
2453,Payment Update,The payment has been processed successfully. Please respond when convenient. This update is scheduled for Friday.,finance
2623,Meeting Reminder,Please confirm your availability for tomorrow's meeting. Please respond when convenient. This update is scheduled for Thursday.,meetings
4079,Special Offer,Our special offer is available for a limited time. Please respond when convenient. This update is scheduled for Friday.,promotions
1207,Checking In,Please call me when you have some free time. Please respond when convenient. This update is scheduled for Friday.,personal
510,Support Request,I have not received my order yet and would like an update. Please respond when convenient. This update is scheduled for Thursday.,customer_support
2621,Meeting Reminder,I would like to arrange a meeting to discuss the project. Please respond when convenient. This update is scheduled for Thursday.,meetings
2803,Schedule Update,Please confirm your availability for tomorrow's meeting. Please respond when convenient. This update is scheduled for Wednesday.,meetings
3314,Flight Booking,I would like to change the date of my hotel reservation. Please respond when convenient. This update is scheduled for Monday.,travel
1550,Job Application,Please find my resume attached for your consideration. Please respond when convenient. This update is scheduled for Thursday.,job_career
4564,Monthly Newsletter,Here is your regular update with the latest information. Please respond when convenient. This update is scheduled for Wednesday.,newsletter_updates
2203,Invoice,Could you confirm whether my refund has been issued? Please respond when convenient. This update is scheduled for Wednesday.,finance
2567,Meeting Reminder,The team meeting has been scheduled for Monday at 10 AM. Please respond when convenient. This update is scheduled for Monday.,meetings
3893,Event Invitation,Please RSVP for the upcoming company event. Please respond when convenient. This update is scheduled for Wednesday.,events
2045,Invoice,The payment has been processed successfully. Please respond when convenient. This update is scheduled for Monday.,finance
768,Service Problem,My product arrived damaged. Please help me with a replacement. Please respond when convenient. This update is scheduled for Monday.,customer_support
4873,Weekly Update,Read the latest news and updates from our organization. Please respond when convenient. This update is scheduled for Thursday.,newsletter_updates
3739,Event Invitation,The event schedule has been updated. Please respond when convenient. This update is scheduled for Tuesday.,events
422,Quarterly Report,We need your approval before proceeding with the business plan. Please respond when convenient. This update is scheduled for Monday.,business
124,Quarterly Report,The client has requested an update on the project timeline. Please respond when convenient. This update is scheduled for Wednesday.,business
4163,Limited Time Deal,Shop now and receive free delivery on qualifying purchases. Please respond when convenient. This update is scheduled for Monday.,promotions
2629,Schedule Update,The meeting agenda is attached for your review. Please respond when convenient. This update is scheduled for Friday.,meetings
820,Order Issue,I have not received my order yet and would like an update. Please respond when convenient. This update is scheduled for Monday.,customer_support
1404,Hello,I hope you are doing well. Let me know when we can catch up. Please respond when convenient. This update is scheduled for Monday.,personal
1383,Hello,Are you free to meet for dinner this weekend? Please respond when convenient. This update is scheduled for Tuesday.,personal
2149,Invoice,Your invoice is due for payment by the end of this month. Please respond when convenient. This update is scheduled for Tuesday.,finance
1576,Career Opportunity,I am interested in learning more about the internship opportunity. Please respond when convenient. This update is scheduled for Wednesday.,job_career
1639,Career Opportunity,Could you provide an update regarding my job application? Please respond when convenient. This update is scheduled for Monday.,job_career
1796,Job Application,We would like to invite you for an interview for the open position. Please respond when convenient. This update is scheduled for Friday.,job_career
4816,Weekly Update,Welcome to our monthly newsletter. Please respond when convenient. This update is scheduled for Thursday.,newsletter_updates
400,Quarterly Report,We need your approval before proceeding with the business plan. Please respond when convenient. This update is scheduled for Monday.,business
2311,Payment Update,Could you confirm whether my refund has been issued? Please respond when convenient. This update is scheduled for Thursday.,finance
883,Support Request,I have not received my order yet and would like an update. Please respond when convenient. This update is scheduled for Wednesday.,customer_support
4974,Monthly Newsletter,Welcome to our monthly newsletter. Please respond when convenient. This update is scheduled for Wednesday.,newsletter_updates
2898,Meeting Request,The meeting agenda is attached for your review. Please respond when convenient. This update is scheduled for Tuesday.,meetings
1353,Hello,I hope you are doing well. Let me know when we can catch up. Please respond when convenient. This update is scheduled for Friday.,personal
2743,Schedule Update,I would like to arrange a meeting to discuss the project. Please respond when convenient. This update is scheduled for Friday.,meetings
4551,Monthly Newsletter,This week's newsletter includes important announcements. Please respond when convenient. This update is scheduled for Friday.,newsletter_updates
2131,Invoice,Please find the latest invoice attached to this email. Please respond when convenient. This update is scheduled for Tuesday.,finance
983,Support Request,I am having trouble with my order and need some assistance. Please respond when convenient. This update is scheduled for Monday.,customer_support
457,Quarterly Report,We need your approval before proceeding with the business plan. Please respond when convenient. This update is scheduled for Friday.,business
4120,Exclusive Discount,Enjoy exclusive discounts on selected products today. Please respond when convenient. This update is scheduled for Friday.,promotions
1080,Hello,I wanted to check how you are doing. Please respond when convenient. This update is scheduled for Wednesday.,personal
1951,Career Opportunity,I am writing to apply for the software developer position. Please respond when convenient. This update is scheduled for Friday.,job_career
4315,Special Offer,Use this promotional code to receive a discount on your order. Please respond when convenient. This update is scheduled for Monday.,promotions
690,Service Problem,Could you help me resolve this issue with my account? Please respond when convenient. This update is scheduled for Thursday.,customer_support
2430,Account Statement,Your invoice is due for payment by the end of this month. Please respond when convenient. This update is scheduled for Wednesday.,finance
642,Order Issue,I am having trouble with my order and need some assistance. Please respond when convenient. This update is scheduled for Tuesday.,customer_support
2393,Payment Update,Your invoice is due for payment by the end of this month. Please respond when convenient. This update is scheduled for Thursday.,finance
1954,Job Application,I am writing to apply for the software developer position. Please respond when convenient. This update is scheduled for Tuesday.,job_career
2749,Schedule Update,The team meeting has been scheduled for Monday at 10 AM. Please respond when convenient. This update is scheduled for Monday.,meetings
4314,Exclusive Discount,Get 30 percent off your next purchase this weekend. Please respond when convenient. This update is scheduled for Thursday.,promotions
3436,Hotel Reservation,Your flight booking has been confirmed for next Monday. Please respond when convenient. This update is scheduled for Wednesday.,travel
3337,Flight Booking,Can you help me book a hotel for my business trip? Please respond when convenient. This update is scheduled for Tuesday.,travel
4767,Weekly Update,This week's newsletter includes important announcements. Please respond when convenient. This update is scheduled for Monday.,newsletter_updates
3371,Hotel Reservation,The flight schedule has been updated by the airline. Please respond when convenient. This update is scheduled for Thursday.,travel
1885,Career Opportunity,Please find my resume attached for your consideration. Please respond when convenient. This update is scheduled for Friday.,job_career
390,Project Update,Please find the latest sales figures attached for discussion. Please respond when convenient. This update is scheduled for Wednesday.,business
2495,Payment Update,Please find the latest invoice attached to this email. Please respond when convenient. This update is scheduled for Thursday.,finance
3879,Upcoming Event,We are organizing a celebration and would love you to join us. Please respond when convenient. This update is scheduled for Tuesday.,events
3857,Conference Update,The event schedule has been updated. Please respond when convenient. This update is scheduled for Tuesday.,events
846,Support Request,The service is not working properly. Please check the problem. Please respond when convenient. This update is scheduled for Thursday.,customer_support
543,Order Issue,I have not received my order yet and would like an update. Please respond when convenient. This update is scheduled for Tuesday.,customer_support
92,Project Update,Please find the latest sales figures attached for discussion. Please respond when convenient. This update is scheduled for Thursday.,business
3890,Conference Update,We are organizing a celebration and would love you to join us. Please respond when convenient. This update is scheduled for Monday.,events
1980,Interview Invitation,I am interested in learning more about the internship opportunity. Please respond when convenient. This update is scheduled for Wednesday.,job_career
2813,Meeting Reminder,Please confirm your availability for tomorrow's meeting. Please respond when convenient. This update is scheduled for Thursday.,meetings
4083,Limited Time Deal,Get 30 percent off your next purchase this weekend. Please respond when convenient. This update is scheduled for Monday.,promotions
2903,Schedule Update,Please confirm your availability for tomorrow's meeting. Please respond when convenient. This update is scheduled for Tuesday.,meetings
2530,Schedule Update,The meeting agenda is attached for your review. Please respond when convenient. This update is scheduled for Friday.,meetings
1677,Interview Invitation,Please find my resume attached for your consideration. Please respond when convenient. This update is scheduled for Thursday.,job_career
1049,Checking In,Would you like to join us for lunch tomorrow? Please respond when convenient. This update is scheduled for Tuesday.,personal
1961,Job Application,I am writing to apply for the software developer position. Please respond when convenient. This update is scheduled for Tuesday.,job_career
2531,Meeting Request,I would like to arrange a meeting to discuss the project. Please respond when convenient. This update is scheduled for Monday.,meetings
3993,Upcoming Event,We are organizing a celebration and would love you to join us. Please respond when convenient. This update is scheduled for Monday.,events
238,Business Update,Please review the quarterly business report and share your feedback. Please respond when convenient. This update is scheduled for Friday.,business
3098,Flight Booking,Please send me the details of my upcoming trip. Please respond when convenient. This update is scheduled for Friday.,travel
3489,Travel Confirmation,Your flight booking has been confirmed for next Monday. Please respond when convenient. This update is scheduled for Wednesday.,travel
1134,Checking In,I hope you are doing well. Let me know when we can catch up. Please respond when convenient. This update is scheduled for Tuesday.,personal
1806,Career Opportunity,Could you provide an update regarding my job application? Please respond when convenient. This update is scheduled for Thursday.,job_career
4318,Exclusive Discount,Get 30 percent off your next purchase this weekend. Please respond when convenient. This update is scheduled for Wednesday.,promotions
164,Quarterly Report,Please find the latest sales figures attached for discussion. Please respond when convenient. This update is scheduled for Monday.,business
3493,Flight Booking,The flight schedule has been updated by the airline. Please respond when convenient. This update is scheduled for Thursday.,travel
4710,Monthly Newsletter,This week's newsletter includes important announcements. Please respond when convenient. This update is scheduled for Tuesday.,newsletter_updates
4631,Weekly Update,Read the latest news and updates from our organization. Please respond when convenient. This update is scheduled for Monday.,newsletter_updates
3454,Travel Confirmation,Please send me the details of my upcoming trip. Please respond when convenient. This update is scheduled for Tuesday.,travel
3200,Travel Confirmation,I would like to change the date of my hotel reservation. Please respond when convenient. This update is scheduled for Friday.,travel
3635,Upcoming Event,The event schedule has been updated. Please respond when convenient. This update is scheduled for Wednesday.,events
3940,Upcoming Event,Please RSVP for the upcoming company event. Please respond when convenient. This update is scheduled for Thursday.,events
1812,Career Opportunity,I am interested in learning more about the internship opportunity. Please respond when convenient. This update is scheduled for Wednesday.,job_career
3650,Event Invitation,Please RSVP for the upcoming company event. Please respond when convenient. This update is scheduled for Tuesday.,events
4050,Limited Time Deal,Our special offer is available for a limited time. Please respond when convenient. This update is scheduled for Friday.,promotions
1429,Checking In,Would you like to join us for lunch tomorrow? Please respond when convenient. This update is scheduled for Tuesday.,personal
3614,Event Invitation,Please RSVP for the upcoming company event. Please respond when convenient. This update is scheduled for Friday.,events
3132,Travel Confirmation,The flight schedule has been updated by the airline. Please respond when convenient. This update is scheduled for Friday.,travel
3397,Flight Booking,The flight schedule has been updated by the airline. Please respond when convenient. This update is scheduled for Tuesday.,travel
4461,Special Offer,Use this promotional code to receive a discount on your order. Please respond when convenient. This update is scheduled for Thursday.,promotions
4650,Weekly Update,Here are this week's latest company updates. Please respond when convenient. This update is scheduled for Tuesday.,newsletter_updates
2821,Schedule Update,I would like to arrange a meeting to discuss the project. Please respond when convenient. This update is scheduled for Wednesday.,meetings
1453,Hello,Please call me when you have some free time. Please respond when convenient. This update is scheduled for Tuesday.,personal
594,Support Request,My product arrived damaged. Please help me with a replacement. Please respond when convenient. This update is scheduled for Friday.,customer_support
42,Project Update,The updated project proposal is ready for your review. Please respond when convenient. This update is scheduled for Friday.,business
561,Order Issue,I have not received my order yet and would like an update. Please respond when convenient. This update is scheduled for Wednesday.,customer_support
3274,Flight Booking,Your flight booking has been confirmed for next Monday. Please respond when convenient. This update is scheduled for Monday.,travel
3245,Travel Confirmation,Your flight booking has been confirmed for next Monday. Please respond when convenient. This update is scheduled for Friday.,travel
244,Project Update,The client has requested an update on the project timeline. Please respond when convenient. This update is scheduled for Monday.,business
1340,Weekend Plans,I hope you are doing well. Let me know when we can catch up. Please respond when convenient. This update is scheduled for Thursday.,personal
2781,Meeting Request,The meeting agenda is attached for your review. Please respond when convenient. This update is scheduled for Friday.,meetings
3188,Travel Confirmation,I would like to change the date of my hotel reservation. Please respond when convenient. This update is scheduled for Monday.,travel
3800,Event Invitation,Please RSVP for the upcoming company event. Please respond when convenient. This update is scheduled for Friday.,events
1443,Hello,Are you free to meet for dinner this weekend? Please respond when convenient. This update is scheduled for Thursday.,personal
262,Business Update,Please review the quarterly business report and share your feedback. Please respond when convenient. This update is scheduled for Friday.,business
2765,Meeting Request,I would like to arrange a meeting to discuss the project. Please respond when convenient. This update is scheduled for Monday.,meetings
1690,Career Opportunity,We would like to invite you for an interview for the open position. Please respond when convenient. This update is scheduled for Wednesday.,job_career
1726,Career Opportunity,I am interested in learning more about the internship opportunity. Please respond when convenient. This update is scheduled for Monday.,job_career
4793,Weekly Update,Welcome to our monthly newsletter. Please respond when convenient. This update is scheduled for Friday.,newsletter_updates
835,Order Issue,Could you help me resolve this issue with my account? Please respond when convenient. This update is scheduled for Friday.,customer_support
1867,Career Opportunity,Please find my resume attached for your consideration. Please respond when convenient. This update is scheduled for Thursday.,job_career
2497,Payment Update,Please find the latest invoice attached to this email. Please respond when convenient. This update is scheduled for Tuesday.,finance
2011,Invoice,Your invoice is due for payment by the end of this month. Please respond when convenient. This update is scheduled for Friday.,finance
341,Business Update,We need your approval before proceeding with the business plan. Please respond when convenient. This update is scheduled for Friday.,business
2989,Schedule Update,I would like to arrange a meeting to discuss the project. Please respond when convenient. This update is scheduled for Friday.,meetings
1602,Career Opportunity,Please find my resume attached for your consideration. Please respond when convenient. This update is scheduled for Friday.,job_career
3876,Event Invitation,You are invited to attend our annual conference next month. Please respond when convenient. This update is scheduled for Tuesday.,events
4695,Monthly Newsletter,This week's newsletter includes important announcements. Please respond when convenient. This update is scheduled for Monday.,newsletter_updates
481,Quarterly Report,The client has requested an update on the project timeline. Please respond when convenient. This update is scheduled for Monday.,business
2826,Meeting Reminder,Please confirm your availability for tomorrow's meeting. Please respond when convenient. This update is scheduled for Wednesday.,meetings
4330,Special Offer,Get 30 percent off your next purchase this weekend. Please respond when convenient. This update is scheduled for Thursday.,promotions
3541,Conference Update,We are organizing a celebration and would love you to join us. Please respond when convenient. This update is scheduled for Thursday.,events
4639,Monthly Newsletter,Here are this week's latest company updates. Please respond when convenient. This update is scheduled for Thursday.,newsletter_updates
3047,Flight Booking,Please send me the details of my upcoming trip. Please respond when convenient. This update is scheduled for Wednesday.,travel
3991,Event Invitation,We are organizing a celebration and would love you to join us. Please respond when convenient. This update is scheduled for Wednesday.,events
1767,Interview Invitation,We would like to invite you for an interview for the open position. Please respond when convenient. This update is scheduled for Wednesday.,job_career
4474,Limited Time Deal,Our special offer is available for a limited time. Please respond when convenient. This update is scheduled for Thursday.,promotions
2454,Payment Update,Could you confirm whether my refund has been issued? Please respond when convenient. This update is scheduled for Monday.,finance
2878,Schedule Update,The meeting agenda is attached for your review. Please respond when convenient. This update is scheduled for Tuesday.,meetings
3816,Conference Update,Please RSVP for the upcoming company event. Please respond when convenient. This update is scheduled for Thursday.,events
4017,Limited Time Deal,Get 30 percent off your next purchase this weekend. Please respond when convenient. This update is scheduled for Wednesday.,promotions
4678,Monthly Newsletter,This week's newsletter includes important announcements. Please respond when convenient. This update is scheduled for Friday.,newsletter_updates
3680,Conference Update,You are invited to attend our annual conference next month. Please respond when convenient. This update is scheduled for Friday.,events
1272,Hello,Would you like to join us for lunch tomorrow? Please respond when convenient. This update is scheduled for Tuesday.,personal
3078,Hotel Reservation,The flight schedule has been updated by the airline. Please respond when convenient. This update is scheduled for Friday.,travel
4502,Monthly Newsletter,Read the latest news and updates from our organization. Please respond when convenient. This update is scheduled for Monday.,newsletter_updates
3095,Hotel Reservation,Your flight booking has been confirmed for next Monday. Please respond when convenient. This update is scheduled for Tuesday.,travel
4654,Latest News,This week's newsletter includes important announcements. Please respond when convenient. This update is scheduled for Tuesday.,newsletter_updates
348,Quarterly Report,Please find the latest sales figures attached for discussion. Please respond when convenient. This update is scheduled for Monday.,business
3882,Conference Update,You are invited to attend our annual conference next month. Please respond when convenient. This update is scheduled for Wednesday.,events
4624,Weekly Update,This week's newsletter includes important announcements. Please respond when convenient. This update is scheduled for Friday.,newsletter_updates
2563,Meeting Request,The team meeting has been scheduled for Monday at 10 AM. Please respond when convenient. This update is scheduled for Wednesday.,meetings
4591,Monthly Newsletter,Here are this week's latest company updates. Please respond when convenient. This update is scheduled for Wednesday.,newsletter_updates
1424,Weekend Plans,Would you like to join us for lunch tomorrow? Please respond when convenient. This update is scheduled for Thursday.,personal
657,Service Problem,I am having trouble with my order and need some assistance. Please respond when convenient. This update is scheduled for Wednesday.,customer_support
2103,Payment Update,Please find the latest invoice attached to this email. Please respond when convenient. This update is scheduled for Thursday.,finance
633,Support Request,I have not received my order yet and would like an update. Please respond when convenient. This update is scheduled for Tuesday.,customer_support
2893,Meeting Request,Please confirm your availability for tomorrow's meeting. Please respond when convenient. This update is scheduled for Monday.,meetings
2494,Account Statement,The payment has been processed successfully. Please respond when convenient. This update is scheduled for Friday.,finance
2666,Meeting Request,I would like to arrange a meeting to discuss the project. Please respond when convenient. This update is scheduled for Friday.,meetings
4016,Special Offer,Our special offer is available for a limited time. Please respond when convenient. This update is scheduled for Monday.,promotions
3663,Conference Update,Please RSVP for the upcoming company event. Please respond when convenient. This update is scheduled for Tuesday.,events
3308,Travel Confirmation,Can you help me book a hotel for my business trip? Please respond when convenient. This update is scheduled for Monday.,travel
3097,Travel Confirmation,The flight schedule has been updated by the airline. Please respond when convenient. This update is scheduled for Monday.,travel
3920,Upcoming Event,You are invited to attend our annual conference next month. Please respond when convenient. This update is scheduled for Monday.,events
2501,Meeting Reminder,The team meeting has been scheduled for Monday at 10 AM. Please respond when convenient. This update is scheduled for Thursday.,meetings
1466,Checking In,Are you free to meet for dinner this weekend? Please respond when convenient. This update is scheduled for Monday.,personal
2834,Meeting Reminder,Please confirm your availability for tomorrow's meeting. Please respond when convenient. This update is scheduled for Tuesday.,meetings
116,Business Update,The client has requested an update on the project timeline. Please respond when convenient. This update is scheduled for Friday.,business
1822,Career Opportunity,I am writing to apply for the software developer position. Please respond when convenient. This update is scheduled for Thursday.,job_career
1495,Checking In,I wanted to check how you are doing. Please respond when convenient. This update is scheduled for Thursday.,personal
2402,Payment Update,Could you confirm whether my refund has been issued? Please respond when convenient. This update is scheduled for Tuesday.,finance
1233,Hello,Please call me when you have some free time. Please respond when convenient. This update is scheduled for Monday.,personal
2662,Meeting Reminder,The meeting agenda is attached for your review. Please respond when convenient. This update is scheduled for Monday.,meetings
4101,Limited Time Deal,Use this promotional code to receive a discount on your order. Please respond when convenient. This update is scheduled for Monday.,promotions
4574,Monthly Newsletter,Read the latest news and updates from our organization. Please respond when convenient. This update is scheduled for Tuesday.,newsletter_updates
1154,Checking In,Are you free to meet for dinner this weekend? Please respond when convenient. This update is scheduled for Tuesday.,personal
3849,Event Invitation,Please RSVP for the upcoming company event. Please respond when convenient. This update is scheduled for Thursday.,events
58,Business Update,Please find the latest sales figures attached for discussion. Please respond when convenient. This update is scheduled for Monday.,business
4105,Special Offer,Use this promotional code to receive a discount on your order. Please respond when convenient. This update is scheduled for Tuesday.,promotions
4289,Special Offer,Get 30 percent off your next purchase this weekend. Please respond when convenient. This update is scheduled for Wednesday.,promotions
4946,Monthly Newsletter,This week's newsletter includes important announcements. Please respond when convenient. This update is scheduled for Tuesday.,newsletter_updates
1736,Career Opportunity,Please find my resume attached for your consideration. Please respond when convenient. This update is scheduled for Tuesday.,job_career
2197,Payment Update,Please find the latest invoice attached to this email. Please respond when convenient. This update is scheduled for Thursday.,finance
3554,Upcoming Event,We are organizing a celebration and would love you to join us. Please respond when convenient. This update is scheduled for Monday.,events
2476,Account Statement,I have a question regarding the payment shown on my account. Please respond when convenient. This update is scheduled for Thursday.,finance
2565,Meeting Request,Please confirm your availability for tomorrow's meeting. Please respond when convenient. This update is scheduled for Thursday.,meetings
3159,Travel Confirmation,Can you help me book a hotel for my business trip? Please respond when convenient. This update is scheduled for Tuesday.,travel
4035,Special Offer,Use this promotional code to receive a discount on your order. Please respond when convenient. This update is scheduled for Friday.,promotions
3656,Conference Update,You are invited to attend our annual conference next month. Please respond when convenient. This update is scheduled for Friday.,events
708,Service Problem,I am having trouble with my order and need some assistance. Please respond when convenient. This update is scheduled for Monday.,customer_support
4281,Limited Time Deal,Get 30 percent off your next purchase this weekend. Please respond when convenient. This update is scheduled for Monday.,promotions
1094,Hello,Would you like to join us for lunch tomorrow? Please respond when convenient. This update is scheduled for Thursday.,personal
4840,Monthly Newsletter,Welcome to our monthly newsletter. Please respond when convenient. This update is scheduled for Tuesday.,newsletter_updates
1377,Weekend Plans,Would you like to join us for lunch tomorrow? Please respond when convenient. This update is scheduled for Friday.,personal
4914,Latest News,Here is your regular update with the latest information. Please respond when convenient. This update is scheduled for Monday.,newsletter_updates
73,Quarterly Report,Please review the quarterly business report and share your feedback. Please respond when convenient. This update is scheduled for Monday.,business
1923,Interview Invitation,Please find my resume attached for your consideration. Please respond when convenient. This update is scheduled for Monday.,job_career
3174,Hotel Reservation,I would like to change the date of my hotel reservation. Please respond when convenient. This update is scheduled for Friday.,travel
1765,Career Opportunity,I am interested in learning more about the internship opportunity. Please respond when convenient. This update is scheduled for Monday.,job_career
744,Order Issue,Could you help me resolve this issue with my account? Please respond when convenient. This update is scheduled for Friday.,customer_support
4319,Special Offer,Use this promotional code to receive a discount on your order. Please respond when convenient. This update is scheduled for Wednesday.,promotions
1006,Weekend Plans,Please call me when you have some free time. Please respond when convenient. This update is scheduled for Thursday.,personal
2669,Meeting Request,Can we reschedule our meeting to Thursday afternoon? Please respond when convenient. This update is scheduled for Tuesday.,meetings
1191,Hello,Would you like to join us for lunch tomorrow? Please respond when convenient. This update is scheduled for Monday.,personal
4632,Weekly Update,This week's newsletter includes important announcements. Please respond when convenient. This update is scheduled for Tuesday.,newsletter_updates
2602,Schedule Update,Can we reschedule our meeting to Thursday afternoon? Please respond when convenient. This update is scheduled for Friday.,meetings
1126,Hello,Please call me when you have some free time. Please respond when convenient. This update is scheduled for Tuesday.,personal
1242,Hello,Are you free to meet for dinner this weekend? Please respond when convenient. This update is scheduled for Thursday.,personal
4607,Latest News,Here are this week's latest company updates. Please respond when convenient. This update is scheduled for Thursday.,newsletter_updates
4131,Limited Time Deal,Get 30 percent off your next purchase this weekend. Please respond when convenient. This update is scheduled for Friday.,promotions
3443,Flight Booking,The flight schedule has been updated by the airline. Please respond when convenient. This update is scheduled for Tuesday.,travel
999,Order Issue,I am having trouble with my order and need some assistance. Please respond when convenient. This update is scheduled for Thursday.,customer_support
3387,Hotel Reservation,I would like to change the date of my hotel reservation. Please respond when convenient. This update is scheduled for Friday.,travel
2685,Meeting Reminder,I would like to arrange a meeting to discuss the project. Please respond when convenient. This update is scheduled for Friday.,meetings
1578,Career Opportunity,We would like to invite you for an interview for the open position. Please respond when convenient. This update is scheduled for Friday.,job_career
4791,Latest News,Here are this week's latest company updates. Please respond when convenient. This update is scheduled for Thursday.,newsletter_updates
1827,Career Opportunity,We would like to invite you for an interview for the open position. Please respond when convenient. This update is scheduled for Thursday.,job_career
3293,Hotel Reservation,Please send me the details of my upcoming trip. Please respond when convenient. This update is scheduled for Wednesday.,travel
4990,Weekly Update,Here are this week's latest company updates. Please respond when convenient. This update is scheduled for Wednesday.,newsletter_updates
3537,Upcoming Event,We are organizing a celebration and would love you to join us. Please respond when convenient. This update is scheduled for Monday.,events
441,Quarterly Report,Please find the latest sales figures attached for discussion. Please respond when convenient. This update is scheduled for Monday.,business
4952,Latest News,Read the latest news and updates from our organization. Please respond when convenient. This update is scheduled for Monday.,newsletter_updates
1101,Checking In,Are you free to meet for dinner this weekend? Please respond when convenient. This update is scheduled for Tuesday.,personal
4011,Limited Time Deal,Get 30 percent off your next purchase this weekend. Please respond when convenient. This update is scheduled for Friday.,promotions
3059,Travel Confirmation,Please send me the details of my upcoming trip. Please respond when convenient. This update is scheduled for Monday.,travel
650,Order Issue,Could you help me resolve this issue with my account? Please respond when convenient. This update is scheduled for Monday.,customer_support
1547,Job Application,Please find my resume attached for your consideration. Please respond when convenient. This update is scheduled for Monday.,job_career
4757,Weekly Update,Read the latest news and updates from our organization. Please respond when convenient. This update is scheduled for Thursday.,newsletter_updates
3561,Upcoming Event,Please find the invitation for the upcoming seminar. Please respond when convenient. This update is scheduled for Tuesday.,events
3887,Event Invitation,We are organizing a celebration and would love you to join us. Please respond when convenient. This update is scheduled for Friday.,events
3742,Upcoming Event,You are invited to attend our annual conference next month. Please respond when convenient. This update is scheduled for Tuesday.,events
631,Service Problem,I have not received my order yet and would like an update. Please respond when convenient. This update is scheduled for Tuesday.,customer_support
673,Order Issue,I am having trouble with my order and need some assistance. Please respond when convenient. This update is scheduled for Wednesday.,customer_support
1250,Hello,Please call me when you have some free time. Please respond when convenient. This update is scheduled for Monday.,personal
483,Project Update,Please review the quarterly business report and share your feedback. Please respond when convenient. This update is scheduled for Thursday.,business
1585,Career Opportunity,Could you provide an update regarding my job application? Please respond when convenient. This update is scheduled for Monday.,job_career
3075,Travel Confirmation,Can you help me book a hotel for my business trip? Please respond when convenient. This update is scheduled for Friday.,travel
4628,Latest News,Read the latest news and updates from our organization. Please respond when convenient. This update is scheduled for Wednesday.,newsletter_updates
3039,Hotel Reservation,The flight schedule has been updated by the airline. Please respond when convenient. This update is scheduled for Wednesday.,travel
1463,Hello,Please call me when you have some free time. Please respond when convenient. This update is scheduled for Wednesday.,personal
3930,Event Invitation,You are invited to attend our annual conference next month. Please respond when convenient. This update is scheduled for Wednesday.,events
3622,Upcoming Event,You are invited to attend our annual conference next month. Please respond when convenient. This update is scheduled for Monday.,events
2579,Schedule Update,Can we reschedule our meeting to Thursday afternoon? Please respond when convenient. This update is scheduled for Tuesday.,meetings
3802,Upcoming Event,Please RSVP for the upcoming company event. Please respond when convenient. This update is scheduled for Tuesday.,events
50,Project Update,We need your approval before proceeding with the business plan. Please respond when convenient. This update is scheduled for Monday.,business
4290,Limited Time Deal,Get 30 percent off your next purchase this weekend. Please respond when convenient. This update is scheduled for Thursday.,promotions
3345,Travel Confirmation,Your flight booking has been confirmed for next Monday. Please respond when convenient. This update is scheduled for Wednesday.,travel
859,Service Problem,Could you help me resolve this issue with my account? Please respond when convenient. This update is scheduled for Monday.,customer_support
1073,Checking In,Please call me when you have some free time. Please respond when convenient. This update is scheduled for Monday.,personal
720,Service Problem,My product arrived damaged. Please help me with a replacement. Please respond when convenient. This update is scheduled for Wednesday.,customer_support
3718,Event Invitation,Please find the invitation for the upcoming seminar. Please respond when convenient. This update is scheduled for Wednesday.,events
2632,Meeting Reminder,Please confirm your availability for tomorrow's meeting. Please respond when convenient. This update is scheduled for Thursday.,meetings
4874,Weekly Update,Here are this week's latest company updates. Please respond when convenient. This update is scheduled for Friday.,newsletter_updates
1661,Career Opportunity,I am writing to apply for the software developer position. Please respond when convenient. This update is scheduled for Monday.,job_career
1657,Career Opportunity,We would like to invite you for an interview for the open position. Please respond when convenient. This update is scheduled for Thursday.,job_career
2426,Invoice,I have a question regarding the payment shown on my account. Please respond when convenient. This update is scheduled for Monday.,finance
3525,Event Invitation,Please RSVP for the upcoming company event. Please respond when convenient. This update is scheduled for Friday.,events
4230,Special Offer,Use this promotional code to receive a discount on your order. Please respond when convenient. This update is scheduled for Monday.,promotions
4975,Monthly Newsletter,Read the latest news and updates from our organization. Please respond when convenient. This update is scheduled for Monday.,newsletter_updates
3310,Travel Confirmation,I would like to change the date of my hotel reservation. Please respond when convenient. This update is scheduled for Thursday.,travel
4477,Limited Time Deal,Our special offer is available for a limited time. Please respond when convenient. This update is scheduled for Friday.,promotions
3306,Flight Booking,The flight schedule has been updated by the airline. Please respond when convenient. This update is scheduled for Thursday.,travel
4752,Monthly Newsletter,Read the latest news and updates from our organization. Please respond when convenient. This update is scheduled for Friday.,newsletter_updates
4127,Exclusive Discount,Our special offer is available for a limited time. Please respond when convenient. This update is scheduled for Tuesday.,promotions
2607,Schedule Update,Please confirm your availability for tomorrow's meeting. Please respond when convenient. This update is scheduled for Friday.,meetings
1386,Checking In,Are you free to meet for dinner this weekend? Please respond when convenient. This update is scheduled for Tuesday.,personal
3836,Upcoming Event,Please find the invitation for the upcoming seminar. Please respond when convenient. This update is scheduled for Wednesday.,events
1400,Checking In,I hope you are doing well. Let me know when we can catch up. Please respond when convenient. This update is scheduled for Tuesday.,personal
1196,Checking In,Please call me when you have some free time. Please respond when convenient. This update is scheduled for Tuesday.,personal
1409,Hello,I wanted to check how you are doing. Please respond when convenient. This update is scheduled for Friday.,personal
3825,Conference Update,Please find the invitation for the upcoming seminar. Please respond when convenient. This update is scheduled for Wednesday.,events
1799,Interview Invitation,Please find my resume attached for your consideration. Please respond when convenient. This update is scheduled for Thursday.,job_career
1476,Weekend Plans,Are you free to meet for dinner this weekend? Please respond when convenient. This update is scheduled for Thursday.,personal
4966,Weekly Update,This week's newsletter includes important announcements. Please respond when convenient. This update is scheduled for Monday.,newsletter_updates
36,Quarterly Report,Please find the latest sales figures attached for discussion. Please respond when convenient. This update is scheduled for Thursday.,business
3542,Conference Update,We are organizing a celebration and would love you to join us. Please respond when convenient. This update is scheduled for Friday.,events
2346,Account Statement,Could you confirm whether my refund has been issued? Please respond when convenient. This update is scheduled for Monday.,finance
4679,Weekly Update,Here are this week's latest company updates. Please respond when convenient. This update is scheduled for Tuesday.,newsletter_updates
2360,Payment Update,Please find the latest invoice attached to this email. Please respond when convenient. This update is scheduled for Friday.,finance
2207,Account Statement,Could you confirm whether my refund has been issued? Please respond when convenient. This update is scheduled for Thursday.,finance
3768,Event Invitation,Please find the invitation for the upcoming seminar. Please respond when convenient. This update is scheduled for Tuesday.,events
1287,Checking In,I wanted to check how you are doing. Please respond when convenient. This update is scheduled for Tuesday.,personal
350,Quarterly Report,We need your approval before proceeding with the business plan. Please respond when convenient. This update is scheduled for Friday.,business
2138,Invoice,The payment has been processed successfully. Please respond when convenient. This update is scheduled for Wednesday.,finance
2692,Meeting Request,I would like to arrange a meeting to discuss the project. Please respond when convenient. This update is scheduled for Tuesday.,meetings
4561,Weekly Update,Here is your regular update with the latest information. Please respond when convenient. This update is scheduled for Friday.,newsletter_updates
3968,Event Invitation,You are invited to attend our annual conference next month. Please respond when convenient. This update is scheduled for Tuesday.,events
1682,Job Application,I am writing to apply for the software developer position. Please respond when convenient. This update is scheduled for Wednesday.,job_career
4835,Weekly Update,Read the latest news and updates from our organization. Please respond when convenient. This update is scheduled for Tuesday.,newsletter_updates
1444,Weekend Plans,Would you like to join us for lunch tomorrow? Please respond when convenient. This update is scheduled for Monday.,personal
3244,Hotel Reservation,Your flight booking has been confirmed for next Monday. Please respond when convenient. This update is scheduled for Friday.,travel
1672,Career Opportunity,I am writing to apply for the software developer position. Please respond when convenient. This update is scheduled for Tuesday.,job_career
3837,Upcoming Event,Please RSVP for the upcoming company event. Please respond when convenient. This update is scheduled for Thursday.,events
1180,Hello,Would you like to join us for lunch tomorrow? Please respond when convenient. This update is scheduled for Wednesday.,personal
2799,Meeting Request,Please confirm your availability for tomorrow's meeting. Please respond when convenient. This update is scheduled for Thursday.,meetings
1693,Career Opportunity,I am interested in learning more about the internship opportunity. Please respond when convenient. This update is scheduled for Thursday.,job_career
3957,Conference Update,You are invited to attend our annual conference next month. Please respond when convenient. This update is scheduled for Monday.,events
373,Quarterly Report,We need your approval before proceeding with the business plan. Please respond when convenient. This update is scheduled for Wednesday.,business
3611,Conference Update,You are invited to attend our annual conference next month. Please respond when convenient. This update is scheduled for Tuesday.,events
1917,Interview Invitation,I am writing to apply for the software developer position. Please respond when convenient. This update is scheduled for Thursday.,job_career
1358,Hello,I hope you are doing well. Let me know when we can catch up. Please respond when convenient. This update is scheduled for Tuesday.,personal
1826,Career Opportunity,Please find my resume attached for your consideration. Please respond when convenient. This update is scheduled for Tuesday.,job_career
787,Support Request,Could you help me resolve this issue with my account? Please respond when convenient. This update is scheduled for Wednesday.,customer_support
470,Project Update,The client has requested an update on the project timeline. Please respond when convenient. This update is scheduled for Friday.,business
141,Project Update,Please review the quarterly business report and share your feedback. Please respond when convenient. This update is scheduled for Wednesday.,business
789,Order Issue,I am having trouble with my order and need some assistance. Please respond when convenient. This update is scheduled for Wednesday.,customer_support
324,Business Update,We need your approval before proceeding with the business plan. Please respond when convenient. This update is scheduled for Friday.,business
51,Project Update,Please find the latest sales figures attached for discussion. Please respond when convenient. This update is scheduled for Tuesday.,business
715,Support Request,I am having trouble with my order and need some assistance. Please respond when convenient. This update is scheduled for Monday.,customer_support
4890,Weekly Update,Here are this week's latest company updates. Please respond when convenient. This update is scheduled for Thursday.,newsletter_updates
2841,Schedule Update,Please confirm your availability for tomorrow's meeting. Please respond when convenient. This update is scheduled for Thursday.,meetings
2447,Payment Update,Could you confirm whether my refund has been issued? Please respond when convenient. This update is scheduled for Tuesday.,finance
4814,Weekly Update,Here is your regular update with the latest information. Please respond when convenient. This update is scheduled for Monday.,newsletter_updates
4420,Special Offer,Enjoy exclusive discounts on selected products today. Please respond when convenient. This update is scheduled for Tuesday.,promotions
4597,Weekly Update,Here are this week's latest company updates. Please respond when convenient. This update is scheduled for Friday.,newsletter_updates
3016,Hotel Reservation,I would like to change the date of my hotel reservation. Please respond when convenient. This update is scheduled for Tuesday.,travel
2667,Meeting Reminder,Can we reschedule our meeting to Thursday afternoon? Please respond when convenient. This update is scheduled for Wednesday.,meetings
407,Project Update,Please review the quarterly business report and share your feedback. Please respond when convenient. This update is scheduled for Wednesday.,business
3725,Event Invitation,Please RSVP for the upcoming company event. Please respond when convenient. This update is scheduled for Wednesday.,events
1005,Checking In,I wanted to check how you are doing. Please respond when convenient. This update is scheduled for Thursday.,personal
3788,Conference Update,We are organizing a celebration and would love you to join us. Please respond when convenient. This update is scheduled for Tuesday.,events
891,Service Problem,My product arrived damaged. Please help me with a replacement. Please respond when convenient. This update is scheduled for Wednesday.,customer_support
2412,Account Statement,The payment has been processed successfully. Please respond when convenient. This update is scheduled for Tuesday.,finance
2546,Meeting Request,Can we reschedule our meeting to Thursday afternoon? Please respond when convenient. This update is scheduled for Tuesday.,meetings
4834,Monthly Newsletter,Read the latest news and updates from our organization. Please respond when convenient. This update is scheduled for Monday.,newsletter_updates
2391,Account Statement,I have a question regarding the payment shown on my account. Please respond when convenient. This update is scheduled for Wednesday.,finance
3941,Conference Update,You are invited to attend our annual conference next month. Please respond when convenient. This update is scheduled for Tuesday.,events
43,Business Update,Please review the quarterly business report and share your feedback. Please respond when convenient. This update is scheduled for Monday.,business
2831,Meeting Request,Can we reschedule our meeting to Thursday afternoon? Please respond when convenient. This update is scheduled for Thursday.,meetings
3966,Event Invitation,You are invited to attend our annual conference next month. Please respond when convenient. This update is scheduled for Wednesday.,events
304,Project Update,The updated project proposal is ready for your review. Please respond when convenient. This update is scheduled for Monday.,business
4514,Monthly Newsletter,Here are this week's latest company updates. Please respond when convenient. This update is scheduled for Friday.,newsletter_updates
3748,Upcoming Event,Please RSVP for the upcoming company event. Please respond when convenient. This update is scheduled for Wednesday.,events
665,Service Problem,The service is not working properly. Please check the problem. Please respond when convenient. This update is scheduled for Monday.,customer_support
1178,Hello,I wanted to check how you are doing. Please respond when convenient. This update is scheduled for Monday.,personal
2677,Meeting Request,The team meeting has been scheduled for Monday at 10 AM. Please respond when convenient. This update is scheduled for Monday.,meetings
1948,Career Opportunity,I am writing to apply for the software developer position. Please respond when convenient. This update is scheduled for Friday.,job_career
2502,Meeting Request,Can we reschedule our meeting to Thursday afternoon? Please respond when convenient. This update is scheduled for Friday.,meetings
1474,Weekend Plans,Are you free to meet for dinner this weekend? Please respond when convenient. This update is scheduled for Friday.,personal
3484,Travel Confirmation,Can you help me book a hotel for my business trip? Please respond when convenient. This update is scheduled for Friday.,travel
3521,Conference Update,The event schedule has been updated. Please respond when convenient. This update is scheduled for Friday.,events
2133,Payment Update,I have a question regarding the payment shown on my account. Please respond when convenient. This update is scheduled for Tuesday.,finance
1027,Weekend Plans,Please call me when you have some free time. Please respond when convenient. This update is scheduled for Tuesday.,personal
962,Order Issue,The service is not working properly. Please check the problem. Please respond when convenient. This update is scheduled for Wednesday.,customer_support
2890,Meeting Request,The meeting agenda is attached for your review. Please respond when convenient. This update is scheduled for Wednesday.,meetings
3135,Flight Booking,Your flight booking has been confirmed for next Monday. Please respond when convenient. This update is scheduled for Friday.,travel
2010,Account Statement,Could you confirm whether my refund has been issued? Please respond when convenient. This update is scheduled for Thursday.,finance
2150,Invoice,The payment has been processed successfully. Please respond when convenient. This update is scheduled for Thursday.,finance
3324,Hotel Reservation,Your flight booking has been confirmed for next Monday. Please respond when convenient. This update is scheduled for Wednesday.,travel
2339,Invoice,I have a question regarding the payment shown on my account. Please respond when convenient. This update is scheduled for Friday.,finance
3889,Conference Update,We are organizing a celebration and would love you to join us. Please respond when convenient. This update is scheduled for Friday.,events
305,Project Update,Please find the latest sales figures attached for discussion. Please respond when convenient. This update is scheduled for Friday.,business
1441,Weekend Plans,I hope you are doing well. Let me know when we can catch up. Please respond when convenient. This update is scheduled for Monday.,personal
1497,Weekend Plans,Are you free to meet for dinner this weekend? Please respond when convenient. This update is scheduled for Monday.,personal
2653,Meeting Reminder,I would like to arrange a meeting to discuss the project. Please respond when convenient. This update is scheduled for Wednesday.,meetings
2876,Meeting Reminder,The meeting agenda is attached for your review. Please respond when convenient. This update is scheduled for Monday.,meetings
917,Service Problem,The service is not working properly. Please check the problem. Please respond when convenient. This update is scheduled for Friday.,customer_support
4183,Special Offer,Use this promotional code to receive a discount on your order. Please respond when convenient. This update is scheduled for Monday.,promotions
3722,Event Invitation,You are invited to attend our annual conference next month. Please respond when convenient. This update is scheduled for Wednesday.,events
2773,Meeting Request,Please confirm your availability for tomorrow's meeting. Please respond when convenient. This update is scheduled for Friday.,meetings
1625,Job Application,Please find my resume attached for your consideration. Please respond when convenient. This update is scheduled for Thursday.,job_career
3838,Event Invitation,We are organizing a celebration and would love you to join us. Please respond when convenient. This update is scheduled for Wednesday.,events
822,Support Request,Could you help me resolve this issue with my account? Please respond when convenient. This update is scheduled for Wednesday.,customer_support
3965,Upcoming Event,The event schedule has been updated. Please respond when convenient. This update is scheduled for Thursday.,events
1355,Weekend Plans,I hope you are doing well. Let me know when we can catch up. Please respond when convenient. This update is scheduled for Monday.,personal
4498,Exclusive Discount,Our special offer is available for a limited time. Please respond when convenient. This update is scheduled for Monday.,promotions
851,Service Problem,I have not received my order yet and would like an update. Please respond when convenient. This update is scheduled for Monday.,customer_support
1001,Checking In,I hope you are doing well. Let me know when we can catch up. Please respond when convenient. This update is scheduled for Wednesday.,personal
3378,Flight Booking,Your flight booking has been confirmed for next Monday. Please respond when convenient. This update is scheduled for Tuesday.,travel
19,Project Update,We need your approval before proceeding with the business plan. Please respond when convenient. This update is scheduled for Friday.,business
1638,Career Opportunity,We would like to invite you for an interview for the open position. Please respond when convenient. This update is scheduled for Friday.,job_career
1668,Career Opportunity,I am writing to apply for the software developer position. Please respond when convenient. This update is scheduled for Tuesday.,job_career
494,Business Update,We need your approval before proceeding with the business plan. Please respond when convenient. This update is scheduled for Monday.,business
1348,Weekend Plans,Are you free to meet for dinner this weekend? Please respond when convenient. This update is scheduled for Monday.,personal
3728,Conference Update,The event schedule has been updated. Please respond when convenient. This update is scheduled for Wednesday.,events
4826,Weekly Update,This week's newsletter includes important announcements. Please respond when convenient. This update is scheduled for Thursday.,newsletter_updates
3615,Conference Update,The event schedule has been updated. Please respond when convenient. This update is scheduled for Thursday.,events
3482,Flight Booking,The flight schedule has been updated by the airline. Please respond when convenient. This update is scheduled for Monday.,travel
688,Order Issue,I am having trouble with my order and need some assistance. Please respond when convenient. This update is scheduled for Monday.,customer_support
3732,Conference Update,The event schedule has been updated. Please respond when convenient. This update is scheduled for Friday.,events
1609,Career Opportunity,We would like to invite you for an interview for the open position. Please respond when convenient. This update is scheduled for Tuesday.,job_career
4085,Exclusive Discount,Get 30 percent off your next purchase this weekend. Please respond when convenient. This update is scheduled for Friday.,promotions
3403,Flight Booking,Your flight booking has been confirmed for next Monday. Please respond when convenient. This update is scheduled for Tuesday.,travel
1010,Hello,Would you like to join us for lunch tomorrow? Please respond when convenient. This update is scheduled for Friday.,personal
2409,Invoice,Your invoice is due for payment by the end of this month. Please respond when convenient. This update is scheduled for Wednesday.,finance
1093,Weekend Plans,Would you like to join us for lunch tomorrow? Please respond when convenient. This update is scheduled for Wednesday.,personal
1328,Weekend Plans,I hope you are doing well. Let me know when we can catch up. Please respond when convenient. This update is scheduled for Friday.,personal
1678,Career Opportunity,Please find my resume attached for your consideration. Please respond when convenient. This update is scheduled for Friday.,job_career
2000,Career Opportunity,I am writing to apply for the software developer position. Please respond when convenient. This update is scheduled for Wednesday.,job_career
1311,Weekend Plans,Please call me when you have some free time. Please respond when convenient. This update is scheduled for Monday.,personal
3259,Travel Confirmation,Can you help me book a hotel for my business trip? Please respond when convenient. This update is scheduled for Friday.,travel
1988,Career Opportunity,Please find my resume attached for your consideration. Please respond when convenient. This update is scheduled for Thursday.,job_career
3649,Upcoming Event,You are invited to attend our annual conference next month. Please respond when convenient. This update is scheduled for Tuesday.,events
345,Quarterly Report,The updated project proposal is ready for your review. Please respond when convenient. This update is scheduled for Wednesday.,business
4483,Special Offer,Enjoy exclusive discounts on selected products today. Please respond when convenient. This update is scheduled for Wednesday.,promotions
987,Support Request,Could you help me resolve this issue with my account? Please respond when convenient. This update is scheduled for Thursday.,customer_support
4545,Latest News,This week's newsletter includes important announcements. Please respond when convenient. This update is scheduled for Wednesday.,newsletter_updates
3808,Upcoming Event,Please find the invitation for the upcoming seminar. Please respond when convenient. This update is scheduled for Wednesday.,events
4524,Latest News,Here is your regular update with the latest information. Please respond when convenient. This update is scheduled for Thursday.,newsletter_updates
4003,Limited Time Deal,Get 30 percent off your next purchase this weekend. Please respond when convenient. This update is scheduled for Thursday.,promotions
3092,Travel Confirmation,The flight schedule has been updated by the airline. Please respond when convenient. This update is scheduled for Thursday.,travel
3962,Conference Update,You are invited to attend our annual conference next month. Please respond when convenient. This update is scheduled for Wednesday.,events
1143,Hello,Would you like to join us for lunch tomorrow? Please respond when convenient. This update is scheduled for Thursday.,personal
2359,Account Statement,Could you confirm whether my refund has been issued? Please respond when convenient. This update is scheduled for Monday.,finance
1199,Hello,Would you like to join us for lunch tomorrow? Please respond when convenient. This update is scheduled for Monday.,personal
86,Business Update,The client has requested an update on the project timeline. Please respond when convenient. This update is scheduled for Thursday.,business
1519,Career Opportunity,I am interested in learning more about the internship opportunity. Please respond when convenient. This update is scheduled for Monday.,job_career
517,Order Issue,I am having trouble with my order and need some assistance. Please respond when convenient. This update is scheduled for Monday.,customer_support
1382,Checking In,Please call me when you have some free time. Please respond when convenient. This update is scheduled for Wednesday.,personal
2717,Meeting Request,I would like to arrange a meeting to discuss the project. Please respond when convenient. This update is scheduled for Friday.,meetings
3085,Travel Confirmation,I would like to change the date of my hotel reservation. Please respond when convenient. This update is scheduled for Thursday.,travel
1015,Checking In,Please call me when you have some free time. Please respond when convenient. This update is scheduled for Tuesday.,personal
129,Quarterly Report,We need your approval before proceeding with the business plan. Please respond when convenient. This update is scheduled for Tuesday.,business
1365,Checking In,Would you like to join us for lunch tomorrow? Please respond when convenient. This update is scheduled for Wednesday.,personal
3624,Event Invitation,Please RSVP for the upcoming company event. Please respond when convenient. This update is scheduled for Thursday.,events
4971,Monthly Newsletter,Here is your regular update with the latest information. Please respond when convenient. This update is scheduled for Tuesday.,newsletter_updates
892,Support Request,My product arrived damaged. Please help me with a replacement. Please respond when convenient. This update is scheduled for Thursday.,customer_support
2794,Meeting Request,Can we reschedule our meeting to Thursday afternoon? Please respond when convenient. This update is scheduled for Thursday.,meetings
4239,Exclusive Discount,Our special offer is available for a limited time. Please respond when convenient. This update is scheduled for Monday.,promotions
1360,Hello,Are you free to meet for dinner this weekend? Please respond when convenient. This update is scheduled for Thursday.,personal
308,Quarterly Report,Please find the latest sales figures attached for discussion. Please respond when convenient. This update is scheduled for Monday.,business
1662,Career Opportunity,I am interested in learning more about the internship opportunity. Please respond when convenient. This update is scheduled for Thursday.,job_career
2432,Payment Update,Please find the latest invoice attached to this email. Please respond when convenient. This update is scheduled for Tuesday.,finance
3935,Upcoming Event,The event schedule has been updated. Please respond when convenient. This update is scheduled for Friday.,events
1318,Checking In,Are you free to meet for dinner this weekend? Please respond when convenient. This update is scheduled for Monday.,personal
4304,Limited Time Deal,Enjoy exclusive discounts on selected products today. Please respond when convenient. This update is scheduled for Thursday.,promotions
2475,Account Statement,Could you confirm whether my refund has been issued? Please respond when convenient. This update is scheduled for Monday.,finance
2543,Meeting Request,I would like to arrange a meeting to discuss the project. Please respond when convenient. This update is scheduled for Monday.,meetings
1247,Hello,Please call me when you have some free time. Please respond when convenient. This update is scheduled for Monday.,personal
1209,Checking In,I wanted to check how you are doing. Please respond when convenient. This update is scheduled for Monday.,personal
217,Project Update,Please review the quarterly business report and share your feedback. Please respond when convenient. This update is scheduled for Thursday.,business
4293,Limited Time Deal,Enjoy exclusive discounts on selected products today. Please respond when convenient. This update is scheduled for Friday.,promotions
3063,Flight Booking,Can you help me book a hotel for my business trip? Please respond when convenient. This update is scheduled for Friday.,travel
1240,Checking In,Are you free to meet for dinner this weekend? Please respond when convenient. This update is scheduled for Thursday.,personal
2290,Account Statement,Your invoice is due for payment by the end of this month. Please respond when convenient. This update is scheduled for Wednesday.,finance
2741,Meeting Reminder,The meeting agenda is attached for your review. Please respond when convenient. This update is scheduled for Thursday.,meetings
276,Business Update,The updated project proposal is ready for your review. Please respond when convenient. This update is scheduled for Tuesday.,business
490,Quarterly Report,Please review the quarterly business report and share your feedback. Please respond when convenient. This update is scheduled for Wednesday.,business
1036,Hello,Please call me when you have some free time. Please respond when convenient. This update is scheduled for Thursday.,personal
1230,Hello,Please call me when you have some free time. Please respond when convenient. This update is scheduled for Thursday.,personal
4586,Monthly Newsletter,This week's newsletter includes important announcements. Please respond when convenient. This update is scheduled for Friday.,newsletter_updates
1009,Hello,Are you free to meet for dinner this weekend? Please respond when convenient. This update is scheduled for Friday.,personal
4690,Latest News,This week's newsletter includes important announcements. Please respond when convenient. This update is scheduled for Friday.,newsletter_updates
4027,Special Offer,Shop now and receive free delivery on qualifying purchases. Please respond when convenient. This update is scheduled for Friday.,promotions
3183,Hotel Reservation,The flight schedule has been updated by the airline. Please respond when convenient. This update is scheduled for Thursday.,travel
2533,Meeting Request,The meeting agenda is attached for your review. Please respond when convenient. This update is scheduled for Tuesday.,meetings
4170,Limited Time Deal,Enjoy exclusive discounts on selected products today. Please respond when convenient. This update is scheduled for Thursday.,promotions
1059,Checking In,Are you free to meet for dinner this weekend? Please respond when convenient. This update is scheduled for Wednesday.,personal
2167,Payment Update,The payment has been processed successfully. Please respond when convenient. This update is scheduled for Monday.,finance
4579,Monthly Newsletter,Read the latest news and updates from our organization. Please respond when convenient. This update is scheduled for Tuesday.,newsletter_updates
282,Project Update,The client has requested an update on the project timeline. Please respond when convenient. This update is scheduled for Tuesday.,business
3566,Conference Update,The event schedule has been updated. Please respond when convenient. This update is scheduled for Monday.,events
1317,Checking In,I wanted to check how you are doing. Please respond when convenient. This update is scheduled for Tuesday.,personal
4979,Latest News,Welcome to our monthly newsletter. Please respond when convenient. This update is scheduled for Thursday.,newsletter_updates
969,Order Issue,Could you help me resolve this issue with my account? Please respond when convenient. This update is scheduled for Tuesday.,customer_support
3127,Travel Confirmation,Can you help me book a hotel for my business trip? Please respond when convenient. This update is scheduled for Monday.,travel
3921,Conference Update,Please find the invitation for the upcoming seminar. Please respond when convenient. This update is scheduled for Monday.,events
3167,Hotel Reservation,The flight schedule has been updated by the airline. Please respond when convenient. This update is scheduled for Wednesday.,travel
3520,Upcoming Event,You are invited to attend our annual conference next month. Please respond when convenient. This update is scheduled for Monday.,events
620,Support Request,The service is not working properly. Please check the problem. Please respond when convenient. This update is scheduled for Friday.,customer_support
3347,Hotel Reservation,Your flight booking has been confirmed for next Monday. Please respond when convenient. This update is scheduled for Thursday.,travel
1743,Interview Invitation,I am interested in learning more about the internship opportunity. Please respond when convenient. This update is scheduled for Friday.,job_career
1391,Hello,Would you like to join us for lunch tomorrow? Please respond when convenient. This update is scheduled for Thursday.,personal
4051,Exclusive Discount,Use this promotional code to receive a discount on your order. Please respond when convenient. This update is scheduled for Wednesday.,promotions
1848,Job Application,I am interested in learning more about the internship opportunity. Please respond when convenient. This update is scheduled for Wednesday.,job_career
1580,Career Opportunity,We would like to invite you for an interview for the open position. Please respond when convenient. This update is scheduled for Tuesday.,job_career
1656,Job Application,We would like to invite you for an interview for the open position. Please respond when convenient. This update is scheduled for Friday.,job_career
2353,Invoice,Could you confirm whether my refund has been issued? Please respond when convenient. This update is scheduled for Wednesday.,finance
2213,Payment Update,The payment has been processed successfully. Please respond when convenient. This update is scheduled for Thursday.,finance
2021,Account Statement,The payment has been processed successfully. Please respond when convenient. This update is scheduled for Friday.,finance
4973,Weekly Update,Welcome to our monthly newsletter. Please respond when convenient. This update is scheduled for Tuesday.,newsletter_updates
1957,Interview Invitation,I am interested in learning more about the internship opportunity. Please respond when convenient. This update is scheduled for Monday.,job_career
1308,Checking In,Are you free to meet for dinner this weekend? Please respond when convenient. This update is scheduled for Wednesday.,personal
2004,Payment Update,Your invoice is due for payment by the end of this month. Please respond when convenient. This update is scheduled for Wednesday.,finance
4456,Limited Time Deal,Use this promotional code to receive a discount on your order. Please respond when convenient. This update is scheduled for Monday.,promotions
576,Order Issue,My product arrived damaged. Please help me with a replacement. Please respond when convenient. This update is scheduled for Tuesday.,customer_support
4090,Special Offer,Our special offer is available for a limited time. Please respond when convenient. This update is scheduled for Wednesday.,promotions
4320,Exclusive Discount,Get 30 percent off your next purchase this weekend. Please respond when convenient. This update is scheduled for Friday.,promotions
4437,Limited Time Deal,Get 30 percent off your next purchase this weekend. Please respond when convenient. This update is scheduled for Wednesday.,promotions
1707,Interview Invitation,We would like to invite you for an interview for the open position. Please respond when convenient. This update is scheduled for Monday.,job_career
3743,Conference Update,We are organizing a celebration and would love you to join us. Please respond when convenient. This update is scheduled for Tuesday.,events
3471,Travel Confirmation,I would like to change the date of my hotel reservation. Please respond when convenient. This update is scheduled for Friday.,travel
1281,Weekend Plans,I wanted to check how you are doing. Please respond when convenient. This update is scheduled for Thursday.,personal
862,Service Problem,The service is not working properly. Please check the problem. Please respond when convenient. This update is scheduled for Thursday.,customer_support
4146,Special Offer,Shop now and receive free delivery on qualifying purchases. Please respond when convenient. This update is scheduled for Wednesday.,promotions
1802,Career Opportunity,I am writing to apply for the software developer position. Please respond when convenient. This update is scheduled for Monday.,job_career
1629,Job Application,I am interested in learning more about the internship opportunity. Please respond when convenient. This update is scheduled for Wednesday.,job_career
1994,Career Opportunity,I am interested in learning more about the internship opportunity. Please respond when convenient. This update is scheduled for Thursday.,job_career
2640,Meeting Reminder,I would like to arrange a meeting to discuss the project. Please respond when convenient. This update is scheduled for Friday.,meetings
270,Project Update,The client has requested an update on the project timeline. Please respond when convenient. This update is scheduled for Friday.,business
630,Support Request,I am having trouble with my order and need some assistance. Please respond when convenient. This update is scheduled for Wednesday.,customer_support
3082,Flight Booking,I would like to change the date of my hotel reservation. Please respond when convenient. This update is scheduled for Thursday.,travel
2335,Invoice,The payment has been processed successfully. Please respond when convenient. This update is scheduled for Friday.,finance
2967,Meeting Request,The team meeting has been scheduled for Monday at 10 AM. Please respond when convenient. This update is scheduled for Monday.,meetings
301,Quarterly Report,The updated project proposal is ready for your review. Please respond when convenient. This update is scheduled for Wednesday.,business
460,Project Update,The client has requested an update on the project timeline. Please respond when convenient. This update is scheduled for Wednesday.,business
1448,Checking In,I hope you are doing well. Let me know when we can catch up. Please respond when convenient. This update is scheduled for Friday.,personal
1473,Hello,I wanted to check how you are doing. Please respond when convenient. This update is scheduled for Tuesday.,personal
2047,Payment Update,Could you confirm whether my refund has been issued? Please respond when convenient. This update is scheduled for Friday.,finance
4229,Limited Time Deal,Shop now and receive free delivery on qualifying purchases. Please respond when convenient. This update is scheduled for Thursday.,promotions
3765,Conference Update,We are organizing a celebration and would love you to join us. Please respond when convenient. This update is scheduled for Wednesday.,events
2114,Invoice,I have a question regarding the payment shown on my account. Please respond when convenient. This update is scheduled for Tuesday.,finance
28,Quarterly Report,The updated project proposal is ready for your review. Please respond when convenient. This update is scheduled for Friday.,business
3840,Conference Update,We are organizing a celebration and would love you to join us. Please respond when convenient. This update is scheduled for Tuesday.,events
4523,Monthly Newsletter,Here are this week's latest company updates. Please respond when convenient. This update is scheduled for Friday.,newsletter_updates
838,Service Problem,Could you help me resolve this issue with my account? Please respond when convenient. This update is scheduled for Friday.,customer_support
3827,Event Invitation,We are organizing a celebration and would love you to join us. Please respond when convenient. This update is scheduled for Friday.,events
2009,Account Statement,I have a question regarding the payment shown on my account. Please respond when convenient. This update is scheduled for Friday.,finance
4908,Latest News,Here are this week's latest company updates. Please respond when convenient. This update is scheduled for Tuesday.,newsletter_updates
504,Support Request,I am having trouble with my order and need some assistance. Please respond when convenient. This update is scheduled for Monday.,customer_support
3207,Flight Booking,Please send me the details of my upcoming trip. Please respond when convenient. This update is scheduled for Friday.,travel
4305,Limited Time Deal,Use this promotional code to receive a discount on your order. Please respond when convenient. This update is scheduled for Thursday.,promotions
381,Business Update,We need your approval before proceeding with the business plan. Please respond when convenient. This update is scheduled for Monday.,business
1852,Job Application,Could you provide an update regarding my job application? Please respond when convenient. This update is scheduled for Thursday.,job_career
1526,Career Opportunity,Please find my resume attached for your consideration. Please respond when convenient. This update is scheduled for Friday.,job_career
2366,Payment Update,Your invoice is due for payment by the end of this month. Please respond when convenient. This update is scheduled for Friday.,finance
4148,Special Offer,Enjoy exclusive discounts on selected products today. Please respond when convenient. This update is scheduled for Friday.,promotions
3053,Travel Confirmation,Please send me the details of my upcoming trip. Please respond when convenient. This update is scheduled for Wednesday.,travel
2885,Schedule Update,Please confirm your availability for tomorrow's meeting. Please respond when convenient. This update is scheduled for Friday.,meetings
2341,Payment Update,Please find the latest invoice attached to this email. Please respond when convenient. This update is scheduled for Monday.,finance
375,Project Update,The client has requested an update on the project timeline. Please respond when convenient. This update is scheduled for Thursday.,business
3261,Travel Confirmation,I would like to change the date of my hotel reservation. Please respond when convenient. This update is scheduled for Tuesday.,travel
2382,Invoice,Your invoice is due for payment by the end of this month. Please respond when convenient. This update is scheduled for Wednesday.,finance
4310,Special Offer,Shop now and receive free delivery on qualifying purchases. Please respond when convenient. This update is scheduled for Wednesday.,promotions
940,Support Request,I am having trouble with my order and need some assistance. Please respond when convenient. This update is scheduled for Friday.,customer_support
4199,Exclusive Discount,Enjoy exclusive discounts on selected products today. Please respond when convenient. This update is scheduled for Thursday.,promotions
4166,Limited Time Deal,Enjoy exclusive discounts on selected products today. Please respond when convenient. This update is scheduled for Wednesday.,promotions
2800,Meeting Request,I would like to arrange a meeting to discuss the project. Please respond when convenient. This update is scheduled for Thursday.,meetings
2148,Account Statement,The payment has been processed successfully. Please respond when convenient. This update is scheduled for Friday.,finance
3818,Upcoming Event,Please RSVP for the upcoming company event. Please respond when convenient. This update is scheduled for Thursday.,events
4541,Latest News,This week's newsletter includes important announcements. Please respond when convenient. This update is scheduled for Thursday.,newsletter_updates
4217,Special Offer,Enjoy exclusive discounts on selected products today. Please respond when convenient. This update is scheduled for Wednesday.,promotions
2069,Invoice,Please find the latest invoice attached to this email. Please respond when convenient. This update is scheduled for Friday.,finance
530,Order Issue,Could you help me resolve this issue with my account? Please respond when convenient. This update is scheduled for Friday.,customer_support
4605,Latest News,Here are this week's latest company updates. Please respond when convenient. This update is scheduled for Friday.,newsletter_updates
637,Support Request,I am having trouble with my order and need some assistance. Please respond when convenient. This update is scheduled for Thursday.,customer_support
1270,Hello,Are you free to meet for dinner this weekend? Please respond when convenient. This update is scheduled for Wednesday.,personal
186,Business Update,Please find the latest sales figures attached for discussion. Please respond when convenient. This update is scheduled for Friday.,business
4350,Limited Time Deal,Enjoy exclusive discounts on selected products today. Please respond when convenient. This update is scheduled for Tuesday.,promotions
3180,Hotel Reservation,I would like to change the date of my hotel reservation. Please respond when convenient. This update is scheduled for Monday.,travel
3455,Hotel Reservation,The flight schedule has been updated by the airline. Please respond when convenient. This update is scheduled for Tuesday.,travel
1798,Job Application,I am writing to apply for the software developer position. Please respond when convenient. This update is scheduled for Tuesday.,job_career
2980,Meeting Reminder,Please confirm your availability for tomorrow's meeting. Please respond when convenient. This update is scheduled for Thursday.,meetings
1442,Weekend Plans,Would you like to join us for lunch tomorrow? Please respond when convenient. This update is scheduled for Friday.,personal
3428,Hotel Reservation,Please send me the details of my upcoming trip. Please respond when convenient. This update is scheduled for Friday.,travel
4875,Weekly Update,Here is your regular update with the latest information. Please respond when convenient. This update is scheduled for Wednesday.,newsletter_updates
1536,Job Application,Could you provide an update regarding my job application? Please respond when convenient. This update is scheduled for Thursday.,job_career
3444,Hotel Reservation,I would like to change the date of my hotel reservation. Please respond when convenient. This update is scheduled for Wednesday.,travel
1274,Weekend Plans,I wanted to check how you are doing. Please respond when convenient. This update is scheduled for Wednesday.,personal
2468,Payment Update,Your invoice is due for payment by the end of this month. Please respond when convenient. This update is scheduled for Thursday.,finance
608,Order Issue,I am having trouble with my order and need some assistance. Please respond when convenient. This update is scheduled for Wednesday.,customer_support
3514,Conference Update,The event schedule has been updated. Please respond when convenient. This update is scheduled for Friday.,events
1713,Career Opportunity,I am interested in learning more about the internship opportunity. Please respond when convenient. This update is scheduled for Wednesday.,job_career
2200,Account Statement,I have a question regarding the payment shown on my account. Please respond when convenient. This update is scheduled for Tuesday.,finance
956,Service Problem,I have not received my order yet and would like an update. Please respond when convenient. This update is scheduled for Friday.,customer_support
2580,Meeting Reminder,Can we reschedule our meeting to Thursday afternoon? Please respond when convenient. This update is scheduled for Tuesday.,meetings
3898,Event Invitation,We are organizing a celebration and would love you to join us. Please respond when convenient. This update is scheduled for Tuesday.,events
4426,Special Offer,Use this promotional code to receive a discount on your order. Please respond when convenient. This update is scheduled for Friday.,promotions
3381,Flight Booking,Can you help me book a hotel for my business trip? Please respond when convenient. This update is scheduled for Thursday.,travel
3686,Event Invitation,You are invited to attend our annual conference next month. Please respond when convenient. This update is scheduled for Monday.,events
404,Business Update,The client has requested an update on the project timeline. Please respond when convenient. This update is scheduled for Wednesday.,business
2072,Account Statement,Please find the latest invoice attached to this email. Please respond when convenient. This update is scheduled for Tuesday.,finance
4756,Monthly Newsletter,Here is your regular update with the latest information. Please respond when convenient. This update is scheduled for Wednesday.,newsletter_updates
1978,Job Application,I am writing to apply for the software developer position. Please respond when convenient. This update is scheduled for Friday.,job_career
159,Project Update,Please review the quarterly business report and share your feedback. Please respond when convenient. This update is scheduled for Friday.,business
1749,Career Opportunity,Could you provide an update regarding my job application? Please respond when convenient. This update is scheduled for Tuesday.,job_career
2910,Schedule Update,Can we reschedule our meeting to Thursday afternoon? Please respond when convenient. This update is scheduled for Tuesday.,meetings
3535,Upcoming Event,The event schedule has been updated. Please respond when convenient. This update is scheduled for Thursday.,events
903,Order Issue,Could you help me resolve this issue with my account? Please respond when convenient. This update is scheduled for Tuesday.,customer_support
353,Project Update,The client has requested an update on the project timeline. Please respond when convenient. This update is scheduled for Tuesday.,business
1231,Hello,Would you like to join us for lunch tomorrow? Please respond when convenient. This update is scheduled for Wednesday.,personal
4671,Weekly Update,Here is your regular update with the latest information. Please respond when convenient. This update is scheduled for Monday.,newsletter_updates
2141,Invoice,The payment has been processed successfully. Please respond when convenient. This update is scheduled for Wednesday.,finance
445,Business Update,Please review the quarterly business report and share your feedback. Please respond when convenient. This update is scheduled for Friday.,business
4949,Weekly Update,This week's newsletter includes important announcements. Please respond when convenient. This update is scheduled for Friday.,newsletter_updates
755,Support Request,The service is not working properly. Please check the problem. Please respond when convenient. This update is scheduled for Wednesday.,customer_support
1738,Job Application,I am writing to apply for the software developer position. Please respond when convenient. This update is scheduled for Wednesday.,job_career
2972,Schedule Update,I would like to arrange a meeting to discuss the project. Please respond when convenient. This update is scheduled for Wednesday.,meetings
4980,Weekly Update,Here are this week's latest company updates. Please respond when convenient. This update is scheduled for Friday.,newsletter_updates
2921,Schedule Update,The meeting agenda is attached for your review. Please respond when convenient. This update is scheduled for Thursday.,meetings
312,Business Update,The updated project proposal is ready for your review. Please respond when convenient. This update is scheduled for Wednesday.,business
549,Support Request,I have not received my order yet and would like an update. Please respond when convenient. This update is scheduled for Wednesday.,customer_support
4053,Special Offer,Shop now and receive free delivery on qualifying purchases. Please respond when convenient. This update is scheduled for Monday.,promotions
4762,Monthly Newsletter,This week's newsletter includes important announcements. Please respond when convenient. This update is scheduled for Friday.,newsletter_updates
1990,Job Application,I am interested in learning more about the internship opportunity. Please respond when convenient. This update is scheduled for Monday.,job_career
307,Quarterly Report,We need your approval before proceeding with the business plan. Please respond when convenient. This update is scheduled for Wednesday.,business
2336,Payment Update,The payment has been processed successfully. Please respond when convenient. This update is scheduled for Wednesday.,finance
695,Service Problem,My product arrived damaged. Please help me with a replacement. Please respond when convenient. This update is scheduled for Thursday.,customer_support
2357,Payment Update,Could you confirm whether my refund has been issued? Please respond when convenient. This update is scheduled for Wednesday.,finance
1928,Job Application,We would like to invite you for an interview for the open position. Please respond when convenient. This update is scheduled for Wednesday.,job_career
685,Service Problem,I am having trouble with my order and need some assistance. Please respond when convenient. This update is scheduled for Wednesday.,customer_support
750,Support Request,The service is not working properly. Please check the problem. Please respond when convenient. This update is scheduled for Monday.,customer_support
4009,Special Offer,Our special offer is available for a limited time. Please respond when convenient. This update is scheduled for Thursday.,promotions
1267,Checking In,Would you like to join us for lunch tomorrow? Please respond when convenient. This update is scheduled for Wednesday.,personal
3286,Travel Confirmation,Your flight booking has been confirmed for next Monday. Please respond when convenient. This update is scheduled for Wednesday.,travel
3530,Upcoming Event,Please find the invitation for the upcoming seminar. Please respond when convenient. This update is scheduled for Monday.,events
4424,Limited Time Deal,Get 30 percent off your next purchase this weekend. Please respond when convenient. This update is scheduled for Thursday.,promotions
3985,Conference Update,The event schedule has been updated. Please respond when convenient. This update is scheduled for Wednesday.,events
3084,Flight Booking,The flight schedule has been updated by the airline. Please respond when convenient. This update is scheduled for Tuesday.,travel
3062,Travel Confirmation,Please send me the details of my upcoming trip. Please respond when convenient. This update is scheduled for Tuesday.,travel
3026,Travel Confirmation,Can you help me book a hotel for my business trip? Please respond when convenient. This update is scheduled for Friday.,travel
971,Service Problem,My product arrived damaged. Please help me with a replacement. Please respond when convenient. This update is scheduled for Friday.,customer_support
14,Project Update,Please review the quarterly business report and share your feedback. Please respond when convenient. This update is scheduled for Monday.,business
874,Service Problem,I am having trouble with my order and need some assistance. Please respond when convenient. This update is scheduled for Tuesday.,customer_support
809,Service Problem,I have not received my order yet and would like an update. Please respond when convenient. This update is scheduled for Friday.,customer_support
3199,Flight Booking,Can you help me book a hotel for my business trip? Please respond when convenient. This update is scheduled for Friday.,travel
515,Support Request,I have not received my order yet and would like an update. Please respond when convenient. This update is scheduled for Tuesday.,customer_support
4473,Limited Time Deal,Shop now and receive free delivery on qualifying purchases. Please respond when convenient. This update is scheduled for Friday.,promotions
410,Business Update,We need your approval before proceeding with the business plan. Please respond when convenient. This update is scheduled for Thursday.,business
3409,Flight Booking,Your flight booking has been confirmed for next Monday. Please respond when convenient. This update is scheduled for Tuesday.,travel
4343,Limited Time Deal,Enjoy exclusive discounts on selected products today. Please respond when convenient. This update is scheduled for Thursday.,promotions
208,Project Update,The client has requested an update on the project timeline. Please respond when convenient. This update is scheduled for Thursday.,business
3692,Event Invitation,We are organizing a celebration and would love you to join us. Please respond when convenient. This update is scheduled for Thursday.,events
459,Business Update,The updated project proposal is ready for your review. Please respond when convenient. This update is scheduled for Friday.,business
3472,Flight Booking,The flight schedule has been updated by the airline. Please respond when convenient. This update is scheduled for Thursday.,travel
2431,Invoice,Please find the latest invoice attached to this email. Please respond when convenient. This update is scheduled for Monday.,finance
3658,Upcoming Event,Please find the invitation for the upcoming seminar. Please respond when convenient. This update is scheduled for Thursday.,events
111,Business Update,We need your approval before proceeding with the business plan. Please respond when convenient. This update is scheduled for Wednesday.,business
4590,Latest News,Welcome to our monthly newsletter. Please respond when convenient. This update is scheduled for Wednesday.,newsletter_updates
4045,Limited Time Deal,Use this promotional code to receive a discount on your order. Please respond when convenient. This update is scheduled for Wednesday.,promotions
1884,Career Opportunity,Please find my resume attached for your consideration. Please respond when convenient. This update is scheduled for Wednesday.,job_career
1714,Career Opportunity,Please find my resume attached for your consideration. Please respond when convenient. This update is scheduled for Friday.,job_career
3959,Conference Update,We are organizing a celebration and would love you to join us. Please respond when convenient. This update is scheduled for Wednesday.,events
3400,Flight Booking,The flight schedule has been updated by the airline. Please respond when convenient. This update is scheduled for Thursday.,travel
553,Service Problem,I am having trouble with my order and need some assistance. Please respond when convenient. This update is scheduled for Thursday.,customer_support
1440,Hello,Please call me when you have some free time. Please respond when convenient. This update is scheduled for Thursday.,personal
2271,Account Statement,The payment has been processed successfully. Please respond when convenient. This update is scheduled for Tuesday.,finance
3145,Flight Booking,The flight schedule has been updated by the airline. Please respond when convenient. This update is scheduled for Wednesday.,travel
2822,Schedule Update,The team meeting has been scheduled for Monday at 10 AM. Please respond when convenient. This update is scheduled for Wednesday.,meetings
4782,Latest News,Read the latest news and updates from our organization. Please respond when convenient. This update is scheduled for Thursday.,newsletter_updates
1926,Interview Invitation,I am interested in learning more about the internship opportunity. Please respond when convenient. This update is scheduled for Wednesday.,job_career
635,Service Problem,My product arrived damaged. Please help me with a replacement. Please respond when convenient. This update is scheduled for Thursday.,customer_support
4806,Latest News,Here is your regular update with the latest information. Please respond when convenient. This update is scheduled for Friday.,newsletter_updates
317,Project Update,We need your approval before proceeding with the business plan. Please respond when convenient. This update is scheduled for Thursday.,business
4218,Exclusive Discount,Get 30 percent off your next purchase this weekend. Please respond when convenient. This update is scheduled for Thursday.,promotions
4700,Latest News,This week's newsletter includes important announcements. Please respond when convenient. This update is scheduled for Wednesday.,newsletter_updates
1329,Weekend Plans,Would you like to join us for lunch tomorrow? Please respond when convenient. This update is scheduled for Wednesday.,personal
428,Business Update,The updated project proposal is ready for your review. Please respond when convenient. This update is scheduled for Monday.,business
4375,Special Offer,Shop now and receive free delivery on qualifying purchases. Please respond when convenient. This update is scheduled for Monday.,promotions
106,Business Update,The updated project proposal is ready for your review. Please respond when convenient. This update is scheduled for Thursday.,business
3042,Flight Booking,The flight schedule has been updated by the airline. Please respond when convenient. This update is scheduled for Thursday.,travel
143,Project Update,The updated project proposal is ready for your review. Please respond when convenient. This update is scheduled for Monday.,business
2170,Invoice,I have a question regarding the payment shown on my account. Please respond when convenient. This update is scheduled for Monday.,finance
3459,Hotel Reservation,Please send me the details of my upcoming trip. Please respond when convenient. This update is scheduled for Monday.,travel
90,Business Update,Please review the quarterly business report and share your feedback. Please respond when convenient. This update is scheduled for Friday.,business
2919,Meeting Reminder,Please confirm your availability for tomorrow's meeting. Please respond when convenient. This update is scheduled for Tuesday.,meetings
3238,Flight Booking,Can you help me book a hotel for my business trip? Please respond when convenient. This update is scheduled for Monday.,travel
2242,Account Statement,Your invoice is due for payment by the end of this month. Please respond when convenient. This update is scheduled for Thursday.,finance
3175,Hotel Reservation,Please send me the details of my upcoming trip. Please respond when convenient. This update is scheduled for Wednesday.,travel
3413,Travel Confirmation,The flight schedule has been updated by the airline. Please respond when convenient. This update is scheduled for Wednesday.,travel
2164,Account Statement,Please find the latest invoice attached to this email. Please respond when convenient. This update is scheduled for Monday.,finance
2637,Meeting Request,Please confirm your availability for tomorrow's meeting. Please respond when convenient. This update is scheduled for Friday.,meetings
1950,Job Application,Please find my resume attached for your consideration. Please respond when convenient. This update is scheduled for Wednesday.,job_career
1769,Interview Invitation,Could you provide an update regarding my job application? Please respond when convenient. This update is scheduled for Friday.,job_career
4291,Limited Time Deal,Our special offer is available for a limited time. Please respond when convenient. This update is scheduled for Thursday.,promotions
2273,Invoice,The payment has been processed successfully. Please respond when convenient. This update is scheduled for Friday.,finance
2,Business Update,We need your approval before proceeding with the business plan. Please respond when convenient. This update is scheduled for Tuesday.,business
3283,Flight Booking,Your flight booking has been confirmed for next Monday. Please respond when convenient. This update is scheduled for Tuesday.,travel
4958,Weekly Update,Here are this week's latest company updates. Please respond when convenient. This update is scheduled for Friday.,newsletter_updates
1952,Interview Invitation,I am writing to apply for the software developer position. Please respond when convenient. This update is scheduled for Wednesday.,job_career
936,Service Problem,I am having trouble with my order and need some assistance. Please respond when convenient. This update is scheduled for Monday.,customer_support
4297,Special Offer,Use this promotional code to receive a discount on your order. Please respond when convenient. This update is scheduled for Friday.,promotions
2721,Meeting Reminder,The meeting agenda is attached for your review. Please respond when convenient. This update is scheduled for Monday.,meetings
4448,Limited Time Deal,Get 30 percent off your next purchase this weekend. Please respond when convenient. This update is scheduled for Wednesday.,promotions
1110,Checking In,Please call me when you have some free time. Please respond when convenient. This update is scheduled for Thursday.,personal
3961,Event Invitation,The event schedule has been updated. Please respond when convenient. This update is scheduled for Wednesday.,events
592,Service Problem,I have not received my order yet and would like an update. Please respond when convenient. This update is scheduled for Thursday.,customer_support
1696,Interview Invitation,Could you provide an update regarding my job application? Please respond when convenient. This update is scheduled for Tuesday.,job_career
3451,Travel Confirmation,I would like to change the date of my hotel reservation. Please respond when convenient. This update is scheduled for Thursday.,travel
2937,Meeting Request,I would like to arrange a meeting to discuss the project. Please respond when convenient. This update is scheduled for Tuesday.,meetings
4205,Exclusive Discount,Use this promotional code to receive a discount on your order. Please respond when convenient. This update is scheduled for Tuesday.,promotions
3412,Travel Confirmation,Your flight booking has been confirmed for next Monday. Please respond when convenient. This update is scheduled for Wednesday.,travel
1577,Job Application,I am interested in learning more about the internship opportunity. Please respond when convenient. This update is scheduled for Tuesday.,job_career
3955,Upcoming Event,You are invited to attend our annual conference next month. Please respond when convenient. This update is scheduled for Friday.,events
214,Quarterly Report,The client has requested an update on the project timeline. Please respond when convenient. This update is scheduled for Friday.,business
779,Service Problem,I have not received my order yet and would like an update. Please respond when convenient. This update is scheduled for Wednesday.,customer_support
1416,Weekend Plans,Are you free to meet for dinner this weekend? Please respond when convenient. This update is scheduled for Friday.,personal
3760,Conference Update,Please RSVP for the upcoming company event. Please respond when convenient. This update is scheduled for Tuesday.,events
2044,Payment Update,I have a question regarding the payment shown on my account. Please respond when convenient. This update is scheduled for Friday.,finance
2849,Schedule Update,Can we reschedule our meeting to Thursday afternoon? Please respond when convenient. This update is scheduled for Friday.,meetings
4538,Latest News,Here is your regular update with the latest information. Please respond when convenient. This update is scheduled for Tuesday.,newsletter_updates
3506,Event Invitation,Please RSVP for the upcoming company event. Please respond when convenient. This update is scheduled for Wednesday.,events
3814,Event Invitation,Please RSVP for the upcoming company event. Please respond when convenient. This update is scheduled for Wednesday.,events
1568,Interview Invitation,We would like to invite you for an interview for the open position. Please respond when convenient. This update is scheduled for Monday.,job_career
166,Quarterly Report,Please find the latest sales figures attached for discussion. Please respond when convenient. This update is scheduled for Monday.,business
4715,Latest News,Here is your regular update with the latest information. Please respond when convenient. This update is scheduled for Thursday.,newsletter_updates
4273,Exclusive Discount,Get 30 percent off your next purchase this weekend. Please respond when convenient. This update is scheduled for Thursday.,promotions
4927,Weekly Update,Here is your regular update with the latest information. Please respond when convenient. This update is scheduled for Monday.,newsletter_updates
1344,Hello,I wanted to check how you are doing. Please respond when convenient. This update is scheduled for Thursday.,personal
2014,Invoice,The payment has been processed successfully. Please respond when convenient. This update is scheduled for Friday.,finance
274,Project Update,Please review the quarterly business report and share your feedback. Please respond when convenient. This update is scheduled for Tuesday.,business
72,Business Update,The updated project proposal is ready for your review. Please respond when convenient. This update is scheduled for Friday.,business
3888,Upcoming Event,The event schedule has been updated. Please respond when convenient. This update is scheduled for Tuesday.,events
1088,Weekend Plans,I hope you are doing well. Let me know when we can catch up. Please respond when convenient. This update is scheduled for Monday.,personal
395,Project Update,Please find the latest sales figures attached for discussion. Please respond when convenient. This update is scheduled for Wednesday.,business
584,Service Problem,The service is not working properly. Please check the problem. Please respond when convenient. This update is scheduled for Tuesday.,customer_support
1368,Checking In,I hope you are doing well. Let me know when we can catch up. Please respond when convenient. This update is scheduled for Monday.,personal
4988,Weekly Update,Here are this week's latest company updates. Please respond when convenient. This update is scheduled for Thursday.,newsletter_updates
4089,Special Offer,Enjoy exclusive discounts on selected products today. Please respond when convenient. This update is scheduled for Tuesday.,promotions
2549,Meeting Request,Can we reschedule our meeting to Thursday afternoon? Please respond when convenient. This update is scheduled for Tuesday.,meetings
1014,Weekend Plans,I hope you are doing well. Let me know when we can catch up. Please respond when convenient. This update is scheduled for Tuesday.,personal
4898,Latest News,Read the latest news and updates from our organization. Please respond when convenient. This update is scheduled for Thursday.,newsletter_updates
3004,Hotel Reservation,Please send me the details of my upcoming trip. Please respond when convenient. This update is scheduled for Friday.,travel
4789,Weekly Update,Here are this week's latest company updates. Please respond when convenient. This update is scheduled for Tuesday.,newsletter_updates
4408,Special Offer,Use this promotional code to receive a discount on your order. Please respond when convenient. This update is scheduled for Wednesday.,promotions
3533,Conference Update,We are organizing a celebration and would love you to join us. Please respond when convenient. This update is scheduled for Monday.,events
1764,Career Opportunity,I am writing to apply for the software developer position. Please respond when convenient. This update is scheduled for Monday.,job_career
1876,Career Opportunity,I am interested in learning more about the internship opportunity. Please respond when convenient. This update is scheduled for Thursday.,job_career
1260,Hello,Would you like to join us for lunch tomorrow? Please respond when convenient. This update is scheduled for Thursday.,personal
4531,Monthly Newsletter,This week's newsletter includes important announcements. Please respond when convenient. This update is scheduled for Wednesday.,newsletter_updates
2254,Account Statement,Could you confirm whether my refund has been issued? Please respond when convenient. This update is scheduled for Wednesday.,finance
2782,Meeting Request,Can we reschedule our meeting to Thursday afternoon? Please respond when convenient. This update is scheduled for Thursday.,meetings
3593,Event Invitation,Please RSVP for the upcoming company event. Please respond when convenient. This update is scheduled for Wednesday.,events
527,Service Problem,I have not received my order yet and would like an update. Please respond when convenient. This update is scheduled for Tuesday.,customer_support
4264,Exclusive Discount,Shop now and receive free delivery on qualifying purchases. Please respond when convenient. This update is scheduled for Thursday.,promotions
2947,Meeting Reminder,The meeting agenda is attached for your review. Please respond when convenient. This update is scheduled for Thursday.,meetings
378,Quarterly Report,We need your approval before proceeding with the business plan. Please respond when convenient. This update is scheduled for Tuesday.,business
1560,Interview Invitation,Please find my resume attached for your consideration. Please respond when convenient. This update is scheduled for Monday.,job_career
3821,Event Invitation,Please RSVP for the upcoming company event. Please respond when convenient. This update is scheduled for Tuesday.,events
1964,Interview Invitation,I am writing to apply for the software developer position. Please respond when convenient. This update is scheduled for Monday.,job_career
4733,Weekly Update,This week's newsletter includes important announcements. Please respond when convenient. This update is scheduled for Monday.,newsletter_updates
349,Quarterly Report,The updated project proposal is ready for your review. Please respond when convenient. This update is scheduled for Thursday.,business
2435,Account Statement,The payment has been processed successfully. Please respond when convenient. This update is scheduled for Monday.,finance
2247,Payment Update,Could you confirm whether my refund has been issued? Please respond when convenient. This update is scheduled for Tuesday.,finance
4167,Special Offer,Enjoy exclusive discounts on selected products today. Please respond when convenient. This update is scheduled for Thursday.,promotions
1710,Interview Invitation,Could you provide an update regarding my job application? Please respond when convenient. This update is scheduled for Thursday.,job_career
1051,Hello,Are you free to meet for dinner this weekend? Please respond when convenient. This update is scheduled for Tuesday.,personal
591,Order Issue,The service is not working properly. Please check the problem. Please respond when convenient. This update is scheduled for Thursday.,customer_support
520,Service Problem,My product arrived damaged. Please help me with a replacement. Please respond when convenient. This update is scheduled for Friday.,customer_support
4753,Weekly Update,Here are this week's latest company updates. Please respond when convenient. This update is scheduled for Friday.,newsletter_updates
4309,Exclusive Discount,Enjoy exclusive discounts on selected products today. Please respond when convenient. This update is scheduled for Tuesday.,promotions
2478,Account Statement,The payment has been processed successfully. Please respond when convenient. This update is scheduled for Monday.,finance
1084,Weekend Plans,Would you like to join us for lunch tomorrow? Please respond when convenient. This update is scheduled for Monday.,personal
3589,Upcoming Event,Please RSVP for the upcoming company event. Please respond when convenient. This update is scheduled for Friday.,events
4779,Monthly Newsletter,Here is your regular update with the latest information. Please respond when convenient. This update is scheduled for Thursday.,newsletter_updates
4510,Weekly Update,Read the latest news and updates from our organization. Please respond when convenient. This update is scheduled for Thursday.,newsletter_updates
1295,Weekend Plans,I hope you are doing well. Let me know when we can catch up. Please respond when convenient. This update is scheduled for Thursday.,personal
1810,Job Application,Please find my resume attached for your consideration. Please respond when convenient. This update is scheduled for Wednesday.,job_career
792,Support Request,The service is not working properly. Please check the problem. Please respond when convenient. This update is scheduled for Wednesday.,customer_support
793,Service Problem,I am having trouble with my order and need some assistance. Please respond when convenient. This update is scheduled for Friday.,customer_support
4115,Special Offer,Enjoy exclusive discounts on selected products today. Please respond when convenient. This update is scheduled for Monday.,promotions
1856,Job Application,I am interested in learning more about the internship opportunity. Please respond when convenient. This update is scheduled for Tuesday.,job_career
4758,Weekly Update,Here are this week's latest company updates. Please respond when convenient. This update is scheduled for Wednesday.,newsletter_updates
1981,Interview Invitation,I am writing to apply for the software developer position. Please respond when convenient. This update is scheduled for Friday.,job_career
3234,Hotel Reservation,Your flight booking has been confirmed for next Monday. Please respond when convenient. This update is scheduled for Monday.,travel
3909,Event Invitation,Please RSVP for the upcoming company event. Please respond when convenient. This update is scheduled for Monday.,events
4985,Latest News,This week's newsletter includes important announcements. Please respond when convenient. This update is scheduled for Wednesday.,newsletter_updates
3329,Travel Confirmation,I would like to change the date of my hotel reservation. Please respond when convenient. This update is scheduled for Wednesday.,travel
1531,Interview Invitation,We would like to invite you for an interview for the open position. Please respond when convenient. This update is scheduled for Friday.,job_career
1411,Checking In,Please call me when you have some free time. Please respond when convenient. This update is scheduled for Wednesday.,personal
4295,Special Offer,Enjoy exclusive discounts on selected products today. Please respond when convenient. This update is scheduled for Friday.,promotions
4649,Weekly Update,Here is your regular update with the latest information. Please respond when convenient. This update is scheduled for Thursday.,newsletter_updates
84,Business Update,Please find the latest sales figures attached for discussion. Please respond when convenient. This update is scheduled for Wednesday.,business
869,Service Problem,I am having trouble with my order and need some assistance. Please respond when convenient. This update is scheduled for Monday.,customer_support
2351,Invoice,Could you confirm whether my refund has been issued? Please respond when convenient. This update is scheduled for Monday.,finance
21,Quarterly Report,Please review the quarterly business report and share your feedback. Please respond when convenient. This update is scheduled for Monday.,business
3425,Hotel Reservation,Your flight booking has been confirmed for next Monday. Please respond when convenient. This update is scheduled for Tuesday.,travel
2796,Meeting Request,I would like to arrange a meeting to discuss the project. Please respond when convenient. This update is scheduled for Tuesday.,meetings
4573,Weekly Update,Read the latest news and updates from our organization. Please respond when convenient. This update is scheduled for Monday.,newsletter_updates
1563,Job Application,I am interested in learning more about the internship opportunity. Please respond when convenient. This update is scheduled for Friday.,job_career
3094,Flight Booking,I would like to change the date of my hotel reservation. Please respond when convenient. This update is scheduled for Thursday.,travel
3156,Hotel Reservation,Your flight booking has been confirmed for next Monday. Please respond when convenient. This update is scheduled for Tuesday.,travel
974,Order Issue,I am having trouble with my order and need some assistance. Please respond when convenient. This update is scheduled for Monday.,customer_support
1711,Career Opportunity,I am writing to apply for the software developer position. Please respond when convenient. This update is scheduled for Monday.,job_career
3202,Hotel Reservation,I would like to change the date of my hotel reservation. Please respond when convenient. This update is scheduled for Monday.,travel
4372,Limited Time Deal,Get 30 percent off your next purchase this weekend. Please respond when convenient. This update is scheduled for Friday.,promotions
4820,Monthly Newsletter,Here is your regular update with the latest information. Please respond when convenient. This update is scheduled for Tuesday.,newsletter_updates
1099,Checking In,Please call me when you have some free time. Please respond when convenient. This update is scheduled for Wednesday.,personal
4162,Exclusive Discount,Use this promotional code to receive a discount on your order. Please respond when convenient. This update is scheduled for Monday.,promotions
2845,Meeting Request,Can we reschedule our meeting to Thursday afternoon? Please respond when convenient. This update is scheduled for Monday.,meetings
887,Order Issue,Could you help me resolve this issue with my account? Please respond when convenient. This update is scheduled for Friday.,customer_support
4932,Latest News,This week's newsletter includes important announcements. Please respond when convenient. This update is scheduled for Monday.,newsletter_updates
3679,Upcoming Event,We are organizing a celebration and would love you to join us. Please respond when convenient. This update is scheduled for Monday.,events
4581,Latest News,Welcome to our monthly newsletter. Please respond when convenient. This update is scheduled for Monday.,newsletter_updates
3567,Event Invitation,Please find the invitation for the upcoming seminar. Please respond when convenient. This update is scheduled for Tuesday.,events
4402,Exclusive Discount,Shop now and receive free delivery on qualifying purchases. Please respond when convenient. This update is scheduled for Tuesday.,promotions
516,Order Issue,I have not received my order yet and would like an update. Please respond when convenient. This update is scheduled for Wednesday.,customer_support
4621,Latest News,This week's newsletter includes important announcements. Please respond when convenient. This update is scheduled for Wednesday.,newsletter_updates
738,Service Problem,My product arrived damaged. Please help me with a replacement. Please respond when convenient. This update is scheduled for Wednesday.,customer_support
1454,Checking In,Would you like to join us for lunch tomorrow? Please respond when convenient. This update is scheduled for Tuesday.,personal
3972,Conference Update,Please RSVP for the upcoming company event. Please respond when convenient. This update is scheduled for Wednesday.,events
4701,Weekly Update,Read the latest news and updates from our organization. Please respond when convenient. This update is scheduled for Friday.,newsletter_updates
2507,Meeting Reminder,The team meeting has been scheduled for Monday at 10 AM. Please respond when convenient. This update is scheduled for Friday.,meetings
2995,Meeting Request,The meeting agenda is attached for your review. Please respond when convenient. This update is scheduled for Friday.,meetings
2127,Account Statement,I have a question regarding the payment shown on my account. Please respond when convenient. This update is scheduled for Tuesday.,finance
2927,Schedule Update,The team meeting has been scheduled for Monday at 10 AM. Please respond when convenient. This update is scheduled for Monday.,meetings
4746,Monthly Newsletter,This week's newsletter includes important announcements. Please respond when convenient. This update is scheduled for Wednesday.,newsletter_updates
907,Order Issue,The service is not working properly. Please check the problem. Please respond when convenient. This update is scheduled for Tuesday.,customer_support
3648,Event Invitation,The event schedule has been updated. Please respond when convenient. This update is scheduled for Wednesday.,events
1031,Hello,Would you like to join us for lunch tomorrow? Please respond when convenient. This update is scheduled for Friday.,personal
2508,Meeting Reminder,Please confirm your availability for tomorrow's meeting. Please respond when convenient. This update is scheduled for Tuesday.,meetings
2429,Payment Update,Please find the latest invoice attached to this email. Please respond when convenient. This update is scheduled for Thursday.,finance
948,Order Issue,Could you help me resolve this issue with my account? Please respond when convenient. This update is scheduled for Thursday.,customer_support
3807,Conference Update,Please RSVP for the upcoming company event. Please respond when convenient. This update is scheduled for Tuesday.,events
4755,Monthly Newsletter,Read the latest news and updates from our organization. Please respond when convenient. This update is scheduled for Friday.,newsletter_updates
716,Order Issue,Could you help me resolve this issue with my account? Please respond when convenient. This update is scheduled for Thursday.,customer_support
4056,Exclusive Discount,Get 30 percent off your next purchase this weekend. Please respond when convenient. This update is scheduled for Thursday.,promotions
687,Service Problem,The service is not working properly. Please check the problem. Please respond when convenient. This update is scheduled for Tuesday.,customer_support
704,Service Problem,My product arrived damaged. Please help me with a replacement. Please respond when convenient. This update is scheduled for Friday.,customer_support
3342,Travel Confirmation,Your flight booking has been confirmed for next Monday. Please respond when convenient. This update is scheduled for Wednesday.,travel
2354,Invoice,Please find the latest invoice attached to this email. Please respond when convenient. This update is scheduled for Wednesday.,finance
2258,Payment Update,Your invoice is due for payment by the end of this month. Please respond when convenient. This update is scheduled for Wednesday.,finance
3552,Upcoming Event,Please find the invitation for the upcoming seminar. Please respond when convenient. This update is scheduled for Thursday.,events
474,Project Update,We need your approval before proceeding with the business plan. Please respond when convenient. This update is scheduled for Thursday.,business
22,Business Update,The updated project proposal is ready for your review. Please respond when convenient. This update is scheduled for Wednesday.,business
2753,Meeting Request,The meeting agenda is attached for your review. Please respond when convenient. This update is scheduled for Wednesday.,meetings
886,Order Issue,Could you help me resolve this issue with my account? Please respond when convenient. This update is scheduled for Monday.,customer_support
2449,Account Statement,Your invoice is due for payment by the end of this month. Please respond when convenient. This update is scheduled for Thursday.,finance
918,Support Request,Could you help me resolve this issue with my account? Please respond when convenient. This update is scheduled for Wednesday.,customer_support
3758,Event Invitation,Please find the invitation for the upcoming seminar. Please respond when convenient. This update is scheduled for Thursday.,events
3752,Upcoming Event,The event schedule has been updated. Please respond when convenient. This update is scheduled for Thursday.,events
2240,Payment Update,Please find the latest invoice attached to this email. Please respond when convenient. This update is scheduled for Tuesday.,finance
3845,Conference Update,The event schedule has been updated. Please respond when convenient. This update is scheduled for Tuesday.,events
3396,Flight Booking,Can you help me book a hotel for my business trip? Please respond when convenient. This update is scheduled for Wednesday.,travel
1266,Weekend Plans,I hope you are doing well. Let me know when we can catch up. Please respond when convenient. This update is scheduled for Wednesday.,personal
484,Project Update,Please find the latest sales figures attached for discussion. Please respond when convenient. This update is scheduled for Monday.,business
4338,Special Offer,Our special offer is available for a limited time. Please respond when convenient. This update is scheduled for Tuesday.,promotions
2964,Schedule Update,Can we reschedule our meeting to Thursday afternoon? Please respond when convenient. This update is scheduled for Monday.,meetings
1220,Weekend Plans,Would you like to join us for lunch tomorrow? Please respond when convenient. This update is scheduled for Tuesday.,personal
278,Quarterly Report,The client has requested an update on the project timeline. Please respond when convenient. This update is scheduled for Friday.,business
989,Service Problem,The service is not working properly. Please check the problem. Please respond when convenient. This update is scheduled for Tuesday.,customer_support
2085,Account Statement,Please find the latest invoice attached to this email. Please respond when convenient. This update is scheduled for Tuesday.,finance
1246,Weekend Plans,Are you free to meet for dinner this weekend? Please respond when convenient. This update is scheduled for Friday.,personal
2383,Account Statement,The payment has been processed successfully. Please respond when convenient. This update is scheduled for Wednesday.,finance
572,Support Request,Could you help me resolve this issue with my account? Please respond when convenient. This update is scheduled for Wednesday.,customer_support
1436,Hello,Please call me when you have some free time. Please respond when convenient. This update is scheduled for Monday.,personal
994,Order Issue,Could you help me resolve this issue with my account? Please respond when convenient. This update is scheduled for Wednesday.,customer_support
3931,Upcoming Event,Please RSVP for the upcoming company event. Please respond when convenient. This update is scheduled for Monday.,events
3448,Hotel Reservation,I would like to change the date of my hotel reservation. Please respond when convenient. This update is scheduled for Friday.,travel
586,Order Issue,I have not received my order yet and would like an update. Please respond when convenient. This update is scheduled for Tuesday.,customer_support
3659,Conference Update,We are organizing a celebration and would love you to join us. Please respond when convenient. This update is scheduled for Friday.,events
2515,Meeting Request,Can we reschedule our meeting to Thursday afternoon? Please respond when convenient. This update is scheduled for Friday.,meetings
1350,Weekend Plans,Would you like to join us for lunch tomorrow? Please respond when convenient. This update is scheduled for Tuesday.,personal
1008,Checking In,Please call me when you have some free time. Please respond when convenient. This update is scheduled for Thursday.,personal
675,Support Request,I have not received my order yet and would like an update. Please respond when convenient. This update is scheduled for Thursday.,customer_support
2413,Payment Update,The payment has been processed successfully. Please respond when convenient. This update is scheduled for Monday.,finance
2904,Meeting Reminder,The meeting agenda is attached for your review. Please respond when convenient. This update is scheduled for Thursday.,meetings
448,Business Update,Please review the quarterly business report and share your feedback. Please respond when convenient. This update is scheduled for Wednesday.,business
3835,Upcoming Event,We are organizing a celebration and would love you to join us. Please respond when convenient. This update is scheduled for Monday.,events
3759,Event Invitation,You are invited to attend our annual conference next month. Please respond when convenient. This update is scheduled for Monday.,events
3704,Conference Update,We are organizing a celebration and would love you to join us. Please respond when convenient. This update is scheduled for Wednesday.,events
360,Project Update,The client has requested an update on the project timeline. Please respond when convenient. This update is scheduled for Thursday.,business
2065,Invoice,Your invoice is due for payment by the end of this month. Please respond when convenient. This update is scheduled for Thursday.,finance
4450,Special Offer,Get 30 percent off your next purchase this weekend. Please respond when convenient. This update is scheduled for Tuesday.,promotions
3811,Upcoming Event,The event schedule has been updated. Please respond when convenient. This update is scheduled for Thursday.,events
1691,Job Application,I am writing to apply for the software developer position. Please respond when convenient. This update is scheduled for Monday.,job_career
4327,Special Offer,Get 30 percent off your next purchase this weekend. Please respond when convenient. This update is scheduled for Monday.,promotions
1549,Interview Invitation,I am interested in learning more about the internship opportunity. Please respond when convenient. This update is scheduled for Friday.,job_career
1248,Weekend Plans,Are you free to meet for dinner this weekend? Please respond when convenient. This update is scheduled for Tuesday.,personal
1986,Career Opportunity,I am interested in learning more about the internship opportunity. Please respond when convenient. This update is scheduled for Thursday.,job_career
295,Business Update,The client has requested an update on the project timeline. Please respond when convenient. This update is scheduled for Friday.,business
1548,Career Opportunity,Could you provide an update regarding my job application? Please respond when convenient. This update is scheduled for Wednesday.,job_career
2013,Account Statement,I have a question regarding the payment shown on my account. Please respond when convenient. This update is scheduled for Tuesday.,finance
589,Order Issue,My product arrived damaged. Please help me with a replacement. Please respond when convenient. This update is scheduled for Wednesday.,customer_support
3330,Flight Booking,Please send me the details of my upcoming trip. Please respond when convenient. This update is scheduled for Wednesday.,travel
2404,Account Statement,The payment has been processed successfully. Please respond when convenient. This update is scheduled for Monday.,finance
2130,Account Statement,Could you confirm whether my refund has been issued? Please respond when convenient. This update is scheduled for Thursday.,finance
4389,Limited Time Deal,Our special offer is available for a limited time. Please respond when convenient. This update is scheduled for Friday.,promotions
2411,Account Statement,The payment has been processed successfully. Please respond when convenient. This update is scheduled for Tuesday.,finance
2720,Meeting Reminder,I would like to arrange a meeting to discuss the project. Please respond when convenient. This update is scheduled for Wednesday.,meetings
426,Quarterly Report,Please review the quarterly business report and share your feedback. Please respond when convenient. This update is scheduled for Thursday.,business
2583,Meeting Reminder,Please confirm your availability for tomorrow's meeting. Please respond when convenient. This update is scheduled for Wednesday.,meetings
1055,Checking In,I hope you are doing well. Let me know when we can catch up. Please respond when convenient. This update is scheduled for Monday.,personal
3967,Event Invitation,Please RSVP for the upcoming company event. Please respond when convenient. This update is scheduled for Thursday.,events
4563,Latest News,This week's newsletter includes important announcements. Please respond when convenient. This update is scheduled for Tuesday.,newsletter_updates
557,Service Problem,I have not received my order yet and would like an update. Please respond when convenient. This update is scheduled for Monday.,customer_support
4359,Special Offer,Enjoy exclusive discounts on selected products today. Please respond when convenient. This update is scheduled for Thursday.,promotions
3939,Event Invitation,Please find the invitation for the upcoming seminar. Please respond when convenient. This update is scheduled for Thursday.,events
4713,Weekly Update,Here are this week's latest company updates. Please respond when convenient. This update is scheduled for Friday.,newsletter_updates
2470,Invoice,Your invoice is due for payment by the end of this month. Please respond when convenient. This update is scheduled for Friday.,finance
4711,Monthly Newsletter,This week's newsletter includes important announcements. Please respond when convenient. This update is scheduled for Monday.,newsletter_updates
356,Quarterly Report,Please find the latest sales figures attached for discussion. Please respond when convenient. This update is scheduled for Wednesday.,business
1194,Hello,I wanted to check how you are doing. Please respond when convenient. This update is scheduled for Tuesday.,personal
1717,Interview Invitation,I am writing to apply for the software developer position. Please respond when convenient. This update is scheduled for Friday.,job_career
3417,Hotel Reservation,Your flight booking has been confirmed for next Monday. Please respond when convenient. This update is scheduled for Thursday.,travel
2605,Schedule Update,The meeting agenda is attached for your review. Please respond when convenient. This update is scheduled for Monday.,meetings
4130,Exclusive Discount,Enjoy exclusive discounts on selected products today. Please respond when convenient. This update is scheduled for Wednesday.,promotions
2829,Meeting Request,I would like to arrange a meeting to discuss the project. Please respond when convenient. This update is scheduled for Thursday.,meetings
1705,Interview Invitation,We would like to invite you for an interview for the open position. Please respond when convenient. This update is scheduled for Thursday.,job_career
2864,Schedule Update,The team meeting has been scheduled for Monday at 10 AM. Please respond when convenient. This update is scheduled for Monday.,meetings
2619,Meeting Request,Can we reschedule our meeting to Thursday afternoon? Please respond when convenient. This update is scheduled for Wednesday.,meetings
2401,Invoice,Could you confirm whether my refund has been issued? Please respond when convenient. This update is scheduled for Tuesday.,finance
2140,Account Statement,Your invoice is due for payment by the end of this month. Please respond when convenient. This update is scheduled for Friday.,finance
3240,Travel Confirmation,Can you help me book a hotel for my business trip? Please respond when convenient. This update is scheduled for Friday.,travel
2384,Account Statement,Your invoice is due for payment by the end of this month. Please respond when convenient. This update is scheduled for Monday.,finance
3219,Travel Confirmation,I would like to change the date of my hotel reservation. Please respond when convenient. This update is scheduled for Tuesday.,travel
3936,Upcoming Event,We are organizing a celebration and would love you to join us. Please respond when convenient. This update is scheduled for Friday.,events
1286,Weekend Plans,Are you free to meet for dinner this weekend? Please respond when convenient. This update is scheduled for Wednesday.,personal
3797,Upcoming Event,We are organizing a celebration and would love you to join us. Please respond when convenient. This update is scheduled for Tuesday.,events
4895,Monthly Newsletter,Here are this week's latest company updates. Please respond when convenient. This update is scheduled for Friday.,newsletter_updates
4469,Special Offer,Use this promotional code to receive a discount on your order. Please respond when convenient. This update is scheduled for Monday.,promotions
2088,Account Statement,The payment has been processed successfully. Please respond when convenient. This update is scheduled for Wednesday.,finance
1890,Career Opportunity,We would like to invite you for an interview for the open position. Please respond when convenient. This update is scheduled for Wednesday.,job_career
4623,Weekly Update,This week's newsletter includes important announcements. Please respond when convenient. This update is scheduled for Tuesday.,newsletter_updates
1592,Interview Invitation,I am writing to apply for the software developer position. Please respond when convenient. This update is scheduled for Wednesday.,job_career
1347,Hello,Would you like to join us for lunch tomorrow? Please respond when convenient. This update is scheduled for Monday.,personal
4432,Exclusive Discount,Our special offer is available for a limited time. Please respond when convenient. This update is scheduled for Thursday.,promotions
2163,Account Statement,Your invoice is due for payment by the end of this month. Please respond when convenient. This update is scheduled for Thursday.,finance
2397,Account Statement,Your invoice is due for payment by the end of this month. Please respond when convenient. This update is scheduled for Monday.,finance
4769,Latest News,Welcome to our monthly newsletter. Please respond when convenient. This update is scheduled for Friday.,newsletter_updates
2272,Account Statement,Could you confirm whether my refund has been issued? Please respond when convenient. This update is scheduled for Friday.,finance
4491,Limited Time Deal,Our special offer is available for a limited time. Please respond when convenient. This update is scheduled for Wednesday.,promotions
3112,Hotel Reservation,I would like to change the date of my hotel reservation. Please respond when convenient. This update is scheduled for Friday.,travel
1138,Hello,I wanted to check how you are doing. Please respond when convenient. This update is scheduled for Thursday.,personal
3896,Upcoming Event,Please find the invitation for the upcoming seminar. Please respond when convenient. This update is scheduled for Thursday.,events
973,Service Problem,I have not received my order yet and would like an update. Please respond when convenient. This update is scheduled for Tuesday.,customer_support
796,Support Request,My product arrived damaged. Please help me with a replacement. Please respond when convenient. This update is scheduled for Monday.,customer_support
3021,Travel Confirmation,Please send me the details of my upcoming trip. Please respond when convenient. This update is scheduled for Wednesday.,travel
1712,Career Opportunity,Please find my resume attached for your consideration. Please respond when convenient. This update is scheduled for Monday.,job_career
3388,Flight Booking,The flight schedule has been updated by the airline. Please respond when convenient. This update is scheduled for Thursday.,travel
37,Project Update,Please find the latest sales figures attached for discussion. Please respond when convenient. This update is scheduled for Tuesday.,business
454,Business Update,We need your approval before proceeding with the business plan. Please respond when convenient. This update is scheduled for Monday.,business
914,Order Issue,I have not received my order yet and would like an update. Please respond when convenient. This update is scheduled for Wednesday.,customer_support
4082,Special Offer,Enjoy exclusive discounts on selected products today. Please respond when convenient. This update is scheduled for Tuesday.,promotions
1200,Hello,I wanted to check how you are doing. Please respond when convenient. This update is scheduled for Friday.,personal
1275,Weekend Plans,Are you free to meet for dinner this weekend? Please respond when convenient. This update is scheduled for Tuesday.,personal
2376,Payment Update,Please find the latest invoice attached to this email. Please respond when convenient. This update is scheduled for Monday.,finance
38,Quarterly Report,The updated project proposal is ready for your review. Please respond when convenient. This update is scheduled for Tuesday.,business
975,Service Problem,My product arrived damaged. Please help me with a replacement. Please respond when convenient. This update is scheduled for Thursday.,customer_support
3196,Travel Confirmation,The flight schedule has been updated by the airline. Please respond when convenient. This update is scheduled for Friday.,travel
984,Support Request,I have not received my order yet and would like an update. Please respond when convenient. This update is scheduled for Friday.,customer_support
3905,Upcoming Event,Please find the invitation for the upcoming seminar. Please respond when convenient. This update is scheduled for Thursday.,events
4070,Limited Time Deal,Shop now and receive free delivery on qualifying purchases. Please respond when convenient. This update is scheduled for Friday.,promotions
1419,Checking In,Please call me when you have some free time. Please respond when convenient. This update is scheduled for Monday.,personal
3333,Travel Confirmation,Can you help me book a hotel for my business trip? Please respond when convenient. This update is scheduled for Wednesday.,travel
1561,Job Application,I am writing to apply for the software developer position. Please respond when convenient. This update is scheduled for Friday.,job_career
40,Quarterly Report,The client has requested an update on the project timeline. Please respond when convenient. This update is scheduled for Thursday.,business
1487,Hello,I wanted to check how you are doing. Please respond when convenient. This update is scheduled for Thursday.,personal
3884,Event Invitation,You are invited to attend our annual conference next month. Please respond when convenient. This update is scheduled for Wednesday.,events
170,Quarterly Report,Please find the latest sales figures attached for discussion. Please respond when convenient. This update is scheduled for Wednesday.,business
1356,Weekend Plans,Would you like to join us for lunch tomorrow? Please respond when convenient. This update is scheduled for Friday.,personal
2786,Meeting Reminder,I would like to arrange a meeting to discuss the project. Please respond when convenient. This update is scheduled for Thursday.,meetings
3633,Event Invitation,Please find the invitation for the upcoming seminar. Please respond when convenient. This update is scheduled for Tuesday.,events
4749,Monthly Newsletter,Here is your regular update with the latest information. Please respond when convenient. This update is scheduled for Friday.,newsletter_updates
4005,Limited Time Deal,Get 30 percent off your next purchase this weekend. Please respond when convenient. This update is scheduled for Wednesday.,promotions
2683,Meeting Reminder,Please confirm your availability for tomorrow's meeting. Please respond when convenient. This update is scheduled for Wednesday.,meetings
4705,Latest News,Read the latest news and updates from our organization. Please respond when convenient. This update is scheduled for Friday.,newsletter_updates
4026,Special Offer,Shop now and receive free delivery on qualifying purchases. Please respond when convenient. This update is scheduled for Thursday.,promotions
1641,Job Application,Please find my resume attached for your consideration. Please respond when convenient. This update is scheduled for Monday.,job_career
1291,Checking In,Please call me when you have some free time. Please respond when convenient. This update is scheduled for Monday.,personal
1381,Checking In,Are you free to meet for dinner this weekend? Please respond when convenient. This update is scheduled for Wednesday.,personal
1934,Job Application,Please find my resume attached for your consideration. Please respond when convenient. This update is scheduled for Wednesday.,job_career
580,Support Request,The service is not working properly. Please check the problem. Please respond when convenient. This update is scheduled for Friday.,customer_support
4221,Exclusive Discount,Shop now and receive free delivery on qualifying purchases. Please respond when convenient. This update is scheduled for Wednesday.,promotions
3161,Flight Booking,I would like to change the date of my hotel reservation. Please respond when convenient. This update is scheduled for Friday.,travel
2031,Invoice,Your invoice is due for payment by the end of this month. Please respond when convenient. This update is scheduled for Thursday.,finance
893,Order Issue,The service is not working properly. Please check the problem. Please respond when convenient. This update is scheduled for Thursday.,customer_support
3952,Event Invitation,You are invited to attend our annual conference next month. Please respond when convenient. This update is scheduled for Wednesday.,events
781,Order Issue,I have not received my order yet and would like an update. Please respond when convenient. This update is scheduled for Friday.,customer_support
160,Project Update,We need your approval before proceeding with the business plan. Please respond when convenient. This update is scheduled for Wednesday.,business
3,Quarterly Report,The updated project proposal is ready for your review. Please respond when convenient. This update is scheduled for Monday.,business
2264,Payment Update,Please find the latest invoice attached to this email. Please respond when convenient. This update is scheduled for Friday.,finance
3217,Hotel Reservation,Can you help me book a hotel for my business trip? Please respond when convenient. This update is scheduled for Monday.,travel
2110,Account Statement,The payment has been processed successfully. Please respond when convenient. This update is scheduled for Wednesday.,finance
850,Order Issue,I have not received my order yet and would like an update. Please respond when convenient. This update is scheduled for Monday.,customer_support
2738,Schedule Update,I would like to arrange a meeting to discuss the project. Please respond when convenient. This update is scheduled for Wednesday.,meetings
2467,Payment Update,Could you confirm whether my refund has been issued? Please respond when convenient. This update is scheduled for Thursday.,finance
3651,Event Invitation,Please find the invitation for the upcoming seminar. Please respond when convenient. This update is scheduled for Wednesday.,events
1597,Interview Invitation,I am writing to apply for the software developer position. Please respond when convenient. This update is scheduled for Thursday.,job_career
1777,Career Opportunity,Please find my resume attached for your consideration. Please respond when convenient. This update is scheduled for Thursday.,job_career
1914,Interview Invitation,Please find my resume attached for your consideration. Please respond when convenient. This update is scheduled for Wednesday.,job_career
1044,Checking In,Would you like to join us for lunch tomorrow? Please respond when convenient. This update is scheduled for Tuesday.,personal
4714,Monthly Newsletter,Read the latest news and updates from our organization. Please respond when convenient. This update is scheduled for Monday.,newsletter_updates
1545,Career Opportunity,Please find my resume attached for your consideration. Please respond when convenient. This update is scheduled for Friday.,job_career
2737,Meeting Reminder,The team meeting has been scheduled for Monday at 10 AM. Please respond when convenient. This update is scheduled for Monday.,meetings
3707,Upcoming Event,We are organizing a celebration and would love you to join us. Please respond when convenient. This update is scheduled for Monday.,events
4618,Weekly Update,Read the latest news and updates from our organization. Please respond when convenient. This update is scheduled for Thursday.,newsletter_updates
54,Quarterly Report,We need your approval before proceeding with the business plan. Please respond when convenient. This update is scheduled for Friday.,business
1797,Job Application,I am writing to apply for the software developer position. Please respond when convenient. This update is scheduled for Wednesday.,job_career
1912,Job Application,We would like to invite you for an interview for the open position. Please respond when convenient. This update is scheduled for Wednesday.,job_career
2307,Account Statement,I have a question regarding the payment shown on my account. Please respond when convenient. This update is scheduled for Tuesday.,finance
2554,Meeting Request,I would like to arrange a meeting to discuss the project. Please respond when convenient. This update is scheduled for Monday.,meetings
2801,Meeting Reminder,The team meeting has been scheduled for Monday at 10 AM. Please respond when convenient. This update is scheduled for Tuesday.,meetings
4087,Exclusive Discount,Use this promotional code to receive a discount on your order. Please respond when convenient. This update is scheduled for Monday.,promotions
4128,Limited Time Deal,Use this promotional code to receive a discount on your order. Please respond when convenient. This update is scheduled for Thursday.,promotions
825,Service Problem,I have not received my order yet and would like an update. Please respond when convenient. This update is scheduled for Wednesday.,customer_support
4734,Monthly Newsletter,Here are this week's latest company updates. Please respond when convenient. This update is scheduled for Monday.,newsletter_updates
3179,Hotel Reservation,Please send me the details of my upcoming trip. Please respond when convenient. This update is scheduled for Monday.,travel
3402,Flight Booking,Your flight booking has been confirmed for next Monday. Please respond when convenient. This update is scheduled for Monday.,travel
1390,Weekend Plans,Are you free to meet for dinner this weekend? Please respond when convenient. This update is scheduled for Wednesday.,personal
3565,Event Invitation,Please find the invitation for the upcoming seminar. Please respond when convenient. This update is scheduled for Thursday.,events
4877,Weekly Update,Here are this week's latest company updates. Please respond when convenient. This update is scheduled for Tuesday.,newsletter_updates
885,Service Problem,My product arrived damaged. Please help me with a replacement. Please respond when convenient. This update is scheduled for Thursday.,customer_support
3806,Event Invitation,Please find the invitation for the upcoming seminar. Please respond when convenient. This update is scheduled for Tuesday.,events
1608,Interview Invitation,Please find my resume attached for your consideration. Please respond when convenient. This update is scheduled for Friday.,job_career
1595,Job Application,I am interested in learning more about the internship opportunity. Please respond when convenient. This update is scheduled for Thursday.,job_career
772,Service Problem,My product arrived damaged. Please help me with a replacement. Please respond when convenient. This update is scheduled for Thursday.,customer_support
2612,Meeting Request,Please confirm your availability for tomorrow's meeting. Please respond when convenient. This update is scheduled for Wednesday.,meetings
4662,Weekly Update,Here are this week's latest company updates. Please respond when convenient. This update is scheduled for Wednesday.,newsletter_updates
2274,Payment Update,Please find the latest invoice attached to this email. Please respond when convenient. This update is scheduled for Wednesday.,finance
1869,Interview Invitation,Please find my resume attached for your consideration. Please respond when convenient. This update is scheduled for Wednesday.,job_career
1086,Hello,Please call me when you have some free time. Please respond when convenient. This update is scheduled for Friday.,personal
11,Quarterly Report,Please review the quarterly business report and share your feedback. Please respond when convenient. This update is scheduled for Tuesday.,business
3612,Upcoming Event,Please find the invitation for the upcoming seminar. Please respond when convenient. This update is scheduled for Monday.,events
1326,Hello,I wanted to check how you are doing. Please respond when convenient. This update is scheduled for Monday.,personal
3391,Hotel Reservation,I would like to change the date of my hotel reservation. Please respond when convenient. This update is scheduled for Wednesday.,travel
1464,Weekend Plans,Are you free to meet for dinner this weekend? Please respond when convenient. This update is scheduled for Thursday.,personal
807,Service Problem,Could you help me resolve this issue with my account? Please respond when convenient. This update is scheduled for Tuesday.,customer_support
4261,Limited Time Deal,Shop now and receive free delivery on qualifying purchases. Please respond when convenient. This update is scheduled for Thursday.,promotions
3986,Upcoming Event,Please RSVP for the upcoming company event. Please respond when convenient. This update is scheduled for Monday.,events
3772,Event Invitation,Please find the invitation for the upcoming seminar. Please respond when convenient. This update is scheduled for Friday.,events
2109,Payment Update,I have a question regarding the payment shown on my account. Please respond when convenient. This update is scheduled for Friday.,finance
4236,Special Offer,Enjoy exclusive discounts on selected products today. Please respond when convenient. This update is scheduled for Tuesday.,promotions
4957,Weekly Update,Welcome to our monthly newsletter. Please respond when convenient. This update is scheduled for Thursday.,newsletter_updates
2235,Invoice,Could you confirm whether my refund has been issued? Please respond when convenient. This update is scheduled for Monday.,finance
3212,Travel Confirmation,Please send me the details of my upcoming trip. Please respond when convenient. This update is scheduled for Friday.,travel
964,Support Request,I have not received my order yet and would like an update. Please respond when convenient. This update is scheduled for Monday.,customer_support
3416,Hotel Reservation,Your flight booking has been confirmed for next Monday. Please respond when convenient. This update is scheduled for Friday.,travel
3754,Upcoming Event,Please RSVP for the upcoming company event. Please respond when convenient. This update is scheduled for Thursday.,events
399,Quarterly Report,The client has requested an update on the project timeline. Please respond when convenient. This update is scheduled for Wednesday.,business
2633,Meeting Reminder,Please confirm your availability for tomorrow's meeting. Please respond when convenient. This update is scheduled for Thursday.,meetings
4852,Weekly Update,Here is your regular update with the latest information. Please respond when convenient. This update is scheduled for Monday.,newsletter_updates
2997,Meeting Reminder,The meeting agenda is attached for your review. Please respond when convenient. This update is scheduled for Thursday.,meetings
705,Service Problem,My product arrived damaged. Please help me with a replacement. Please respond when convenient. This update is scheduled for Tuesday.,customer_support
432,Project Update,We need your approval before proceeding with the business plan. Please respond when convenient. This update is scheduled for Friday.,business
293,Business Update,Please review the quarterly business report and share your feedback. Please respond when convenient. This update is scheduled for Tuesday.,business
4868,Monthly Newsletter,Here are this week's latest company updates. Please respond when convenient. This update is scheduled for Thursday.,newsletter_updates
146,Business Update,The updated project proposal is ready for your review. Please respond when convenient. This update is scheduled for Thursday.,business
4394,Exclusive Discount,Get 30 percent off your next purchase this weekend. Please respond when convenient. This update is scheduled for Tuesday.,promotions
2034,Invoice,I have a question regarding the payment shown on my account. Please respond when convenient. This update is scheduled for Wednesday.,finance
4284,Limited Time Deal,Enjoy exclusive discounts on selected products today. Please respond when convenient. This update is scheduled for Tuesday.,promotions
1166,Weekend Plans,I hope you are doing well. Let me know when we can catch up. Please respond when convenient. This update is scheduled for Monday.,personal
3501,Conference Update,You are invited to attend our annual conference next month. Please respond when convenient. This update is scheduled for Thursday.,events
2051,Payment Update,Could you confirm whether my refund has been issued? Please respond when convenient. This update is scheduled for Friday.,finance
2625,Meeting Reminder,I would like to arrange a meeting to discuss the project. Please respond when convenient. This update is scheduled for Tuesday.,meetings
4379,Limited Time Deal,Our special offer is available for a limited time. Please respond when convenient. This update is scheduled for Wednesday.,promotions
340,Business Update,Please find the latest sales figures attached for discussion. Please respond when convenient. This update is scheduled for Monday.,business
3880,Conference Update,The event schedule has been updated. Please respond when convenient. This update is scheduled for Monday.,events
4633,Weekly Update,Here are this week's latest company updates. Please respond when convenient. This update is scheduled for Wednesday.,newsletter_updates
2974,Meeting Reminder,Can we reschedule our meeting to Thursday afternoon? Please respond when convenient. This update is scheduled for Tuesday.,meetings
266,Business Update,Please find the latest sales figures attached for discussion. Please respond when convenient. This update is scheduled for Thursday.,business
2425,Account Statement,The payment has been processed successfully. Please respond when convenient. This update is scheduled for Monday.,finance
1263,Weekend Plans,Would you like to join us for lunch tomorrow? Please respond when convenient. This update is scheduled for Tuesday.,personal
1772,Job Application,Please find my resume attached for your consideration. Please respond when convenient. This update is scheduled for Thursday.,job_career
3512,Upcoming Event,The event schedule has been updated. Please respond when convenient. This update is scheduled for Wednesday.,events
272,Project Update,We need your approval before proceeding with the business plan. Please respond when convenient. This update is scheduled for Thursday.,business
697,Support Request,My product arrived damaged. Please help me with a replacement. Please respond when convenient. This update is scheduled for Wednesday.,customer_support
748,Support Request,I have not received my order yet and would like an update. Please respond when convenient. This update is scheduled for Tuesday.,customer_support
245,Quarterly Report,The client has requested an update on the project timeline. Please respond when convenient. This update is scheduled for Thursday.,business
318,Project Update,The client has requested an update on the project timeline. Please respond when convenient. This update is scheduled for Friday.,business
477,Business Update,We need your approval before proceeding with the business plan. Please respond when convenient. This update is scheduled for Wednesday.,business
2033,Payment Update,Please find the latest invoice attached to this email. Please respond when convenient. This update is scheduled for Friday.,finance
958,Service Problem,I am having trouble with my order and need some assistance. Please respond when convenient. This update is scheduled for Tuesday.,customer_support
3817,Event Invitation,Please find the invitation for the upcoming seminar. Please respond when convenient. This update is scheduled for Friday.,events
814,Support Request,I am having trouble with my order and need some assistance. Please respond when convenient. This update is scheduled for Wednesday.,customer_support
4533,Latest News,Here are this week's latest company updates. Please respond when convenient. This update is scheduled for Wednesday.,newsletter_updates
1915,Career Opportunity,I am interested in learning more about the internship opportunity. Please respond when convenient. This update is scheduled for Monday.,job_career
4603,Weekly Update,Welcome to our monthly newsletter. Please respond when convenient. This update is scheduled for Thursday.,newsletter_updates
3488,Flight Booking,Can you help me book a hotel for my business trip? Please respond when convenient. This update is scheduled for Friday.,travel
1298,Hello,I wanted to check how you are doing. Please respond when convenient. This update is scheduled for Friday.,personal
4031,Limited Time Deal,Use this promotional code to receive a discount on your order. Please respond when convenient. This update is scheduled for Tuesday.,promotions
1805,Job Application,We would like to invite you for an interview for the open position. Please respond when convenient. This update is scheduled for Friday.,job_career
759,Order Issue,Could you help me resolve this issue with my account? Please respond when convenient. This update is scheduled for Friday.,customer_support
251,Quarterly Report,The client has requested an update on the project timeline. Please respond when convenient. This update is scheduled for Wednesday.,business
2462,Invoice,Your invoice is due for payment by the end of this month. Please respond when convenient. This update is scheduled for Monday.,finance
546,Service Problem,I am having trouble with my order and need some assistance. Please respond when convenient. This update is scheduled for Wednesday.,customer_support
3242,Hotel Reservation,Can you help me book a hotel for my business trip? Please respond when convenient. This update is scheduled for Wednesday.,travel
739,Order Issue,I have not received my order yet and would like an update. Please respond when convenient. This update is scheduled for Thursday.,customer_support
311,Business Update,Please review the quarterly business report and share your feedback. Please respond when convenient. This update is scheduled for Friday.,business
3781,Conference Update,We are organizing a celebration and would love you to join us. Please respond when convenient. This update is scheduled for Thursday.,events
2942,Meeting Reminder,The meeting agenda is attached for your review. Please respond when convenient. This update is scheduled for Thursday.,meetings
1132,Hello,Would you like to join us for lunch tomorrow? Please respond when convenient. This update is scheduled for Thursday.,personal
1450,Checking In,I wanted to check how you are doing. Please respond when convenient. This update is scheduled for Monday.,personal
4920,Monthly Newsletter,Read the latest news and updates from our organization. Please respond when convenient. This update is scheduled for Monday.,newsletter_updates
16,Business Update,The client has requested an update on the project timeline. Please respond when convenient. This update is scheduled for Wednesday.,business
3233,Travel Confirmation,Can you help me book a hotel for my business trip? Please respond when convenient. This update is scheduled for Thursday.,travel
2770,Schedule Update,Can we reschedule our meeting to Thursday afternoon? Please respond when convenient. This update is scheduled for Thursday.,meetings
3469,Travel Confirmation,I would like to change the date of my hotel reservation. Please respond when convenient. This update is scheduled for Monday.,travel
921,Service Problem,Could you help me resolve this issue with my account? Please respond when convenient. This update is scheduled for Friday.,customer_support
3030,Hotel Reservation,I would like to change the date of my hotel reservation. Please respond when convenient. This update is scheduled for Wednesday.,travel
1373,Checking In,I hope you are doing well. Let me know when we can catch up. Please respond when convenient. This update is scheduled for Wednesday.,personal
3588,Upcoming Event,We are organizing a celebration and would love you to join us. Please respond when convenient. This update is scheduled for Wednesday.,events
2545,Schedule Update,I would like to arrange a meeting to discuss the project. Please respond when convenient. This update is scheduled for Monday.,meetings
3599,Upcoming Event,Please find the invitation for the upcoming seminar. Please respond when convenient. This update is scheduled for Thursday.,events
39,Project Update,The client has requested an update on the project timeline. Please respond when convenient. This update is scheduled for Friday.,business
364,Project Update,Please find the latest sales figures attached for discussion. Please respond when convenient. This update is scheduled for Tuesday.,business
4102,Exclusive Discount,Get 30 percent off your next purchase this weekend. Please respond when convenient. This update is scheduled for Thursday.,promotions
183,Business Update,The updated project proposal is ready for your review. Please respond when convenient. This update is scheduled for Tuesday.,business
3034,Flight Booking,Your flight booking has been confirmed for next Monday. Please respond when convenient. This update is scheduled for Tuesday.,travel
2984,Schedule Update,The team meeting has been scheduled for Monday at 10 AM. Please respond when convenient. This update is scheduled for Thursday.,meetings
1195,Hello,Would you like to join us for lunch tomorrow? Please respond when convenient. This update is scheduled for Thursday.,personal
2853,Meeting Reminder,Please confirm your availability for tomorrow's meeting. Please respond when convenient. This update is scheduled for Tuesday.,meetings
4543,Weekly Update,Welcome to our monthly newsletter. Please respond when convenient. This update is scheduled for Tuesday.,newsletter_updates
1122,Hello,Are you free to meet for dinner this weekend? Please respond when convenient. This update is scheduled for Thursday.,personal
2236,Invoice,Please find the latest invoice attached to this email. Please respond when convenient. This update is scheduled for Monday.,finance
2668,Meeting Reminder,The team meeting has been scheduled for Monday at 10 AM. Please respond when convenient. This update is scheduled for Tuesday.,meetings
3700,Upcoming Event,We are organizing a celebration and would love you to join us. Please respond when convenient. This update is scheduled for Tuesday.,events
3224,Travel Confirmation,Your flight booking has been confirmed for next Monday. Please respond when convenient. This update is scheduled for Thursday.,travel
1183,Checking In,Please call me when you have some free time. Please respond when convenient. This update is scheduled for Thursday.,personal
4185,Exclusive Discount,Use this promotional code to receive a discount on your order. Please respond when convenient. This update is scheduled for Thursday.,promotions
4294,Limited Time Deal,Our special offer is available for a limited time. Please respond when convenient. This update is scheduled for Friday.,promotions
615,Support Request,I have not received my order yet and would like an update. Please respond when convenient. This update is scheduled for Monday.,customer_support
4909,Latest News,Read the latest news and updates from our organization. Please respond when convenient. This update is scheduled for Wednesday.,newsletter_updates
1467,Weekend Plans,Please call me when you have some free time. Please respond when convenient. This update is scheduled for Thursday.,personal
402,Quarterly Report,The client has requested an update on the project timeline. Please respond when convenient. This update is scheduled for Monday.,business
3043,Hotel Reservation,The flight schedule has been updated by the airline. Please respond when convenient. This update is scheduled for Friday.,travel
935,Order Issue,The service is not working properly. Please check the problem. Please respond when convenient. This update is scheduled for Friday.,customer_support
2420,Account Statement,Your invoice is due for payment by the end of this month. Please respond when convenient. This update is scheduled for Monday.,finance
4861,Weekly Update,Here are this week's latest company updates. Please respond when convenient. This update is scheduled for Wednesday.,newsletter_updates
4911,Latest News,Here are this week's latest company updates. Please respond when convenient. This update is scheduled for Wednesday.,newsletter_updates
2642,Meeting Request,The team meeting has been scheduled for Monday at 10 AM. Please respond when convenient. This update is scheduled for Tuesday.,meetings
4018,Exclusive Discount,Get 30 percent off your next purchase this weekend. Please respond when convenient. This update is scheduled for Wednesday.,promotions
727,Service Problem,I have not received my order yet and would like an update. Please respond when convenient. This update is scheduled for Friday.,customer_support
827,Support Request,I have not received my order yet and would like an update. Please respond when convenient. This update is scheduled for Tuesday.,customer_support
1522,Interview Invitation,I am writing to apply for the software developer position. Please respond when convenient. This update is scheduled for Monday.,job_career
4857,Weekly Update,Here is your regular update with the latest information. Please respond when convenient. This update is scheduled for Friday.,newsletter_updates
2931,Meeting Reminder,The team meeting has been scheduled for Monday at 10 AM. Please respond when convenient. This update is scheduled for Tuesday.,meetings
137,Quarterly Report,Please review the quarterly business report and share your feedback. Please respond when convenient. This update is scheduled for Monday.,business
3591,Event Invitation,You are invited to attend our annual conference next month. Please respond when convenient. This update is scheduled for Thursday.,events
629,Order Issue,Could you help me resolve this issue with my account? Please respond when convenient. This update is scheduled for Wednesday.,customer_support
335,Business Update,We need your approval before proceeding with the business plan. Please respond when convenient. This update is scheduled for Wednesday.,business
391,Project Update,We need your approval before proceeding with the business plan. Please respond when convenient. This update is scheduled for Monday.,business
4388,Special Offer,Shop now and receive free delivery on qualifying purchases. Please respond when convenient. This update is scheduled for Thursday.,promotions
4905,Weekly Update,Read the latest news and updates from our organization. Please respond when convenient. This update is scheduled for Thursday.,newsletter_updates
3833,Upcoming Event,You are invited to attend our annual conference next month. Please respond when convenient. This update is scheduled for Monday.,events
1818,Interview Invitation,We would like to invite you for an interview for the open position. Please respond when convenient. This update is scheduled for Tuesday.,job_career
401,Business Update,Please find the latest sales figures attached for discussion. Please respond when convenient. This update is scheduled for Wednesday.,business
711,Order Issue,The service is not working properly. Please check the problem. Please respond when convenient. This update is scheduled for Monday.,customer_support
1040,Weekend Plans,Please call me when you have some free time. Please respond when convenient. This update is scheduled for Monday.,personal
3990,Upcoming Event,We are organizing a celebration and would love you to join us. Please respond when convenient. This update is scheduled for Friday.,events
3360,Hotel Reservation,I would like to change the date of my hotel reservation. Please respond when convenient. This update is scheduled for Monday.,travel
47,Project Update,Please find the latest sales figures attached for discussion. Please respond when convenient. This update is scheduled for Friday.,business
1562,Career Opportunity,Could you provide an update regarding my job application? Please respond when convenient. This update is scheduled for Thursday.,job_career
4800,Latest News,Here is your regular update with the latest information. Please respond when convenient. This update is scheduled for Thursday.,newsletter_updates
3643,Upcoming Event,The event schedule has been updated. Please respond when convenient. This update is scheduled for Monday.,events
3727,Conference Update,You are invited to attend our annual conference next month. Please respond when convenient. This update is scheduled for Wednesday.,events
4983,Latest News,Here are this week's latest company updates. Please respond when convenient. This update is scheduled for Thursday.,newsletter_updates
1113,Weekend Plans,Please call me when you have some free time. Please respond when convenient. This update is scheduled for Monday.,personal
2514,Meeting Request,The meeting agenda is attached for your review. Please respond when convenient. This update is scheduled for Friday.,meetings
3609,Upcoming Event,We are organizing a celebration and would love you to join us. Please respond when convenient. This update is scheduled for Wednesday.,events
1224,Checking In,Please call me when you have some free time. Please respond when convenient. This update is scheduled for Wednesday.,personal
4061,Special Offer,Shop now and receive free delivery on qualifying purchases. Please respond when convenient. This update is scheduled for Thursday.,promotions
3024,Flight Booking,Your flight booking has been confirmed for next Monday. Please respond when convenient. This update is scheduled for Monday.,travel
2422,Account Statement,Please find the latest invoice attached to this email. Please respond when convenient. This update is scheduled for Thursday.,finance
1509,Interview Invitation,Could you provide an update regarding my job application? Please respond when convenient. This update is scheduled for Friday.,job_career
1751,Job Application,I am interested in learning more about the internship opportunity. Please respond when convenient. This update is scheduled for Friday.,job_career
4838,Monthly Newsletter,Welcome to our monthly newsletter. Please respond when convenient. This update is scheduled for Tuesday.,newsletter_updates
4097,Limited Time Deal,Get 30 percent off your next purchase this weekend. Please respond when convenient. This update is scheduled for Tuesday.,promotions
1800,Career Opportunity,Could you provide an update regarding my job application? Please respond when convenient. This update is scheduled for Thursday.,job_career
339,Project Update,We need your approval before proceeding with the business plan. Please respond when convenient. This update is scheduled for Friday.,business
216,Project Update,We need your approval before proceeding with the business plan. Please respond when convenient. This update is scheduled for Thursday.,business
3664,Upcoming Event,Please RSVP for the upcoming company event. Please respond when convenient. This update is scheduled for Tuesday.,events
1342,Hello,Would you like to join us for lunch tomorrow? Please respond when convenient. This update is scheduled for Thursday.,personal
12,Project Update,Please find the latest sales figures attached for discussion. Please respond when convenient. This update is scheduled for Wednesday.,business
1521,Interview Invitation,I am writing to apply for the software developer position. Please respond when convenient. This update is scheduled for Thursday.,job_career
3641,Conference Update,The event schedule has been updated. Please respond when convenient. This update is scheduled for Monday.,events
3938,Event Invitation,Please RSVP for the upcoming company event. Please respond when convenient. This update is scheduled for Wednesday.,events
4428,Limited Time Deal,Shop now and receive free delivery on qualifying purchases. Please respond when convenient. This update is scheduled for Wednesday.,promotions
3005,Flight Booking,The flight schedule has been updated by the airline. Please respond when convenient. This update is scheduled for Tuesday.,travel
2865,Meeting Request,I would like to arrange a meeting to discuss the project. Please respond when convenient. This update is scheduled for Thursday.,meetings
3116,Flight Booking,Can you help me book a hotel for my business trip? Please respond when convenient. This update is scheduled for Thursday.,travel
4841,Latest News,This week's newsletter includes important announcements. Please respond when convenient. This update is scheduled for Monday.,newsletter_updates
2323,Account Statement,The payment has been processed successfully. Please respond when convenient. This update is scheduled for Thursday.,finance
2572,Schedule Update,The meeting agenda is attached for your review. Please respond when convenient. This update is scheduled for Wednesday.,meetings
2914,Meeting Reminder,Can we reschedule our meeting to Thursday afternoon? Please respond when convenient. This update is scheduled for Thursday.,meetings
102,Quarterly Report,The client has requested an update on the project timeline. Please respond when convenient. This update is scheduled for Thursday.,business
3550,Conference Update,You are invited to attend our annual conference next month. Please respond when convenient. This update is scheduled for Friday.,events
1459,Hello,I wanted to check how you are doing. Please respond when convenient. This update is scheduled for Wednesday.,personal
172,Quarterly Report,Please find the latest sales figures attached for discussion. Please respond when convenient. This update is scheduled for Tuesday.,business
108,Quarterly Report,The client has requested an update on the project timeline. Please respond when convenient. This update is scheduled for Monday.,business
4197,Exclusive Discount,Enjoy exclusive discounts on selected products today. Please respond when convenient. This update is scheduled for Tuesday.,promotions
3570,Conference Update,You are invited to attend our annual conference next month. Please respond when convenient. This update is scheduled for Tuesday.,events
4992,Monthly Newsletter,Here are this week's latest company updates. Please respond when convenient. This update is scheduled for Monday.,newsletter_updates
4296,Special Offer,Our special offer is available for a limited time. Please respond when convenient. This update is scheduled for Wednesday.,promotions
4064,Limited Time Deal,Use this promotional code to receive a discount on your order. Please respond when convenient. This update is scheduled for Monday.,promotions
3862,Upcoming Event,You are invited to attend our annual conference next month. Please respond when convenient. This update is scheduled for Monday.,events
4123,Limited Time Deal,Use this promotional code to receive a discount on your order. Please respond when convenient. This update is scheduled for Tuesday.,promotions
4630,Weekly Update,This week's newsletter includes important announcements. Please respond when convenient. This update is scheduled for Thursday.,newsletter_updates
61,Quarterly Report,Please review the quarterly business report and share your feedback. Please respond when convenient. This update is scheduled for Monday.,business
1241,Hello,Would you like to join us for lunch tomorrow? Please respond when convenient. This update is scheduled for Friday.,personal
4638,Latest News,Here is your regular update with the latest information. Please respond when convenient. This update is scheduled for Monday.,newsletter_updates
1041,Checking In,Are you free to meet for dinner this weekend? Please respond when convenient. This update is scheduled for Monday.,personal
4188,Limited Time Deal,Use this promotional code to receive a discount on your order. Please respond when convenient. This update is scheduled for Wednesday.,promotions
2761,Meeting Request,I would like to arrange a meeting to discuss the project. Please respond when convenient. This update is scheduled for Thursday.,meetings
2121,Invoice,The payment has been processed successfully. Please respond when convenient. This update is scheduled for Wednesday.,finance
1525,Career Opportunity,I am interested in learning more about the internship opportunity. Please respond when convenient. This update is scheduled for Tuesday.,job_career
3522,Event Invitation,We are organizing a celebration and would love you to join us. Please respond when convenient. This update is scheduled for Thursday.,events
154,Project Update,We need your approval before proceeding with the business plan. Please respond when convenient. This update is scheduled for Monday.,business
2249,Payment Update,Could you confirm whether my refund has been issued? Please respond when convenient. This update is scheduled for Monday.,finance
482,Project Update,The client has requested an update on the project timeline. Please respond when convenient. This update is scheduled for Friday.,business
4234,Special Offer,Get 30 percent off your next purchase this weekend. Please respond when convenient. This update is scheduled for Monday.,promotions
4306,Special Offer,Use this promotional code to receive a discount on your order. Please respond when convenient. This update is scheduled for Thursday.,promotions
3579,Conference Update,Please RSVP for the upcoming company event. Please respond when convenient. This update is scheduled for Tuesday.,events
4126,Limited Time Deal,Shop now and receive free delivery on qualifying purchases. Please respond when convenient. This update is scheduled for Friday.,promotions
3563,Event Invitation,Please find the invitation for the upcoming seminar. Please respond when convenient. This update is scheduled for Monday.,events
3316,Travel Confirmation,I would like to change the date of my hotel reservation. Please respond when convenient. This update is scheduled for Friday.,travel
1763,Job Application,Could you provide an update regarding my job application? Please respond when convenient. This update is scheduled for Wednesday.,job_career
3539,Event Invitation,Please RSVP for the upcoming company event. Please respond when convenient. This update is scheduled for Friday.,events
4804,Latest News,This week's newsletter includes important announcements. Please respond when convenient. This update is scheduled for Wednesday.,newsletter_updates
751,Service Problem,I am having trouble with my order and need some assistance. Please respond when convenient. This update is scheduled for Tuesday.,customer_support
3620,Event Invitation,Please RSVP for the upcoming company event. Please respond when convenient. This update is scheduled for Monday.,events
1786,Interview Invitation,I am writing to apply for the software developer position. Please respond when convenient. This update is scheduled for Monday.,job_career
4271,Exclusive Discount,Use this promotional code to receive a discount on your order. Please respond when convenient. This update is scheduled for Thursday.,promotions
3384,Hotel Reservation,The flight schedule has been updated by the airline. Please respond when convenient. This update is scheduled for Wednesday.,travel
4349,Special Offer,Shop now and receive free delivery on qualifying purchases. Please respond when convenient. This update is scheduled for Thursday.,promotions
406,Quarterly Report,The updated project proposal is ready for your review. Please respond when convenient. This update is scheduled for Monday.,business
758,Service Problem,The service is not working properly. Please check the problem. Please respond when convenient. This update is scheduled for Friday.,customer_support
2712,Meeting Request,Can we reschedule our meeting to Thursday afternoon? Please respond when convenient. This update is scheduled for Monday.,meetings
2671,Schedule Update,The team meeting has been scheduled for Monday at 10 AM. Please respond when convenient. This update is scheduled for Thursday.,meetings
3984,Conference Update,Please RSVP for the upcoming company event. Please respond when convenient. This update is scheduled for Thursday.,events
98,Business Update,The updated project proposal is ready for your review. Please respond when convenient. This update is scheduled for Wednesday.,business
1334,Hello,Are you free to meet for dinner this weekend? Please respond when convenient. This update is scheduled for Thursday.,personal
4452,Special Offer,Shop now and receive free delivery on qualifying purchases. Please respond when convenient. This update is scheduled for Tuesday.,promotions
2792,Meeting Request,Please confirm your availability for tomorrow's meeting. Please respond when convenient. This update is scheduled for Thursday.,meetings
2855,Schedule Update,The meeting agenda is attached for your review. Please respond when convenient. This update is scheduled for Thursday.,meetings
187,Project Update,Please find the latest sales figures attached for discussion. Please respond when convenient. This update is scheduled for Thursday.,business
4004,Limited Time Deal,Our special offer is available for a limited time. Please respond when convenient. This update is scheduled for Thursday.,promotions
2724,Meeting Reminder,The team meeting has been scheduled for Monday at 10 AM. Please respond when convenient. This update is scheduled for Monday.,meetings
3584,Conference Update,Please RSVP for the upcoming company event. Please respond when convenient. This update is scheduled for Wednesday.,events
2059,Invoice,Could you confirm whether my refund has been issued? Please respond when convenient. This update is scheduled for Tuesday.,finance
1320,Checking In,Are you free to meet for dinner this weekend? Please respond when convenient. This update is scheduled for Monday.,personal
149,Business Update,Please review the quarterly business report and share your feedback. Please respond when convenient. This update is scheduled for Thursday.,business
29,Project Update,The updated project proposal is ready for your review. Please respond when convenient. This update is scheduled for Tuesday.,business
4141,Exclusive Discount,Get 30 percent off your next purchase this weekend. Please respond when convenient. This update is scheduled for Tuesday.,promotions
4010,Exclusive Discount,Our special offer is available for a limited time. Please respond when convenient. This update is scheduled for Wednesday.,promotions
3364,Travel Confirmation,The flight schedule has been updated by the airline. Please respond when convenient. This update is scheduled for Wednesday.,travel
693,Support Request,The service is not working properly. Please check the problem. Please respond when convenient. This update is scheduled for Wednesday.,customer_support
2867,Meeting Request,Can we reschedule our meeting to Thursday afternoon? Please respond when convenient. This update is scheduled for Tuesday.,meetings
3777,Upcoming Event,The event schedule has been updated. Please respond when convenient. This update is scheduled for Monday.,events
1387,Weekend Plans,I wanted to check how you are doing. Please respond when convenient. This update is scheduled for Thursday.,personal
1846,Career Opportunity,We would like to invite you for an interview for the open position. Please respond when convenient. This update is scheduled for Thursday.,job_career
4731,Latest News,Welcome to our monthly newsletter. Please respond when convenient. This update is scheduled for Monday.,newsletter_updates
130,Project Update,We need your approval before proceeding with the business plan. Please respond when convenient. This update is scheduled for Friday.,business
1600,Career Opportunity,Please find my resume attached for your consideration. Please respond when convenient. This update is scheduled for Tuesday.,job_career
3630,Event Invitation,The event schedule has been updated. Please respond when convenient. This update is scheduled for Wednesday.,events
4504,Monthly Newsletter,Here is your regular update with the latest information. Please respond when convenient. This update is scheduled for Monday.,newsletter_updates
702,Service Problem,My product arrived damaged. Please help me with a replacement. Please respond when convenient. This update is scheduled for Wednesday.,customer_support
3983,Event Invitation,We are organizing a celebration and would love you to join us. Please respond when convenient. This update is scheduled for Monday.,events
3029,Flight Booking,Your flight booking has been confirmed for next Monday. Please respond when convenient. This update is scheduled for Tuesday.,travel
2970,Schedule Update,The meeting agenda is attached for your review. Please respond when convenient. This update is scheduled for Friday.,meetings
4357,Limited Time Deal,Shop now and receive free delivery on qualifying purchases. Please respond when convenient. This update is scheduled for Wednesday.,promotions
1709,Interview Invitation,We would like to invite you for an interview for the open position. Please respond when convenient. This update is scheduled for Friday.,job_career
2954,Meeting Request,The meeting agenda is attached for your review. Please respond when convenient. This update is scheduled for Monday.,meetings
455,Business Update,Please find the latest sales figures attached for discussion. Please respond when convenient. This update is scheduled for Friday.,business
2869,Meeting Reminder,Can we reschedule our meeting to Thursday afternoon? Please respond when convenient. This update is scheduled for Thursday.,meetings
2041,Payment Update,Could you confirm whether my refund has been issued? Please respond when convenient. This update is scheduled for Thursday.,finance
1773,Career Opportunity,Could you provide an update regarding my job application? Please respond when convenient. This update is scheduled for Friday.,job_career
2316,Invoice,The payment has been processed successfully. Please respond when convenient. This update is scheduled for Tuesday.,finance
610,Support Request,The service is not working properly. Please check the problem. Please respond when convenient. This update is scheduled for Monday.,customer_support
168,Quarterly Report,Please review the quarterly business report and share your feedback. Please respond when convenient. This update is scheduled for Wednesday.,business
731,Order Issue,I am having trouble with my order and need some assistance. Please respond when convenient. This update is scheduled for Monday.,customer_support
4249,Special Offer,Our special offer is available for a limited time. Please respond when convenient. This update is scheduled for Monday.,promotions
3359,Travel Confirmation,The flight schedule has been updated by the airline. Please respond when convenient. This update is scheduled for Wednesday.,travel
2075,Payment Update,I have a question regarding the payment shown on my account. Please respond when convenient. This update is scheduled for Wednesday.,finance
4040,Exclusive Discount,Our special offer is available for a limited time. Please respond when convenient. This update is scheduled for Tuesday.,promotions
3701,Upcoming Event,Please find the invitation for the upcoming seminar. Please respond when convenient. This update is scheduled for Thursday.,events
1623,Interview Invitation,I am interested in learning more about the internship opportunity. Please respond when convenient. This update is scheduled for Friday.,job_career
588,Service Problem,Could you help me resolve this issue with my account? Please respond when convenient. This update is scheduled for Tuesday.,customer_support
1402,Checking In,Please call me when you have some free time. Please respond when convenient. This update is scheduled for Tuesday.,personal
3046,Travel Confirmation,Can you help me book a hotel for my business trip? Please respond when convenient. This update is scheduled for Monday.,travel
3225,Flight Booking,Please send me the details of my upcoming trip. Please respond when convenient. This update is scheduled for Monday.,travel
1701,Career Opportunity,I am writing to apply for the software developer position. Please respond when convenient. This update is scheduled for Tuesday.,job_career
3089,Flight Booking,The flight schedule has been updated by the airline. Please respond when convenient. This update is scheduled for Thursday.,travel
4391,Special Offer,Shop now and receive free delivery on qualifying purchases. Please respond when convenient. This update is scheduled for Friday.,promotions
2982,Meeting Reminder,The team meeting has been scheduled for Monday at 10 AM. Please respond when convenient. This update is scheduled for Tuesday.,meetings
41,Business Update,Please find the latest sales figures attached for discussion. Please respond when convenient. This update is scheduled for Wednesday.,business
1380,Checking In,I hope you are doing well. Let me know when we can catch up. Please respond when convenient. This update is scheduled for Wednesday.,personal
2090,Payment Update,Please find the latest invoice attached to this email. Please respond when convenient. This update is scheduled for Thursday.,finance
2176,Account Statement,The payment has been processed successfully. Please respond when convenient. This update is scheduled for Thursday.,finance
3218,Travel Confirmation,I would like to change the date of my hotel reservation. Please respond when convenient. This update is scheduled for Thursday.,travel
2886,Meeting Request,The meeting agenda is attached for your review. Please respond when convenient. This update is scheduled for Wednesday.,meetings
75,Business Update,Please review the quarterly business report and share your feedback. Please respond when convenient. This update is scheduled for Wednesday.,business
3910,Event Invitation,We are organizing a celebration and would love you to join us. Please respond when convenient. This update is scheduled for Monday.,events
4965,Latest News,Here is your regular update with the latest information. Please respond when convenient. This update is scheduled for Friday.,newsletter_updates
2658,Meeting Reminder,I would like to arrange a meeting to discuss the project. Please respond when convenient. This update is scheduled for Tuesday.,meetings
3181,Travel Confirmation,The flight schedule has been updated by the airline. Please respond when convenient. This update is scheduled for Monday.,travel
2077,Payment Update,The payment has been processed successfully. Please respond when convenient. This update is scheduled for Thursday.,finance
442,Business Update,The updated project proposal is ready for your review. Please respond when convenient. This update is scheduled for Friday.,business
4052,Exclusive Discount,Use this promotional code to receive a discount on your order. Please respond when convenient. This update is scheduled for Wednesday.,promotions
2052,Invoice,I have a question regarding the payment shown on my account. Please respond when convenient. This update is scheduled for Thursday.,finance
2542,Meeting Request,The meeting agenda is attached for your review. Please respond when convenient. This update is scheduled for Wednesday.,meetings
3307,Flight Booking,Please send me the details of my upcoming trip. Please respond when convenient. This update is scheduled for Friday.,travel
1302,Hello,Would you like to join us for lunch tomorrow? Please respond when convenient. This update is scheduled for Monday.,personal
1782,Career Opportunity,I am interested in learning more about the internship opportunity. Please respond when convenient. This update is scheduled for Friday.,job_career
4815,Monthly Newsletter,Here are this week's latest company updates. Please respond when convenient. This update is scheduled for Wednesday.,newsletter_updates
3431,Travel Confirmation,Your flight booking has been confirmed for next Monday. Please respond when convenient. This update is scheduled for Tuesday.,travel
1305,Checking In,I hope you are doing well. Let me know when we can catch up. Please respond when convenient. This update is scheduled for Tuesday.,personal
237,Project Update,Please review the quarterly business report and share your feedback. Please respond when convenient. This update is scheduled for Tuesday.,business
2600,Meeting Request,Please confirm your availability for tomorrow's meeting. Please respond when convenient. This update is scheduled for Monday.,meetings
521,Order Issue,I have not received my order yet and would like an update. Please respond when convenient. This update is scheduled for Monday.,customer_support
2574,Meeting Request,Please confirm your availability for tomorrow's meeting. Please respond when convenient. This update is scheduled for Tuesday.,meetings
3281,Hotel Reservation,I would like to change the date of my hotel reservation. Please respond when convenient. This update is scheduled for Wednesday.,travel
3187,Flight Booking,Can you help me book a hotel for my business trip? Please respond when convenient. This update is scheduled for Wednesday.,travel
2769,Meeting Request,Please confirm your availability for tomorrow's meeting. Please respond when convenient. This update is scheduled for Wednesday.,meetings
736,Service Problem,Could you help me resolve this issue with my account? Please respond when convenient. This update is scheduled for Wednesday.,customer_support
4704,Latest News,Here is your regular update with the latest information. Please respond when convenient. This update is scheduled for Tuesday.,newsletter_updates
4930,Latest News,This week's newsletter includes important announcements. Please respond when convenient. This update is scheduled for Tuesday.,newsletter_updates
2107,Account Statement,The payment has been processed successfully. Please respond when convenient. This update is scheduled for Friday.,finance
2680,Schedule Update,Can we reschedule our meeting to Thursday afternoon? Please respond when convenient. This update is scheduled for Tuesday.,meetings
3230,Flight Booking,Your flight booking has been confirmed for next Monday. Please respond when convenient. This update is scheduled for Thursday.,travel
2762,Schedule Update,The team meeting has been scheduled for Monday at 10 AM. Please respond when convenient. This update is scheduled for Thursday.,meetings
593,Support Request,The service is not working properly. Please check the problem. Please respond when convenient. This update is scheduled for Thursday.,customer_support
1304,Hello,I wanted to check how you are doing. Please respond when convenient. This update is scheduled for Friday.,personal
1388,Checking In,I hope you are doing well. Let me know when we can catch up. Please respond when convenient. This update is scheduled for Friday.,personal
4696,Monthly Newsletter,This week's newsletter includes important announcements. Please respond when convenient. This update is scheduled for Thursday.,newsletter_updates
4527,Monthly Newsletter,Here is your regular update with the latest information. Please respond when convenient. This update is scheduled for Wednesday.,newsletter_updates
3948,Conference Update,We are organizing a celebration and would love you to join us. Please respond when convenient. This update is scheduled for Friday.,events
1891,Job Application,I am writing to apply for the software developer position. Please respond when convenient. This update is scheduled for Tuesday.,job_career
2988,Meeting Request,The meeting agenda is attached for your review. Please respond when convenient. This update is scheduled for Thursday.,meetings
4925,Weekly Update,This week's newsletter includes important announcements. Please respond when convenient. This update is scheduled for Friday.,newsletter_updates
3298,Hotel Reservation,Please send me the details of my upcoming trip. Please respond when convenient. This update is scheduled for Tuesday.,travel
905,Service Problem,My product arrived damaged. Please help me with a replacement. Please respond when convenient. This update is scheduled for Monday.,customer_support
4610,Weekly Update,Read the latest news and updates from our organization. Please respond when convenient. This update is scheduled for Friday.,newsletter_updates
1280,Weekend Plans,Would you like to join us for lunch tomorrow? Please respond when convenient. This update is scheduled for Tuesday.,personal
934,Support Request,Could you help me resolve this issue with my account? Please respond when convenient. This update is scheduled for Monday.,customer_support
4900,Weekly Update,Here is your regular update with the latest information. Please respond when convenient. This update is scheduled for Friday.,newsletter_updates
2309,Account Statement,I have a question regarding the payment shown on my account. Please respond when convenient. This update is scheduled for Thursday.,finance
1556,Interview Invitation,Could you provide an update regarding my job application? Please respond when convenient. This update is scheduled for Monday.,job_career
4534,Monthly Newsletter,This week's newsletter includes important announcements. Please respond when convenient. This update is scheduled for Friday.,newsletter_updates
3191,Hotel Reservation,Your flight booking has been confirmed for next Monday. Please respond when convenient. This update is scheduled for Wednesday.,travel
4442,Limited Time Deal,Shop now and receive free delivery on qualifying purchases. Please respond when convenient. This update is scheduled for Tuesday.,promotions
707,Support Request,The service is not working properly. Please check the problem. Please respond when convenient. This update is scheduled for Monday.,customer_support
4691,Weekly Update,Here are this week's latest company updates. Please respond when convenient. This update is scheduled for Monday.,newsletter_updates
3071,Flight Booking,Your flight booking has been confirmed for next Monday. Please respond when convenient. This update is scheduled for Monday.,travel
746,Order Issue,My product arrived damaged. Please help me with a replacement. Please respond when convenient. This update is scheduled for Monday.,customer_support
3595,Event Invitation,Please find the invitation for the upcoming seminar. Please respond when convenient. This update is scheduled for Wednesday.,events
1940,Job Application,I am writing to apply for the software developer position. Please respond when convenient. This update is scheduled for Wednesday.,job_career
4401,Exclusive Discount,Enjoy exclusive discounts on selected products today. Please respond when convenient. This update is scheduled for Monday.,promotions
2863,Schedule Update,Please confirm your availability for tomorrow's meeting. Please respond when convenient. This update is scheduled for Tuesday.,meetings
3997,Conference Update,Please RSVP for the upcoming company event. Please respond when convenient. This update is scheduled for Friday.,events
514,Support Request,I am having trouble with my order and need some assistance. Please respond when convenient. This update is scheduled for Monday.,customer_support
82,Project Update,Please find the latest sales figures attached for discussion. Please respond when convenient. This update is scheduled for Thursday.,business
4977,Latest News,This week's newsletter includes important announcements. Please respond when convenient. This update is scheduled for Tuesday.,newsletter_updates
1309,Hello,Are you free to meet for dinner this weekend? Please respond when convenient. This update is scheduled for Wednesday.,personal
4615,Weekly Update,This week's newsletter includes important announcements. Please respond when convenient. This update is scheduled for Friday.,newsletter_updates
915,Support Request,I am having trouble with my order and need some assistance. Please respond when convenient. This update is scheduled for Friday.,customer_support
3453,Flight Booking,I would like to change the date of my hotel reservation. Please respond when convenient. This update is scheduled for Wednesday.,travel
3696,Upcoming Event,You are invited to attend our annual conference next month. Please respond when convenient. This update is scheduled for Friday.,events
4805,Weekly Update,Read the latest news and updates from our organization. Please respond when convenient. This update is scheduled for Tuesday.,newsletter_updates
3157,Hotel Reservation,I would like to change the date of my hotel reservation. Please respond when convenient. This update is scheduled for Wednesday.,travel
2199,Account Statement,Could you confirm whether my refund has been issued? Please respond when convenient. This update is scheduled for Thursday.,finance
4233,Limited Time Deal,Enjoy exclusive discounts on selected products today. Please respond when convenient. This update is scheduled for Friday.,promotions
775,Order Issue,My product arrived damaged. Please help me with a replacement. Please respond when convenient. This update is scheduled for Friday.,customer_support
330,Business Update,We need your approval before proceeding with the business plan. Please respond when convenient. This update is scheduled for Monday.,business
2055,Account Statement,Could you confirm whether my refund has been issued? Please respond when convenient. This update is scheduled for Monday.,finance
2002,Invoice,Your invoice is due for payment by the end of this month. Please respond when convenient. This update is scheduled for Friday.,finance
944,Order Issue,I have not received my order yet and would like an update. Please respond when convenient. This update is scheduled for Thursday.,customer_support
823,Order Issue,I am having trouble with my order and need some assistance. Please respond when convenient. This update is scheduled for Wednesday.,customer_support
4528,Weekly Update,Read the latest news and updates from our organization. Please respond when convenient. This update is scheduled for Tuesday.,newsletter_updates
910,Order Issue,The service is not working properly. Please check the problem. Please respond when convenient. This update is scheduled for Wednesday.,customer_support
2517,Meeting Reminder,The meeting agenda is attached for your review. Please respond when convenient. This update is scheduled for Tuesday.,meetings
182,Business Update,The updated project proposal is ready for your review. Please respond when convenient. This update is scheduled for Wednesday.,business
165,Project Update,The client has requested an update on the project timeline. Please respond when convenient. This update is scheduled for Tuesday.,business
1524,Career Opportunity,I am interested in learning more about the internship opportunity. Please respond when convenient. This update is scheduled for Friday.,job_career
452,Quarterly Report,We need your approval before proceeding with the business plan. Please respond when convenient. This update is scheduled for Tuesday.,business
2539,Schedule Update,Can we reschedule our meeting to Thursday afternoon? Please respond when convenient. This update is scheduled for Monday.,meetings
4138,Special Offer,Use this promotional code to receive a discount on your order. Please respond when convenient. This update is scheduled for Monday.,promotions
4776,Monthly Newsletter,Read the latest news and updates from our organization. Please respond when convenient. This update is scheduled for Monday.,newsletter_updates
1312,Checking In,Are you free to meet for dinner this weekend? Please respond when convenient. This update is scheduled for Monday.,personal
3150,Travel Confirmation,Your flight booking has been confirmed for next Monday. Please respond when convenient. This update is scheduled for Wednesday.,travel
1112,Weekend Plans,Are you free to meet for dinner this weekend? Please respond when convenient. This update is scheduled for Thursday.,personal
4548,Monthly Newsletter,Welcome to our monthly newsletter. Please respond when convenient. This update is scheduled for Monday.,newsletter_updates
4086,Exclusive Discount,Shop now and receive free delivery on qualifying purchases. Please respond when convenient. This update is scheduled for Monday.,promotions
3490,Travel Confirmation,The flight schedule has been updated by the airline. Please respond when convenient. This update is scheduled for Tuesday.,travel
1288,Hello,I wanted to check how you are doing. Please respond when convenient. This update is scheduled for Wednesday.,personal
4178,Special Offer,Get 30 percent off your next purchase this weekend. Please respond when convenient. This update is scheduled for Wednesday.,promotions
4646,Latest News,This week's newsletter includes important announcements. Please respond when convenient. This update is scheduled for Tuesday.,newsletter_updates
3681,Upcoming Event,You are invited to attend our annual conference next month. Please respond when convenient. This update is scheduled for Wednesday.,events
4512,Weekly Update,Read the latest news and updates from our organization. Please respond when convenient. This update is scheduled for Monday.,newsletter_updates
4169,Limited Time Deal,Shop now and receive free delivery on qualifying purchases. Please respond when convenient. This update is scheduled for Monday.,promotions
3301,Travel Confirmation,Can you help me book a hotel for my business trip? Please respond when convenient. This update is scheduled for Monday.,travel
3311,Flight Booking,Please send me the details of my upcoming trip. Please respond when convenient. This update is scheduled for Thursday.,travel
4557,Weekly Update,This week's newsletter includes important announcements. Please respond when convenient. This update is scheduled for Thursday.,newsletter_updates
3126,Flight Booking,Can you help me book a hotel for my business trip? Please respond when convenient. This update is scheduled for Tuesday.,travel
328,Project Update,Please find the latest sales figures attached for discussion. Please respond when convenient. This update is scheduled for Monday.,business
1791,Job Application,I am interested in learning more about the internship opportunity. Please respond when convenient. This update is scheduled for Monday.,job_career
2491,Payment Update,I have a question regarding the payment shown on my account. Please respond when convenient. This update is scheduled for Tuesday.,finance
2007,Payment Update,The payment has been processed successfully. Please respond when convenient. This update is scheduled for Tuesday.,finance
2008,Account Statement,Could you confirm whether my refund has been issued? Please respond when convenient. This update is scheduled for Tuesday.,finance
1859,Interview Invitation,We would like to invite you for an interview for the open position. Please respond when convenient. This update is scheduled for Tuesday.,job_career
4686,Latest News,Here are this week's latest company updates. Please respond when convenient. This update is scheduled for Wednesday.,newsletter_updates
313,Business Update,Please review the quarterly business report and share your feedback. Please respond when convenient. This update is scheduled for Monday.,business
833,Support Request,My product arrived damaged. Please help me with a replacement. Please respond when convenient. This update is scheduled for Thursday.,customer_support
3080,Travel Confirmation,Can you help me book a hotel for my business trip? Please respond when convenient. This update is scheduled for Friday.,travel
4718,Weekly Update,Here are this week's latest company updates. Please respond when convenient. This update is scheduled for Tuesday.,newsletter_updates
3463,Hotel Reservation,Your flight booking has been confirmed for next Monday. Please respond when convenient. This update is scheduled for Tuesday.,travel
1202,Checking In,Please call me when you have some free time. Please respond when convenient. This update is scheduled for Wednesday.,personal
4392,Limited Time Deal,Get 30 percent off your next purchase this weekend. Please respond when convenient. This update is scheduled for Thursday.,promotions
3548,Upcoming Event,The event schedule has been updated. Please respond when convenient. This update is scheduled for Thursday.,events
4923,Latest News,Here is your regular update with the latest information. Please respond when convenient. This update is scheduled for Wednesday.,newsletter_updates
2135,Payment Update,Please find the latest invoice attached to this email. Please respond when convenient. This update is scheduled for Thursday.,finance
3452,Travel Confirmation,Can you help me book a hotel for my business trip? Please respond when convenient. This update is scheduled for Monday.,travel
2210,Payment Update,Please find the latest invoice attached to this email. Please respond when convenient. This update is scheduled for Tuesday.,finance
1902,Interview Invitation,Please find my resume attached for your consideration. Please respond when convenient. This update is scheduled for Wednesday.,job_career
1482,Weekend Plans,Please call me when you have some free time. Please respond when convenient. This update is scheduled for Thursday.,personal
778,Service Problem,The service is not working properly. Please check the problem. Please respond when convenient. This update is scheduled for Wednesday.,customer_support
800,Service Problem,My product arrived damaged. Please help me with a replacement. Please respond when convenient. This update is scheduled for Thursday.,customer_support
3715,Conference Update,Please find the invitation for the upcoming seminar. Please respond when convenient. This update is scheduled for Monday.,events
3943,Conference Update,You are invited to attend our annual conference next month. Please respond when convenient. This update is scheduled for Thursday.,events
55,Project Update,The updated project proposal is ready for your review. Please respond when convenient. This update is scheduled for Tuesday.,business
2973,Meeting Reminder,The meeting agenda is attached for your review. Please respond when convenient. This update is scheduled for Wednesday.,meetings
3336,Hotel Reservation,Your flight booking has been confirmed for next Monday. Please respond when convenient. This update is scheduled for Thursday.,travel
1921,Job Application,Could you provide an update regarding my job application? Please respond when convenient. This update is scheduled for Tuesday.,job_career
3716,Event Invitation,You are invited to attend our annual conference next month. Please respond when convenient. This update is scheduled for Friday.,events
4647,Monthly Newsletter,Welcome to our monthly newsletter. Please respond when convenient. This update is scheduled for Monday.,newsletter_updates
947,Support Request,I am having trouble with my order and need some assistance. Please respond when convenient. This update is scheduled for Monday.,customer_support
1702,Job Application,We would like to invite you for an interview for the open position. Please respond when convenient. This update is scheduled for Friday.,job_career
3294,Travel Confirmation,The flight schedule has been updated by the airline. Please respond when convenient. This update is scheduled for Tuesday.,travel
2162,Payment Update,I have a question regarding the payment shown on my account. Please respond when convenient. This update is scheduled for Monday.,finance
1137,Checking In,Please call me when you have some free time. Please respond when convenient. This update is scheduled for Wednesday.,personal
988,Service Problem,The service is not working properly. Please check the problem. Please respond when convenient. This update is scheduled for Tuesday.,customer_support
2550,Schedule Update,Please confirm your availability for tomorrow's meeting. Please respond when convenient. This update is scheduled for Wednesday.,meetings
194,Quarterly Report,The client has requested an update on the project timeline. Please respond when convenient. This update is scheduled for Friday.,business
3058,Travel Confirmation,Please send me the details of my upcoming trip. Please respond when convenient. This update is scheduled for Thursday.,travel
3247,Flight Booking,Can you help me book a hotel for my business trip? Please respond when convenient. This update is scheduled for Wednesday.,travel
1395,Checking In,I hope you are doing well. Let me know when we can catch up. Please respond when convenient. This update is scheduled for Monday.,personal
2638,Meeting Request,I would like to arrange a meeting to discuss the project. Please respond when convenient. This update is scheduled for Thursday.,meetings
769,Support Request,I am having trouble with my order and need some assistance. Please respond when convenient. This update is scheduled for Tuesday.,customer_support
4703,Weekly Update,Welcome to our monthly newsletter. Please respond when convenient. This update is scheduled for Tuesday.,newsletter_updates
3091,Travel Confirmation,I would like to change the date of my hotel reservation. Please respond when convenient. This update is scheduled for Friday.,travel
3496,Travel Confirmation,The flight schedule has been updated by the airline. Please respond when convenient. This update is scheduled for Monday.,travel
3216,Travel Confirmation,I would like to change the date of my hotel reservation. Please respond when convenient. This update is scheduled for Wednesday.,travel
286,Project Update,The client has requested an update on the project timeline. Please respond when convenient. This update is scheduled for Wednesday.,business
4939,Monthly Newsletter,Here is your regular update with the latest information. Please respond when convenient. This update is scheduled for Friday.,newsletter_updates
429,Business Update,We need your approval before proceeding with the business plan. Please respond when convenient. This update is scheduled for Thursday.,business
4449,Limited Time Deal,Shop now and receive free delivery on qualifying purchases. Please respond when convenient. This update is scheduled for Thursday.,promotions
2333,Account Statement,Could you confirm whether my refund has been issued? Please respond when convenient. This update is scheduled for Thursday.,finance
2718,Meeting Request,The meeting agenda is attached for your review. Please respond when convenient. This update is scheduled for Wednesday.,meetings
2080,Invoice,Could you confirm whether my refund has been issued? Please respond when convenient. This update is scheduled for Friday.,finance
3390,Travel Confirmation,The flight schedule has been updated by the airline. Please respond when convenient. This update is scheduled for Monday.,travel
723,Support Request,I have not received my order yet and would like an update. Please respond when convenient. This update is scheduled for Thursday.,customer_support
952,Support Request,I have not received my order yet and would like an update. Please respond when convenient. This update is scheduled for Friday.,customer_support
4384,Special Offer,Get 30 percent off your next purchase this weekend. Please respond when convenient. This update is scheduled for Tuesday.,promotions
4367,Special Offer,Our special offer is available for a limited time. Please respond when convenient. This update is scheduled for Tuesday.,promotions
2263,Payment Update,Please find the latest invoice attached to this email. Please respond when convenient. This update is scheduled for Wednesday.,finance
990,Support Request,Could you help me resolve this issue with my account? Please respond when convenient. This update is scheduled for Tuesday.,customer_support
3213,Flight Booking,I would like to change the date of my hotel reservation. Please respond when convenient. This update is scheduled for Monday.,travel
1760,Interview Invitation,Could you provide an update regarding my job application? Please respond when convenient. This update is scheduled for Tuesday.,job_career
4580,Latest News,Welcome to our monthly newsletter. Please respond when convenient. This update is scheduled for Friday.,newsletter_updates
327,Quarterly Report,The client has requested an update on the project timeline. Please respond when convenient. This update is scheduled for Thursday.,business
2609,Meeting Reminder,Please confirm your availability for tomorrow's meeting. Please respond when convenient. This update is scheduled for Thursday.,meetings
1384,Checking In,Please call me when you have some free time. Please respond when convenient. This update is scheduled for Thursday.,personal
1725,Interview Invitation,We would like to invite you for an interview for the open position. Please respond when convenient. This update is scheduled for Tuesday.,job_career
1087,Hello,I hope you are doing well. Let me know when we can catch up. Please respond when convenient. This update is scheduled for Friday.,personal
2524,Meeting Request,The team meeting has been scheduled for Monday at 10 AM. Please respond when convenient. This update is scheduled for Thursday.,meetings
342,Quarterly Report,We need your approval before proceeding with the business plan. Please respond when convenient. This update is scheduled for Thursday.,business
3702,Conference Update,The event schedule has been updated. Please respond when convenient. This update is scheduled for Tuesday.,events
148,Business Update,The updated project proposal is ready for your review. Please respond when convenient. This update is scheduled for Wednesday.,business
689,Service Problem,Could you help me resolve this issue with my account? Please respond when convenient. This update is scheduled for Thursday.,customer_support
3433,Flight Booking,I would like to change the date of my hotel reservation. Please respond when convenient. This update is scheduled for Monday.,travel
1108,Checking In,Are you free to meet for dinner this weekend? Please respond when convenient. This update is scheduled for Monday.,personal
849,Order Issue,I am having trouble with my order and need some assistance. Please respond when convenient. This update is scheduled for Friday.,customer_support
967,Order Issue,The service is not working properly. Please check the problem. Please respond when convenient. This update is scheduled for Thursday.,customer_support
4728,Weekly Update,Here is your regular update with the latest information. Please respond when convenient. This update is scheduled for Friday.,newsletter_updates
1493,Hello,I hope you are doing well. Let me know when we can catch up. Please respond when convenient. This update is scheduled for Wednesday.,personal
3954,Conference Update,You are invited to attend our annual conference next month. Please respond when convenient. This update is scheduled for Tuesday.,events
2204,Invoice,Could you confirm whether my refund has been issued? Please respond when convenient. This update is scheduled for Wednesday.,finance
2714,Meeting Reminder,I would like to arrange a meeting to discuss the project. Please respond when convenient. This update is scheduled for Thursday.,meetings
662,Support Request,The service is not working properly. Please check the problem. Please respond when convenient. This update is scheduled for Thursday.,customer_support
1003,Weekend Plans,Please call me when you have some free time. Please respond when convenient. This update is scheduled for Friday.,personal
63,Quarterly Report,The updated project proposal is ready for your review. Please respond when convenient. This update is scheduled for Tuesday.,business
285,Business Update,Please find the latest sales figures attached for discussion. Please respond when convenient. This update is scheduled for Monday.,business
2225,Account Statement,I have a question regarding the payment shown on my account. Please respond when convenient. This update is scheduled for Thursday.,finance
4707,Latest News,Welcome to our monthly newsletter. Please respond when convenient. This update is scheduled for Wednesday.,newsletter_updates
1880,Career Opportunity,Please find my resume attached for your consideration. Please respond when convenient. This update is scheduled for Thursday.,job_career
3573,Upcoming Event,You are invited to attend our annual conference next month. Please respond when convenient. This update is scheduled for Tuesday.,events
4858,Monthly Newsletter,Here are this week's latest company updates. Please respond when convenient. This update is scheduled for Tuesday.,newsletter_updates
1204,Hello,Are you free to meet for dinner this weekend? Please respond when convenient. This update is scheduled for Wednesday.,personal
1991,Job Application,We would like to invite you for an interview for the open position. Please respond when convenient. This update is scheduled for Tuesday.,job_career
25,Project Update,We need your approval before proceeding with the business plan. Please respond when convenient. This update is scheduled for Tuesday.,business
4853,Monthly Newsletter,This week's newsletter includes important announcements. Please respond when convenient. This update is scheduled for Friday.,newsletter_updates
4103,Exclusive Discount,Get 30 percent off your next purchase this weekend. Please respond when convenient. This update is scheduled for Tuesday.,promotions
4168,Limited Time Deal,Shop now and receive free delivery on qualifying purchases. Please respond when convenient. This update is scheduled for Wednesday.,promotions
763,Order Issue,I am having trouble with my order and need some assistance. Please respond when convenient. This update is scheduled for Friday.,customer_support
876,Support Request,My product arrived damaged. Please help me with a replacement. Please respond when convenient. This update is scheduled for Friday.,customer_support
4743,Weekly Update,Read the latest news and updates from our organization. Please respond when convenient. This update is scheduled for Tuesday.,newsletter_updates
939,Support Request,Could you help me resolve this issue with my account? Please respond when convenient. This update is scheduled for Tuesday.,customer_support
2688,Meeting Reminder,Can we reschedule our meeting to Thursday afternoon? Please respond when convenient. This update is scheduled for Wednesday.,meetings
3601,Conference Update,The event schedule has been updated. Please respond when convenient. This update is scheduled for Monday.,events
2395,Payment Update,The payment has been processed successfully. Please respond when convenient. This update is scheduled for Wednesday.,finance
4568,Weekly Update,Here is your regular update with the latest information. Please respond when convenient. This update is scheduled for Thursday.,newsletter_updates
4981,Weekly Update,Welcome to our monthly newsletter. Please respond when convenient. This update is scheduled for Tuesday.,newsletter_updates
4125,Special Offer,Enjoy exclusive discounts on selected products today. Please respond when convenient. This update is scheduled for Thursday.,promotions
4565,Weekly Update,Welcome to our monthly newsletter. Please respond when convenient. This update is scheduled for Wednesday.,newsletter_updates
386,Business Update,The updated project proposal is ready for your review. Please respond when convenient. This update is scheduled for Tuesday.,business
3878,Upcoming Event,Please RSVP for the upcoming company event. Please respond when convenient. This update is scheduled for Wednesday.,events
4371,Special Offer,Use this promotional code to receive a discount on your order. Please respond when convenient. This update is scheduled for Thursday.,promotions
4570,Monthly Newsletter,Welcome to our monthly newsletter. Please respond when convenient. This update is scheduled for Tuesday.,newsletter_updates
537,Order Issue,I am having trouble with my order and need some assistance. Please respond when convenient. This update is scheduled for Tuesday.,customer_support
2292,Account Statement,The payment has been processed successfully. Please respond when convenient. This update is scheduled for Tuesday.,finance
4666,Weekly Update,Here are this week's latest company updates. Please respond when convenient. This update is scheduled for Tuesday.,newsletter_updates
3875,Event Invitation,Please find the invitation for the upcoming seminar. Please respond when convenient. This update is scheduled for Thursday.,events
937,Order Issue,I have not received my order yet and would like an update. Please respond when convenient. This update is scheduled for Friday.,customer_support
3738,Conference Update,You are invited to attend our annual conference next month. Please respond when convenient. This update is scheduled for Monday.,events
4729,Monthly Newsletter,Here is your regular update with the latest information. Please respond when convenient. This update is scheduled for Thursday.,newsletter_updates
2361,Payment Update,Please find the latest invoice attached to this email. Please respond when convenient. This update is scheduled for Thursday.,finance
3508,Event Invitation,Please RSVP for the upcoming company event. Please respond when convenient. This update is scheduled for Monday.,events
202,Project Update,We need your approval before proceeding with the business plan. Please respond when convenient. This update is scheduled for Tuesday.,business
3209,Flight Booking,Your flight booking has been confirmed for next Monday. Please respond when convenient. This update is scheduled for Wednesday.,travel
1333,Checking In,I wanted to check how you are doing. Please respond when convenient. This update is scheduled for Monday.,personal
3017,Flight Booking,Your flight booking has been confirmed for next Monday. Please respond when convenient. This update is scheduled for Monday.,travel
3503,Upcoming Event,You are invited to attend our annual conference next month. Please respond when convenient. This update is scheduled for Wednesday.,events
2709,Meeting Reminder,I would like to arrange a meeting to discuss the project. Please respond when convenient. This update is scheduled for Monday.,meetings
4022,Special Offer,Enjoy exclusive discounts on selected products today. Please respond when convenient. This update is scheduled for Wednesday.,promotions
1855,Job Application,We would like to invite you for an interview for the open position. Please respond when convenient. This update is scheduled for Friday.,job_career
4470,Exclusive Discount,Shop now and receive free delivery on qualifying purchases. Please respond when convenient. This update is scheduled for Thursday.,promotions
2873,Meeting Reminder,Please confirm your availability for tomorrow's meeting. Please respond when convenient. This update is scheduled for Wednesday.,meetings
3031,Flight Booking,The flight schedule has been updated by the airline. Please respond when convenient. This update is scheduled for Friday.,travel
1206,Checking In,Would you like to join us for lunch tomorrow? Please respond when convenient. This update is scheduled for Tuesday.,personal
1646,Interview Invitation,Could you provide an update regarding my job application? Please respond when convenient. This update is scheduled for Thursday.,job_career
3418,Travel Confirmation,Please send me the details of my upcoming trip. Please respond when convenient. This update is scheduled for Thursday.,travel
3477,Flight Booking,I would like to change the date of my hotel reservation. Please respond when convenient. This update is scheduled for Wednesday.,travel
2862,Meeting Reminder,Please confirm your availability for tomorrow's meeting. Please respond when convenient. This update is scheduled for Tuesday.,meetings
1793,Interview Invitation,We would like to invite you for an interview for the open position. Please respond when convenient. This update is scheduled for Friday.,job_career
3798,Upcoming Event,We are organizing a celebration and would love you to join us. Please respond when convenient. This update is scheduled for Tuesday.,events
3369,Travel Confirmation,The flight schedule has been updated by the airline. Please respond when convenient. This update is scheduled for Thursday.,travel
3368,Flight Booking,Your flight booking has been confirmed for next Monday. Please respond when convenient. This update is scheduled for Tuesday.,travel
3534,Event Invitation,You are invited to attend our annual conference next month. Please respond when convenient. This update is scheduled for Friday.,events
3450,Flight Booking,Can you help me book a hotel for my business trip? Please respond when convenient. This update is scheduled for Monday.,travel
604,Support Request,My product arrived damaged. Please help me with a replacement. Please respond when convenient. This update is scheduled for Thursday.,customer_support
3057,Hotel Reservation,Can you help me book a hotel for my business trip? Please respond when convenient. This update is scheduled for Thursday.,travel
4532,Latest News,Read the latest news and updates from our organization. Please respond when convenient. This update is scheduled for Friday.,newsletter_updates
127,Project Update,The client has requested an update on the project timeline. Please respond when convenient. This update is scheduled for Tuesday.,business
3877,Conference Update,Please RSVP for the upcoming company event. Please respond when convenient. This update is scheduled for Thursday.,events
2936,Meeting Request,Please confirm your availability for tomorrow's meeting. Please respond when convenient. This update is scheduled for Monday.,meetings
3532,Event Invitation,You are invited to attend our annual conference next month. Please respond when convenient. This update is scheduled for Thursday.,events
2731,Schedule Update,The meeting agenda is attached for your review. Please respond when convenient. This update is scheduled for Thursday.,meetings
828,Order Issue,I am having trouble with my order and need some assistance. Please respond when convenient. This update is scheduled for Thursday.,customer_support
1640,Interview Invitation,We would like to invite you for an interview for the open position. Please respond when convenient. This update is scheduled for Monday.,job_career
985,Order Issue,The service is not working properly. Please check the problem. Please respond when convenient. This update is scheduled for Friday.,customer_support
3282,Travel Confirmation,I would like to change the date of my hotel reservation. Please respond when convenient. This update is scheduled for Tuesday.,travel
4972,Latest News,This week's newsletter includes important announcements. Please respond when convenient. This update is scheduled for Wednesday.,newsletter_updates
2189,Account Statement,I have a question regarding the payment shown on my account. Please respond when convenient. This update is scheduled for Tuesday.,finance
4613,Monthly Newsletter,Welcome to our monthly newsletter. Please respond when convenient. This update is scheduled for Wednesday.,newsletter_updates
2444,Payment Update,Your invoice is due for payment by the end of this month. Please respond when convenient. This update is scheduled for Thursday.,finance
363,Quarterly Report,The updated project proposal is ready for your review. Please respond when convenient. This update is scheduled for Tuesday.,business
2350,Invoice,Could you confirm whether my refund has been issued? Please respond when convenient. This update is scheduled for Monday.,finance
346,Project Update,Please review the quarterly business report and share your feedback. Please respond when convenient. This update is scheduled for Friday.,business
815,Service Problem,Could you help me resolve this issue with my account? Please respond when convenient. This update is scheduled for Wednesday.,customer_support
3206,Hotel Reservation,Your flight booking has been confirmed for next Monday. Please respond when convenient. This update is scheduled for Friday.,travel
4161,Special Offer,Use this promotional code to receive a discount on your order. Please respond when convenient. This update is scheduled for Wednesday.,promotions
4796,Latest News,Read the latest news and updates from our organization. Please respond when convenient. This update is scheduled for Wednesday.,newsletter_updates
3326,Travel Confirmation,Your flight booking has been confirmed for next Monday. Please respond when convenient. This update is scheduled for Wednesday.,travel
4107,Special Offer,Shop now and receive free delivery on qualifying purchases. Please respond when convenient. This update is scheduled for Friday.,promotions
2117,Account Statement,Please find the latest invoice attached to this email. Please respond when convenient. This update is scheduled for Monday.,finance
1835,Interview Invitation,Please find my resume attached for your consideration. Please respond when convenient. This update is scheduled for Friday.,job_career
794,Support Request,The service is not working properly. Please check the problem. Please respond when convenient. This update is scheduled for Tuesday.,customer_support
4947,Weekly Update,Here are this week's latest company updates. Please respond when convenient. This update is scheduled for Friday.,newsletter_updates
2675,Meeting Reminder,I would like to arrange a meeting to discuss the project. Please respond when convenient. This update is scheduled for Friday.,meetings
95,Project Update,Please find the latest sales figures attached for discussion. Please respond when convenient. This update is scheduled for Wednesday.,business
3757,Conference Update,Please RSVP for the upcoming company event. Please respond when convenient. This update is scheduled for Wednesday.,events
2892,Meeting Reminder,I would like to arrange a meeting to discuss the project. Please respond when convenient. This update is scheduled for Thursday.,meetings
2372,Invoice,Could you confirm whether my refund has been issued? Please respond when convenient. This update is scheduled for Tuesday.,finance
4150,Exclusive Discount,Shop now and receive free delivery on qualifying purchases. Please respond when convenient. This update is scheduled for Wednesday.,promotions
4433,Special Offer,Shop now and receive free delivery on qualifying purchases. Please respond when convenient. This update is scheduled for Friday.,promotions
3229,Travel Confirmation,Your flight booking has been confirmed for next Monday. Please respond when convenient. This update is scheduled for Monday.,travel
2854,Meeting Reminder,The meeting agenda is attached for your review. Please respond when convenient. This update is scheduled for Wednesday.,meetings
2913,Schedule Update,The team meeting has been scheduled for Monday at 10 AM. Please respond when convenient. This update is scheduled for Friday.,meetings
1866,Job Application,We would like to invite you for an interview for the open position. Please respond when convenient. This update is scheduled for Monday.,job_career
1858,Job Application,Could you provide an update regarding my job application? Please respond when convenient. This update is scheduled for Thursday.,job_career
2646,Meeting Request,Please confirm your availability for tomorrow's meeting. Please respond when convenient. This update is scheduled for Monday.,meetings
2244,Invoice,I have a question regarding the payment shown on my account. Please respond when convenient. This update is scheduled for Tuesday.,finance
2337,Account Statement,I have a question regarding the payment shown on my account. Please respond when convenient. This update is scheduled for Thursday.,finance
951,Service Problem,Could you help me resolve this issue with my account? Please respond when convenient. This update is scheduled for Thursday.,customer_support
3069,Flight Booking,Your flight booking has been confirmed for next Monday. Please respond when convenient. This update is scheduled for Wednesday.,travel
1121,Checking In,I wanted to check how you are doing. Please respond when convenient. This update is scheduled for Thursday.,personal
2598,Meeting Request,Please confirm your availability for tomorrow's meeting. Please respond when convenient. This update is scheduled for Monday.,meetings
2205,Account Statement,Could you confirm whether my refund has been issued? Please respond when convenient. This update is scheduled for Friday.,finance
420,Quarterly Report,Please find the latest sales figures attached for discussion. Please respond when convenient. This update is scheduled for Wednesday.,business
923,Support Request,Could you help me resolve this issue with my account? Please respond when convenient. This update is scheduled for Thursday.,customer_support
1255,Hello,Please call me when you have some free time. Please respond when convenient. This update is scheduled for Tuesday.,personal
478,Business Update,Please find the latest sales figures attached for discussion. Please respond when convenient. This update is scheduled for Monday.,business
2036,Account Statement,Could you confirm whether my refund has been issued? Please respond when convenient. This update is scheduled for Tuesday.,finance
1203,Checking In,Are you free to meet for dinner this weekend? Please respond when convenient. This update is scheduled for Friday.,personal
2627,Meeting Reminder,I would like to arrange a meeting to discuss the project. Please respond when convenient. This update is scheduled for Thursday.,meetings
4819,Weekly Update,Read the latest news and updates from our organization. Please respond when convenient. This update is scheduled for Tuesday.,newsletter_updates
1971,Job Application,We would like to invite you for an interview for the open position. Please respond when convenient. This update is scheduled for Wednesday.,job_career
3111,Travel Confirmation,The flight schedule has been updated by the airline. Please respond when convenient. This update is scheduled for Friday.,travel
4019,Exclusive Discount,Use this promotional code to receive a discount on your order. Please respond when convenient. This update is scheduled for Thursday.,promotions
2152,Account Statement,The payment has been processed successfully. Please respond when convenient. This update is scheduled for Wednesday.,finance
3688,Upcoming Event,The event schedule has been updated. Please respond when convenient. This update is scheduled for Monday.,events
1998,Job Application,I am writing to apply for the software developer position. Please respond when convenient. This update is scheduled for Monday.,job_career
4034,Special Offer,Get 30 percent off your next purchase this weekend. Please respond when convenient. This update is scheduled for Thursday.,promotions
3055,Flight Booking,I would like to change the date of my hotel reservation. Please respond when convenient. This update is scheduled for Thursday.,travel
1249,Hello,I hope you are doing well. Let me know when we can catch up. Please respond when convenient. This update is scheduled for Tuesday.,personal
2193,Payment Update,Could you confirm whether my refund has been issued? Please respond when convenient. This update is scheduled for Wednesday.,finance
2713,Meeting Reminder,Can we reschedule our meeting to Thursday afternoon? Please respond when convenient. This update is scheduled for Wednesday.,meetings
993,Order Issue,My product arrived damaged. Please help me with a replacement. Please respond when convenient. This update is scheduled for Thursday.,customer_support
2191,Account Statement,Could you confirm whether my refund has been issued? Please respond when convenient. This update is scheduled for Friday.,finance
3763,Upcoming Event,We are organizing a celebration and would love you to join us. Please respond when convenient. This update is scheduled for Thursday.,events
3598,Upcoming Event,You are invited to attend our annual conference next month. Please respond when convenient. This update is scheduled for Wednesday.,events
1319,Checking In,Are you free to meet for dinner this weekend? Please respond when convenient. This update is scheduled for Wednesday.,personal
1864,Career Opportunity,Please find my resume attached for your consideration. Please respond when convenient. This update is scheduled for Friday.,job_career
2344,Payment Update,The payment has been processed successfully. Please respond when convenient. This update is scheduled for Monday.,finance
2450,Account Statement,Your invoice is due for payment by the end of this month. Please respond when convenient. This update is scheduled for Tuesday.,finance
2137,Account Statement,I have a question regarding the payment shown on my account. Please respond when convenient. This update is scheduled for Thursday.,finance
1066,Hello,I hope you are doing well. Let me know when we can catch up. Please respond when convenient. This update is scheduled for Friday.,personal
4961,Weekly Update,This week's newsletter includes important announcements. Please respond when convenient. This update is scheduled for Thursday.,newsletter_updates
2622,Schedule Update,The team meeting has been scheduled for Monday at 10 AM. Please respond when convenient. This update is scheduled for Thursday.,meetings
78,Quarterly Report,The updated project proposal is ready for your review. Please respond when convenient. This update is scheduled for Friday.,business
2899,Schedule Update,The meeting agenda is attached for your review. Please respond when convenient. This update is scheduled for Tuesday.,meetings
1315,Checking In,Please call me when you have some free time. Please respond when convenient. This update is scheduled for Friday.,personal
4373,Exclusive Discount,Get 30 percent off your next purchase this weekend. Please respond when convenient. This update is scheduled for Monday.,promotions
873,Service Problem,Could you help me resolve this issue with my account? Please respond when convenient. This update is scheduled for Friday.,customer_support
3851,Event Invitation,Please RSVP for the upcoming company event. Please respond when convenient. This update is scheduled for Tuesday.,events
4788,Weekly Update,Welcome to our monthly newsletter. Please respond when convenient. This update is scheduled for Wednesday.,newsletter_updates
2966,Schedule Update,The team meeting has been scheduled for Monday at 10 AM. Please respond when convenient. This update is scheduled for Thursday.,meetings
3392,Hotel Reservation,Can you help me book a hotel for my business trip? Please respond when convenient. This update is scheduled for Wednesday.,travel
2561,Meeting Request,The team meeting has been scheduled for Monday at 10 AM. Please respond when convenient. This update is scheduled for Tuesday.,meetings
4897,Weekly Update,This week's newsletter includes important announcements. Please respond when convenient. This update is scheduled for Thursday.,newsletter_updates
2636,Schedule Update,The team meeting has been scheduled for Monday at 10 AM. Please respond when convenient. This update is scheduled for Friday.,meetings
3531,Conference Update,Please RSVP for the upcoming company event. Please respond when convenient. This update is scheduled for Monday.,events
376,Business Update,Please find the latest sales figures attached for discussion. Please respond when convenient. This update is scheduled for Friday.,business
1909,Job Application,Could you provide an update regarding my job application? Please respond when convenient. This update is scheduled for Friday.,job_career
4333,Special Offer,Use this promotional code to receive a discount on your order. Please respond when convenient. This update is scheduled for Thursday.,promotions
4380,Special Offer,Use this promotional code to receive a discount on your order. Please respond when convenient. This update is scheduled for Wednesday.,promotions
4028,Exclusive Discount,Get 30 percent off your next purchase this weekend. Please respond when convenient. This update is scheduled for Friday.,promotions
1605,Job Application,We would like to invite you for an interview for the open position. Please respond when convenient. This update is scheduled for Monday.,job_career
1119,Hello,Are you free to meet for dinner this weekend? Please respond when convenient. This update is scheduled for Monday.,personal
3678,Event Invitation,Please find the invitation for the upcoming seminar. Please respond when convenient. This update is scheduled for Tuesday.,events
3491,Travel Confirmation,I would like to change the date of my hotel reservation. Please respond when convenient. This update is scheduled for Monday.,travel
4865,Monthly Newsletter,This week's newsletter includes important announcements. Please respond when convenient. This update is scheduled for Tuesday.,newsletter_updates
2959,Meeting Reminder,The meeting agenda is attached for your review. Please respond when convenient. This update is scheduled for Monday.,meetings
1995,Career Opportunity,Could you provide an update regarding my job application? Please respond when convenient. This update is scheduled for Friday.,job_career
4956,Monthly Newsletter,Read the latest news and updates from our organization. Please respond when convenient. This update is scheduled for Thursday.,newsletter_updates
4356,Exclusive Discount,Our special offer is available for a limited time. Please respond when convenient. This update is scheduled for Wednesday.,promotions
2377,Invoice,I have a question regarding the payment shown on my account. Please respond when convenient. This update is scheduled for Thursday.,finance
1343,Checking In,Please call me when you have some free time. Please respond when convenient. This update is scheduled for Thursday.,personal
321,Project Update,We need your approval before proceeding with the business plan. Please respond when convenient. This update is scheduled for Friday.,business
1620,Job Application,I am writing to apply for the software developer position. Please respond when convenient. This update is scheduled for Wednesday.,job_career
3714,Upcoming Event,The event schedule has been updated. Please respond when convenient. This update is scheduled for Friday.,events
2061,Account Statement,Could you confirm whether my refund has been issued? Please respond when convenient. This update is scheduled for Friday.,finance
2220,Invoice,Please find the latest invoice attached to this email. Please respond when convenient. This update is scheduled for Wednesday.,finance
1674,Career Opportunity,Please find my resume attached for your consideration. Please respond when convenient. This update is scheduled for Tuesday.,job_career
261,Quarterly Report,The client has requested an update on the project timeline. Please respond when convenient. This update is scheduled for Wednesday.,business
4418,Special Offer,Use this promotional code to receive a discount on your order. Please respond when convenient. This update is scheduled for Friday.,promotions
2040,Account Statement,Please find the latest invoice attached to this email. Please respond when convenient. This update is scheduled for Monday.,finance
902,Support Request,The service is not working properly. Please check the problem. Please respond when convenient. This update is scheduled for Friday.,customer_support
3745,Event Invitation,We are organizing a celebration and would love you to join us. Please respond when convenient. This update is scheduled for Thursday.,events
2027,Invoice,I have a question regarding the payment shown on my account. Please respond when convenient. This update is scheduled for Tuesday.,finance
1918,Job Application,I am interested in learning more about the internship opportunity. Please respond when convenient. This update is scheduled for Tuesday.,job_career
1829,Job Application,We would like to invite you for an interview for the open position. Please respond when convenient. This update is scheduled for Wednesday.,job_career
1574,Career Opportunity,Could you provide an update regarding my job application? Please respond when convenient. This update is scheduled for Friday.,job_career
4395,Special Offer,Enjoy exclusive discounts on selected products today. Please respond when convenient. This update is scheduled for Monday.,promotions
4209,Special Offer,Get 30 percent off your next purchase this weekend. Please respond when convenient. This update is scheduled for Thursday.,promotions
225,Project Update,Please find the latest sales figures attached for discussion. Please respond when convenient. This update is scheduled for Wednesday.,business
724,Support Request,My product arrived damaged. Please help me with a replacement. Please respond when convenient. This update is scheduled for Monday.,customer_support
4486,Limited Time Deal,Get 30 percent off your next purchase this weekend. Please respond when convenient. This update is scheduled for Wednesday.,promotions
1142,Checking In,I wanted to check how you are doing. Please respond when convenient. This update is scheduled for Tuesday.,personal
2763,Meeting Request,The team meeting has been scheduled for Monday at 10 AM. Please respond when convenient. This update is scheduled for Wednesday.,meetings
847,Service Problem,Could you help me resolve this issue with my account? Please respond when convenient. This update is scheduled for Tuesday.,customer_support
2552,Meeting Request,The team meeting has been scheduled for Monday at 10 AM. Please respond when convenient. This update is scheduled for Wednesday.,meetings
2929,Meeting Reminder,The meeting agenda is attached for your review. Please respond when convenient. This update is scheduled for Wednesday.,meetings
118,Business Update,The client has requested an update on the project timeline. Please respond when convenient. This update is scheduled for Wednesday.,business
646,Order Issue,Could you help me resolve this issue with my account? Please respond when convenient. This update is scheduled for Thursday.,customer_support
4,Quarterly Report,The client has requested an update on the project timeline. Please respond when convenient. This update is scheduled for Monday.,business
4171,Exclusive Discount,Get 30 percent off your next purchase this weekend. Please respond when convenient. This update is scheduled for Wednesday.,promotions
468,Quarterly Report,We need your approval before proceeding with the business plan. Please respond when convenient. This update is scheduled for Thursday.,business
6,Business Update,Please review the quarterly business report and share your feedback. Please respond when convenient. This update is scheduled for Tuesday.,business
920,Support Request,Could you help me resolve this issue with my account? Please respond when convenient. This update is scheduled for Friday.,customer_support
2596,Meeting Reminder,The team meeting has been scheduled for Monday at 10 AM. Please respond when convenient. This update is scheduled for Thursday.,meetings
1064,Checking In,Are you free to meet for dinner this weekend? Please respond when convenient. This update is scheduled for Tuesday.,personal
2591,Schedule Update,The team meeting has been scheduled for Monday at 10 AM. Please respond when convenient. This update is scheduled for Friday.,meetings
243,Business Update,We need your approval before proceeding with the business plan. Please respond when convenient. This update is scheduled for Friday.,business
1161,Weekend Plans,Are you free to meet for dinner this weekend? Please respond when convenient. This update is scheduled for Monday.,personal
2871,Meeting Reminder,Can we reschedule our meeting to Thursday afternoon? Please respond when convenient. This update is scheduled for Thursday.,meetings
3736,Upcoming Event,You are invited to attend our annual conference next month. Please respond when convenient. This update is scheduled for Wednesday.,events
2398,Account Statement,Your invoice is due for payment by the end of this month. Please respond when convenient. This update is scheduled for Monday.,finance
3518,Event Invitation,The event schedule has been updated. Please respond when convenient. This update is scheduled for Wednesday.,events
3422,Flight Booking,Your flight booking has been confirmed for next Monday. Please respond when convenient. This update is scheduled for Monday.,travel
2564,Meeting Request,I would like to arrange a meeting to discuss the project. Please respond when convenient. This update is scheduled for Tuesday.,meetings
1606,Job Application,We would like to invite you for an interview for the open position. Please respond when convenient. This update is scheduled for Friday.,job_career
4829,Weekly Update,Read the latest news and updates from our organization. Please respond when convenient. This update is scheduled for Friday.,newsletter_updates
2325,Account Statement,I have a question regarding the payment shown on my account. Please respond when convenient. This update is scheduled for Tuesday.,finance
2710,Meeting Request,Can we reschedule our meeting to Thursday afternoon? Please respond when convenient. This update is scheduled for Thursday.,meetings
4399,Exclusive Discount,Enjoy exclusive discounts on selected products today. Please respond when convenient. This update is scheduled for Thursday.,promotions
1313,Hello,I hope you are doing well. Let me know when we can catch up. Please respond when convenient. This update is scheduled for Thursday.,personal
3449,Travel Confirmation,Your flight booking has been confirmed for next Monday. Please respond when convenient. This update is scheduled for Tuesday.,travel
3813,Upcoming Event,Please find the invitation for the upcoming seminar. Please respond when convenient. This update is scheduled for Wednesday.,events
4656,Latest News,Here are this week's latest company updates. Please respond when convenient. This update is scheduled for Friday.,newsletter_updates
2363,Payment Update,Please find the latest invoice attached to this email. Please respond when convenient. This update is scheduled for Wednesday.,finance
1976,Interview Invitation,Please find my resume attached for your consideration. Please respond when convenient. This update is scheduled for Thursday.,job_career
3515,Event Invitation,The event schedule has been updated. Please respond when convenient. This update is scheduled for Monday.,events
1762,Career Opportunity,Please find my resume attached for your consideration. Please respond when convenient. This update is scheduled for Friday.,job_career
2740,Schedule Update,Can we reschedule our meeting to Thursday afternoon? Please respond when convenient. This update is scheduled for Wednesday.,meetings
4845,Latest News,Here are this week's latest company updates. Please respond when convenient. This update is scheduled for Thursday.,newsletter_updates
2473,Invoice,Please find the latest invoice attached to this email. Please respond when convenient. This update is scheduled for Friday.,finance
4008,Exclusive Discount,Use this promotional code to receive a discount on your order. Please respond when convenient. This update is scheduled for Monday.,promotions
1494,Checking In,Are you free to meet for dinner this weekend? Please respond when convenient. This update is scheduled for Friday.,personal
4207,Limited Time Deal,Get 30 percent off your next purchase this weekend. Please respond when convenient. This update is scheduled for Tuesday.,promotions
2159,Account Statement,The payment has been processed successfully. Please respond when convenient. This update is scheduled for Friday.,finance
1170,Weekend Plans,I wanted to check how you are doing. Please respond when convenient. This update is scheduled for Tuesday.,personal
4517,Weekly Update,Read the latest news and updates from our organization. Please respond when convenient. This update is scheduled for Tuesday.,newsletter_updates
233,Quarterly Report,The updated project proposal is ready for your review. Please respond when convenient. This update is scheduled for Thursday.,business
67,Project Update,The updated project proposal is ready for your review. Please respond when convenient. This update is scheduled for Wednesday.,business
1604,Interview Invitation,We would like to invite you for an interview for the open position. Please respond when convenient. This update is scheduled for Wednesday.,job_career
3284,Hotel Reservation,Your flight booking has been confirmed for next Monday. Please respond when convenient. This update is scheduled for Monday.,travel
3597,Upcoming Event,We are organizing a celebration and would love you to join us. Please respond when convenient. This update is scheduled for Friday.,events
126,Quarterly Report,Please review the quarterly business report and share your feedback. Please respond when convenient. This update is scheduled for Monday.,business
1297,Checking In,Would you like to join us for lunch tomorrow? Please respond when convenient. This update is scheduled for Friday.,personal
1977,Job Application,I am interested in learning more about the internship opportunity. Please respond when convenient. This update is scheduled for Friday.,job_career
4518,Latest News,Here is your regular update with the latest information. Please respond when convenient. This update is scheduled for Monday.,newsletter_updates
4482,Exclusive Discount,Get 30 percent off your next purchase this weekend. Please respond when convenient. This update is scheduled for Wednesday.,promotions
2076,Invoice,Please find the latest invoice attached to this email. Please respond when convenient. This update is scheduled for Monday.,finance
3087,Hotel Reservation,Can you help me book a hotel for my business trip? Please respond when convenient. This update is scheduled for Friday.,travel
4346,Special Offer,Enjoy exclusive discounts on selected products today. Please respond when convenient. This update is scheduled for Thursday.,promotions
3346,Flight Booking,Can you help me book a hotel for my business trip? Please respond when convenient. This update is scheduled for Tuesday.,travel
4465,Special Offer,Shop now and receive free delivery on qualifying purchases. Please respond when convenient. This update is scheduled for Wednesday.,promotions
2798,Meeting Reminder,Can we reschedule our meeting to Thursday afternoon? Please respond when convenient. This update is scheduled for Monday.,meetings
919,Support Request,My product arrived damaged. Please help me with a replacement. Please respond when convenient. This update is scheduled for Wednesday.,customer_support
1647,Career Opportunity,I am writing to apply for the software developer position. Please respond when convenient. This update is scheduled for Thursday.,job_career
365,Quarterly Report,Please review the quarterly business report and share your feedback. Please respond when convenient. This update is scheduled for Wednesday.,business
3288,Hotel Reservation,Please send me the details of my upcoming trip. Please respond when convenient. This update is scheduled for Wednesday.,travel
2126,Account Statement,Could you confirm whether my refund has been issued? Please respond when convenient. This update is scheduled for Tuesday.,finance
4124,Exclusive Discount,Our special offer is available for a limited time. Please respond when convenient. This update is scheduled for Tuesday.,promotions
526,Support Request,I am having trouble with my order and need some assistance. Please respond when convenient. This update is scheduled for Thursday.,customer_support
56,Quarterly Report,The updated project proposal is ready for your review. Please respond when convenient. This update is scheduled for Friday.,business
639,Order Issue,My product arrived damaged. Please help me with a replacement. Please respond when convenient. This update is scheduled for Monday.,customer_support
303,Business Update,The updated project proposal is ready for your review. Please respond when convenient. This update is scheduled for Friday.,business
2767,Schedule Update,The meeting agenda is attached for your review. Please respond when convenient. This update is scheduled for Friday.,meetings
1277,Weekend Plans,I wanted to check how you are doing. Please respond when convenient. This update is scheduled for Tuesday.,personal
2056,Payment Update,The payment has been processed successfully. Please respond when convenient. This update is scheduled for Wednesday.,finance
3645,Upcoming Event,You are invited to attend our annual conference next month. Please respond when convenient. This update is scheduled for Tuesday.,events
4144,Exclusive Discount,Enjoy exclusive discounts on selected products today. Please respond when convenient. This update is scheduled for Monday.,promotions
2879,Schedule Update,The meeting agenda is attached for your review. Please respond when convenient. This update is scheduled for Thursday.,meetings
4203,Limited Time Deal,Shop now and receive free delivery on qualifying purchases. Please respond when convenient. This update is scheduled for Tuesday.,promotions
2287,Account Statement,Could you confirm whether my refund has been issued? Please respond when convenient. This update is scheduled for Tuesday.,finance
2262,Account Statement,Could you confirm whether my refund has been issued? Please respond when convenient. This update is scheduled for Wednesday.,finance
2297,Account Statement,Could you confirm whether my refund has been issued? Please respond when convenient. This update is scheduled for Wednesday.,finance
1754,Career Opportunity,We would like to invite you for an interview for the open position. Please respond when convenient. This update is scheduled for Friday.,job_career
1969,Career Opportunity,We would like to invite you for an interview for the open position. Please respond when convenient. This update is scheduled for Monday.,job_career
4352,Exclusive Discount,Our special offer is available for a limited time. Please respond when convenient. This update is scheduled for Wednesday.,promotions
3118,Hotel Reservation,Can you help me book a hotel for my business trip? Please respond when convenient. This update is scheduled for Monday.,travel
2394,Account Statement,Could you confirm whether my refund has been issued? Please respond when convenient. This update is scheduled for Monday.,finance
524,Service Problem,The service is not working properly. Please check the problem. Please respond when convenient. This update is scheduled for Thursday.,customer_support
3901,Upcoming Event,The event schedule has been updated. Please respond when convenient. This update is scheduled for Friday.,events
3123,Travel Confirmation,Your flight booking has been confirmed for next Monday. Please respond when convenient. This update is scheduled for Friday.,travel
4157,Limited Time Deal,Our special offer is available for a limited time. Please respond when convenient. This update is scheduled for Friday.,promotions
1970,Career Opportunity,Could you provide an update regarding my job application? Please respond when convenient. This update is scheduled for Wednesday.,job_career
672,Service Problem,The service is not working properly. Please check the problem. Please respond when convenient. This update is scheduled for Thursday.,customer_support
4189,Special Offer,Use this promotional code to receive a discount on your order. Please respond when convenient. This update is scheduled for Tuesday.,promotions
667,Support Request,I have not received my order yet and would like an update. Please respond when convenient. This update is scheduled for Thursday.,customer_support
4339,Special Offer,Shop now and receive free delivery on qualifying purchases. Please respond when convenient. This update is scheduled for Friday.,promotions
1888,Job Application,Could you provide an update regarding my job application? Please respond when convenient. This update is scheduled for Thursday.,job_career
3267,Travel Confirmation,Your flight booking has been confirmed for next Monday. Please respond when convenient. This update is scheduled for Thursday.,travel
281,Business Update,The updated project proposal is ready for your review. Please respond when convenient. This update is scheduled for Wednesday.,business
1720,Career Opportunity,Could you provide an update regarding my job application? Please respond when convenient. This update is scheduled for Thursday.,job_career
2948,Meeting Reminder,The meeting agenda is attached for your review. Please respond when convenient. This update is scheduled for Wednesday.,meetings
900,Service Problem,Could you help me resolve this issue with my account? Please respond when convenient. This update is scheduled for Friday.,customer_support
4851,Weekly Update,This week's newsletter includes important announcements. Please respond when convenient. This update is scheduled for Friday.,newsletter_updates
761,Order Issue,I have not received my order yet and would like an update. Please respond when convenient. This update is scheduled for Monday.,customer_support
1907,Career Opportunity,I am interested in learning more about the internship opportunity. Please respond when convenient. This update is scheduled for Thursday.,job_career
4043,Special Offer,Enjoy exclusive discounts on selected products today. Please respond when convenient. This update is scheduled for Friday.,promotions
3824,Upcoming Event,The event schedule has been updated. Please respond when convenient. This update is scheduled for Friday.,events
4139,Limited Time Deal,Our special offer is available for a limited time. Please respond when convenient. This update is scheduled for Wednesday.,promotions
3819,Conference Update,The event schedule has been updated. Please respond when convenient. This update is scheduled for Friday.,events
4301,Special Offer,Use this promotional code to receive a discount on your order. Please respond when convenient. This update is scheduled for Thursday.,promotions
2594,Schedule Update,Can we reschedule our meeting to Thursday afternoon? Please respond when convenient. This update is scheduled for Friday.,meetings
4165,Exclusive Discount,Get 30 percent off your next purchase this weekend. Please respond when convenient. This update is scheduled for Thursday.,promotions
3032,Hotel Reservation,Your flight booking has been confirmed for next Monday. Please respond when convenient. This update is scheduled for Tuesday.,travel
3580,Event Invitation,You are invited to attend our annual conference next month. Please respond when convenient. This update is scheduled for Wednesday.,events
2833,Meeting Reminder,Please confirm your availability for tomorrow's meeting. Please respond when convenient. This update is scheduled for Monday.,meetings
3473,Travel Confirmation,I would like to change the date of my hotel reservation. Please respond when convenient. This update is scheduled for Tuesday.,travel
138,Business Update,The updated project proposal is ready for your review. Please respond when convenient. This update is scheduled for Friday.,business
2181,Payment Update,Could you confirm whether my refund has been issued? Please respond when convenient. This update is scheduled for Monday.,finance
2129,Account Statement,The payment has been processed successfully. Please respond when convenient. This update is scheduled for Tuesday.,finance
3178,Hotel Reservation,I would like to change the date of my hotel reservation. Please respond when convenient. This update is scheduled for Thursday.,travel
4368,Exclusive Discount,Get 30 percent off your next purchase this weekend. Please respond when convenient. This update is scheduled for Thursday.,promotions
4262,Special Offer,Our special offer is available for a limited time. Please respond when convenient. This update is scheduled for Monday.,promotions
4345,Special Offer,Use this promotional code to receive a discount on your order. Please respond when convenient. This update is scheduled for Tuesday.,promotions
1332,Checking In,Would you like to join us for lunch tomorrow? Please respond when convenient. This update is scheduled for Friday.,personal
2018,Account Statement,The payment has been processed successfully. Please respond when convenient. This update is scheduled for Thursday.,finance
2483,Payment Update,I have a question regarding the payment shown on my account. Please respond when convenient. This update is scheduled for Wednesday.,finance
1359,Hello,I wanted to check how you are doing. Please respond when convenient. This update is scheduled for Tuesday.,personal
1330,Hello,Please call me when you have some free time. Please respond when convenient. This update is scheduled for Wednesday.,personal
2151,Payment Update,Please find the latest invoice attached to this email. Please respond when convenient. This update is scheduled for Thursday.,finance
2123,Payment Update,Your invoice is due for payment by the end of this month. Please respond when convenient. This update is scheduled for Tuesday.,finance
3982,Conference Update,We are organizing a celebration and would love you to join us. Please respond when convenient. This update is scheduled for Friday.,events
1253,Hello,I hope you are doing well. Let me know when we can catch up. Please respond when convenient. This update is scheduled for Thursday.,personal
3279,Travel Confirmation,I would like to change the date of my hotel reservation. Please respond when convenient. This update is scheduled for Wednesday.,travel
3375,Flight Booking,Can you help me book a hotel for my business trip? Please respond when convenient. This update is scheduled for Friday.,travel
2815,Schedule Update,Please confirm your availability for tomorrow's meeting. Please respond when convenient. This update is scheduled for Wednesday.,meetings
1849,Job Application,I am interested in learning more about the internship opportunity. Please respond when convenient. This update is scheduled for Wednesday.,job_career
3038,Hotel Reservation,Please send me the details of my upcoming trip. Please respond when convenient. This update is scheduled for Wednesday.,travel
389,Business Update,The client has requested an update on the project timeline. Please respond when convenient. This update is scheduled for Tuesday.,business
236,Quarterly Report,The updated project proposal is ready for your review. Please respond when convenient. This update is scheduled for Friday.,business
1078,Hello,I hope you are doing well. Let me know when we can catch up. Please respond when convenient. This update is scheduled for Thursday.,personal
1985,Job Application,I am interested in learning more about the internship opportunity. Please respond when convenient. This update is scheduled for Thursday.,job_career
4364,Exclusive Discount,Shop now and receive free delivery on qualifying purchases. Please respond when convenient. This update is scheduled for Wednesday.,promotions
3963,Upcoming Event,Please find the invitation for the upcoming seminar. Please respond when convenient. This update is scheduled for Monday.,events
771,Service Problem,My product arrived damaged. Please help me with a replacement. Please respond when convenient. This update is scheduled for Thursday.,customer_support
2166,Account Statement,I have a question regarding the payment shown on my account. Please respond when convenient. This update is scheduled for Thursday.,finance
674,Service Problem,Could you help me resolve this issue with my account? Please respond when convenient. This update is scheduled for Tuesday.,customer_support
250,Business Update,The updated project proposal is ready for your review. Please respond when convenient. This update is scheduled for Thursday.,business
1575,Career Opportunity,I am interested in learning more about the internship opportunity. Please respond when convenient. This update is scheduled for Wednesday.,job_career
3420,Travel Confirmation,The flight schedule has been updated by the airline. Please respond when convenient. This update is scheduled for Tuesday.,travel
2082,Invoice,I have a question regarding the payment shown on my account. Please respond when convenient. This update is scheduled for Monday.,finance
1824,Interview Invitation,We would like to invite you for an interview for the open position. Please respond when convenient. This update is scheduled for Thursday.,job_career
717,Order Issue,Could you help me resolve this issue with my account? Please respond when convenient. This update is scheduled for Tuesday.,customer_support
4669,Monthly Newsletter,Welcome to our monthly newsletter. Please respond when convenient. This update is scheduled for Thursday.,newsletter_updates
2049,Payment Update,I have a question regarding the payment shown on my account. Please respond when convenient. This update is scheduled for Tuesday.,finance
4179,Limited Time Deal,Get 30 percent off your next purchase this weekend. Please respond when convenient. This update is scheduled for Monday.,promotions
2725,Meeting Reminder,The meeting agenda is attached for your review. Please respond when convenient. This update is scheduled for Monday.,meetings
4522,Latest News,Here is your regular update with the latest information. Please respond when convenient. This update is scheduled for Thursday.,newsletter_updates
1461,Weekend Plans,Are you free to meet for dinner this weekend? Please respond when convenient. This update is scheduled for Monday.,personal
1669,Career Opportunity,I am interested in learning more about the internship opportunity. Please respond when convenient. This update is scheduled for Monday.,job_career
2757,Meeting Reminder,The team meeting has been scheduled for Monday at 10 AM. Please respond when convenient. This update is scheduled for Wednesday.,meetings
2001,Account Statement,The payment has been processed successfully. Please respond when convenient. This update is scheduled for Wednesday.,finance
405,Project Update,The updated project proposal is ready for your review. Please respond when convenient. This update is scheduled for Friday.,business
385,Quarterly Report,Please find the latest sales figures attached for discussion. Please respond when convenient. This update is scheduled for Friday.,business
4536,Latest News,Here is your regular update with the latest information. Please respond when convenient. This update is scheduled for Tuesday.,newsletter_updates
2153,Payment Update,Your invoice is due for payment by the end of this month. Please respond when convenient. This update is scheduled for Friday.,finance
1634,Job Application,I am writing to apply for the software developer position. Please respond when convenient. This update is scheduled for Monday.,job_career
4587,Monthly Newsletter,This week's newsletter includes important announcements. Please respond when convenient. This update is scheduled for Wednesday.,newsletter_updates
3926,Conference Update,Please RSVP for the upcoming company event. Please respond when convenient. This update is scheduled for Tuesday.,events
4159,Limited Time Deal,Shop now and receive free delivery on qualifying purchases. Please respond when convenient. This update is scheduled for Monday.,promotions
224,Business Update,Please find the latest sales figures attached for discussion. Please respond when convenient. This update is scheduled for Wednesday.,business
2194,Invoice,Your invoice is due for payment by the end of this month. Please respond when convenient. This update is scheduled for Wednesday.,finance
3137,Hotel Reservation,Your flight booking has been confirmed for next Monday. Please respond when convenient. This update is scheduled for Monday.,travel
1825,Career Opportunity,Please find my resume attached for your consideration. Please respond when convenient. This update is scheduled for Tuesday.,job_career
4601,Weekly Update,Welcome to our monthly newsletter. Please respond when convenient. This update is scheduled for Tuesday.,newsletter_updates
798,Service Problem,Could you help me resolve this issue with my account? Please respond when convenient. This update is scheduled for Monday.,customer_support
2872,Meeting Reminder,The meeting agenda is attached for your review. Please respond when convenient. This update is scheduled for Tuesday.,meetings
10,Project Update,Please find the latest sales figures attached for discussion. Please respond when convenient. This update is scheduled for Friday.,business
1945,Interview Invitation,I am writing to apply for the software developer position. Please respond when convenient. This update is scheduled for Tuesday.,job_career
1839,Job Application,I am interested in learning more about the internship opportunity. Please respond when convenient. This update is scheduled for Tuesday.,job_career
256,Quarterly Report,Please find the latest sales figures attached for discussion. Please respond when convenient. This update is scheduled for Friday.,business
4509,Weekly Update,Read the latest news and updates from our organization. Please respond when convenient. This update is scheduled for Wednesday.,newsletter_updates
1582,Career Opportunity,I am writing to apply for the software developer position. Please respond when convenient. This update is scheduled for Wednesday.,job_career
2957,Meeting Reminder,I would like to arrange a meeting to discuss the project. Please respond when convenient. This update is scheduled for Monday.,meetings
925,Support Request,The service is not working properly. Please check the problem. Please respond when convenient. This update is scheduled for Thursday.,customer_support
4430,Special Offer,Get 30 percent off your next purchase this weekend. Please respond when convenient. This update is scheduled for Tuesday.,promotions
2509,Meeting Request,The meeting agenda is attached for your review. Please respond when convenient. This update is scheduled for Thursday.,meetings
3776,Event Invitation,We are organizing a celebration and would love you to join us. Please respond when convenient. This update is scheduled for Tuesday.,events
4137,Limited Time Deal,Shop now and receive free delivery on qualifying purchases. Please respond when convenient. This update is scheduled for Friday.,promotions
2780,Meeting Request,Please confirm your availability for tomorrow's meeting. Please respond when convenient. This update is scheduled for Friday.,meetings
540,Service Problem,Could you help me resolve this issue with my account? Please respond when convenient. This update is scheduled for Thursday.,customer_support
2746,Meeting Request,The meeting agenda is attached for your review. Please respond when convenient. This update is scheduled for Wednesday.,meetings
4499,Special Offer,Enjoy exclusive discounts on selected products today. Please respond when convenient. This update is scheduled for Wednesday.,promotions
4572,Latest News,Read the latest news and updates from our organization. Please respond when convenient. This update is scheduled for Friday.,newsletter_updates
1146,Checking In,I hope you are doing well. Let me know when we can catch up. Please respond when convenient. This update is scheduled for Wednesday.,personal
668,Service Problem,The service is not working properly. Please check the problem. Please respond when convenient. This update is scheduled for Tuesday.,customer_support
3020,Flight Booking,I would like to change the date of my hotel reservation. Please respond when convenient. This update is scheduled for Thursday.,travel
358,Quarterly Report,We need your approval before proceeding with the business plan. Please respond when convenient. This update is scheduled for Friday.,business
2832,Meeting Request,The team meeting has been scheduled for Monday at 10 AM. Please respond when convenient. This update is scheduled for Thursday.,meetings
2784,Meeting Reminder,The meeting agenda is attached for your review. Please respond when convenient. This update is scheduled for Friday.,meetings
1354,Hello,I hope you are doing well. Let me know when we can catch up. Please respond when convenient. This update is scheduled for Wednesday.,personal
471,Quarterly Report,Please review the quarterly business report and share your feedback. Please respond when convenient. This update is scheduled for Monday.,business
2704,Meeting Request,I would like to arrange a meeting to discuss the project. Please respond when convenient. This update is scheduled for Thursday.,meetings
3331,Hotel Reservation,Please send me the details of my upcoming trip. Please respond when convenient. This update is scheduled for Tuesday.,travel
3638,Upcoming Event,The event schedule has been updated. Please respond when convenient. This update is scheduled for Wednesday.,events
1397,Checking In,I hope you are doing well. Let me know when we can catch up. Please respond when convenient. This update is scheduled for Friday.,personal
3585,Conference Update,Please find the invitation for the upcoming seminar. Please respond when convenient. This update is scheduled for Monday.,events
4487,Limited Time Deal,Shop now and receive free delivery on qualifying purchases. Please respond when convenient. This update is scheduled for Tuesday.,promotions
3377,Travel Confirmation,The flight schedule has been updated by the airline. Please respond when convenient. This update is scheduled for Wednesday.,travel
1257,Weekend Plans,I wanted to check how you are doing. Please respond when convenient. This update is scheduled for Monday.,personal
3513,Upcoming Event,We are organizing a celebration and would love you to join us. Please respond when convenient. This update is scheduled for Friday.,events
1251,Hello,I hope you are doing well. Let me know when we can catch up. Please respond when convenient. This update is scheduled for Monday.,personal
4808,Monthly Newsletter,Welcome to our monthly newsletter. Please respond when convenient. This update is scheduled for Wednesday.,newsletter_updates
4299,Exclusive Discount,Enjoy exclusive discounts on selected products today. Please respond when convenient. This update is scheduled for Friday.,promotions
3285,Hotel Reservation,I would like to change the date of my hotel reservation. Please respond when convenient. This update is scheduled for Thursday.,travel
2934,Schedule Update,The meeting agenda is attached for your review. Please respond when convenient. This update is scheduled for Thursday.,meetings
4176,Exclusive Discount,Get 30 percent off your next purchase this weekend. Please respond when convenient. This update is scheduled for Tuesday.,promotions
1853,Interview Invitation,Could you provide an update regarding my job application? Please respond when convenient. This update is scheduled for Wednesday.,job_career
4870,Weekly Update,Here is your regular update with the latest information. Please respond when convenient. This update is scheduled for Friday.,newsletter_updates
2106,Account Statement,I have a question regarding the payment shown on my account. Please respond when convenient. This update is scheduled for Monday.,finance
134,Quarterly Report,We need your approval before proceeding with the business plan. Please respond when convenient. This update is scheduled for Tuesday.,business
929,Support Request,My product arrived damaged. Please help me with a replacement. Please respond when convenient. This update is scheduled for Tuesday.,customer_support
824,Order Issue,My product arrived damaged. Please help me with a replacement. Please respond when convenient. This update is scheduled for Thursday.,customer_support
4544,Monthly Newsletter,Here are this week's latest company updates. Please respond when convenient. This update is scheduled for Tuesday.,newsletter_updates
1532,Job Application,Could you provide an update regarding my job application? Please respond when convenient. This update is scheduled for Tuesday.,job_career
1215,Hello,I hope you are doing well. Let me know when we can catch up. Please respond when convenient. This update is scheduled for Monday.,personal
505,Support Request,My product arrived damaged. Please help me with a replacement. Please respond when convenient. This update is scheduled for Friday.,customer_support
4286,Special Offer,Shop now and receive free delivery on qualifying purchases. Please respond when convenient. This update is scheduled for Tuesday.,promotions
1997,Career Opportunity,Please find my resume attached for your consideration. Please respond when convenient. This update is scheduled for Tuesday.,job_career
3073,Flight Booking,Your flight booking has been confirmed for next Monday. Please respond when convenient. This update is scheduled for Thursday.,travel
1959,Career Opportunity,I am interested in learning more about the internship opportunity. Please respond when convenient. This update is scheduled for Thursday.,job_career
1385,Weekend Plans,Please call me when you have some free time. Please respond when convenient. This update is scheduled for Thursday.,personal
895,Order Issue,Could you help me resolve this issue with my account? Please respond when convenient. This update is scheduled for Tuesday.,customer_support
456,Project Update,Please review the quarterly business report and share your feedback. Please respond when convenient. This update is scheduled for Thursday.,business
4880,Weekly Update,Read the latest news and updates from our organization. Please respond when convenient. This update is scheduled for Friday.,newsletter_updates
3710,Event Invitation,Please find the invitation for the upcoming seminar. Please respond when convenient. This update is scheduled for Monday.,events
4619,Latest News,Read the latest news and updates from our organization. Please respond when convenient. This update is scheduled for Tuesday.,newsletter_updates
4269,Exclusive Discount,Shop now and receive free delivery on qualifying purchases. Please respond when convenient. This update is scheduled for Friday.,promotions
3523,Event Invitation,Please RSVP for the upcoming company event. Please respond when convenient. This update is scheduled for Wednesday.,events
4135,Limited Time Deal,Get 30 percent off your next purchase this weekend. Please respond when convenient. This update is scheduled for Friday.,promotions
3603,Event Invitation,Please RSVP for the upcoming company event. Please respond when convenient. This update is scheduled for Monday.,events
714,Order Issue,Could you help me resolve this issue with my account? Please respond when convenient. This update is scheduled for Wednesday.,customer_support
4187,Limited Time Deal,Our special offer is available for a limited time. Please respond when convenient. This update is scheduled for Friday.,promotions
2215,Account Statement,I have a question regarding the payment shown on my account. Please respond when convenient. This update is scheduled for Monday.,finance
2924,Meeting Request,I would like to arrange a meeting to discuss the project. Please respond when convenient. This update is scheduled for Thursday.,meetings
1811,Career Opportunity,I am interested in learning more about the internship opportunity. Please respond when convenient. This update is scheduled for Wednesday.,job_career
3487,Flight Booking,The flight schedule has been updated by the airline. Please respond when convenient. This update is scheduled for Wednesday.,travel
3142,Travel Confirmation,Please send me the details of my upcoming trip. Please respond when convenient. This update is scheduled for Tuesday.,travel
1828,Career Opportunity,We would like to invite you for an interview for the open position. Please respond when convenient. This update is scheduled for Tuesday.,job_career
1156,Hello,I hope you are doing well. Let me know when we can catch up. Please respond when convenient. This update is scheduled for Friday.,personal
1325,Checking In,I wanted to check how you are doing. Please respond when convenient. This update is scheduled for Friday.,personal
4313,Exclusive Discount,Our special offer is available for a limited time. Please respond when convenient. This update is scheduled for Thursday.,promotions
511,Order Issue,I have not received my order yet and would like an update. Please respond when convenient. This update is scheduled for Friday.,customer_support
1681,Job Application,Please find my resume attached for your consideration. Please respond when convenient. This update is scheduled for Thursday.,job_career
500,Project Update,The client has requested an update on the project timeline. Please respond when convenient. This update is scheduled for Tuesday.,business
4537,Latest News,Welcome to our monthly newsletter. Please respond when convenient. This update is scheduled for Thursday.,newsletter_updates
1857,Career Opportunity,Please find my resume attached for your consideration. Please respond when convenient. This update is scheduled for Tuesday.,job_career
1389,Hello,Are you free to meet for dinner this weekend? Please respond when convenient. This update is scheduled for Friday.,personal
3720,Event Invitation,Please find the invitation for the upcoming seminar. Please respond when convenient. This update is scheduled for Thursday.,events
2387,Invoice,Please find the latest invoice attached to this email. Please respond when convenient. This update is scheduled for Monday.,finance
3237,Hotel Reservation,The flight schedule has been updated by the airline. Please respond when convenient. This update is scheduled for Tuesday.,travel
1541,Interview Invitation,I am writing to apply for the software developer position. Please respond when convenient. This update is scheduled for Monday.,job_career
1218,Weekend Plans,Please call me when you have some free time. Please respond when convenient. This update is scheduled for Thursday.,personal
2682,Schedule Update,Can we reschedule our meeting to Thursday afternoon? Please respond when convenient. This update is scheduled for Wednesday.,meetings
2994,Meeting Reminder,The team meeting has been scheduled for Monday at 10 AM. Please respond when convenient. This update is scheduled for Friday.,meetings
1192,Hello,Are you free to meet for dinner this weekend? Please respond when convenient. This update is scheduled for Tuesday.,personal
1543,Job Application,I am interested in learning more about the internship opportunity. Please respond when convenient. This update is scheduled for Monday.,job_career
3302,Hotel Reservation,Can you help me book a hotel for my business trip? Please respond when convenient. This update is scheduled for Thursday.,travel
3325,Hotel Reservation,Can you help me book a hotel for my business trip? Please respond when convenient. This update is scheduled for Friday.,travel
2540,Schedule Update,Please confirm your availability for tomorrow's meeting. Please respond when convenient. This update is scheduled for Monday.,meetings
954,Order Issue,My product arrived damaged. Please help me with a replacement. Please respond when convenient. This update is scheduled for Friday.,customer_support
4331,Limited Time Deal,Shop now and receive free delivery on qualifying purchases. Please respond when convenient. This update is scheduled for Thursday.,promotions
733,Order Issue,My product arrived damaged. Please help me with a replacement. Please respond when convenient. This update is scheduled for Friday.,customer_support
1157,Checking In,Would you like to join us for lunch tomorrow? Please respond when convenient. This update is scheduled for Monday.,personal
3295,Travel Confirmation,Can you help me book a hotel for my business trip? Please respond when convenient. This update is scheduled for Friday.,travel
2983,Meeting Request,The meeting agenda is attached for your review. Please respond when convenient. This update is scheduled for Thursday.,meetings
2157,Invoice,The payment has been processed successfully. Please respond when convenient. This update is scheduled for Thursday.,finance
1063,Checking In,Are you free to meet for dinner this weekend? Please respond when convenient. This update is scheduled for Tuesday.,personal
2617,Schedule Update,The meeting agenda is attached for your review. Please respond when convenient. This update is scheduled for Tuesday.,meetings
1168,Hello,I wanted to check how you are doing. Please respond when convenient. This update is scheduled for Wednesday.,personal
3223,Travel Confirmation,Please send me the details of my upcoming trip. Please respond when convenient. This update is scheduled for Wednesday.,travel
3637,Upcoming Event,The event schedule has been updated. Please respond when convenient. This update is scheduled for Thursday.,events
2939,Schedule Update,Please confirm your availability for tomorrow's meeting. Please respond when convenient. This update is scheduled for Friday.,meetings
4492,Special Offer,Enjoy exclusive discounts on selected products today. Please respond when convenient. This update is scheduled for Thursday.,promotions
3141,Hotel Reservation,I would like to change the date of my hotel reservation. Please respond when convenient. This update is scheduled for Monday.,travel
144,Quarterly Report,The client has requested an update on the project timeline. Please respond when convenient. This update is scheduled for Thursday.,business
3578,Conference Update,The event schedule has been updated. Please respond when convenient. This update is scheduled for Friday.,events
2783,Schedule Update,Please confirm your availability for tomorrow's meeting. Please respond when convenient. This update is scheduled for Friday.,meetings
718,Order Issue,The service is not working properly. Please check the problem. Please respond when convenient. This update is scheduled for Tuesday.,customer_support
1820,Career Opportunity,I am interested in learning more about the internship opportunity. Please respond when convenient. This update is scheduled for Monday.,job_career
2503,Meeting Request,Can we reschedule our meeting to Thursday afternoon? Please respond when convenient. This update is scheduled for Thursday.,meetings
4361,Exclusive Discount,Shop now and receive free delivery on qualifying purchases. Please respond when convenient. This update is scheduled for Tuesday.,promotions
4172,Special Offer,Get 30 percent off your next purchase this weekend. Please respond when convenient. This update is scheduled for Monday.,promotions
396,Project Update,We need your approval before proceeding with the business plan. Please respond when convenient. This update is scheduled for Tuesday.,business
4837,Latest News,This week's newsletter includes important announcements. Please respond when convenient. This update is scheduled for Monday.,newsletter_updates
4493,Special Offer,Our special offer is available for a limited time. Please respond when convenient. This update is scheduled for Tuesday.,promotions
1366,Hello,Would you like to join us for lunch tomorrow? Please respond when convenient. This update is scheduled for Thursday.,personal
4559,Latest News,Welcome to our monthly newsletter. Please respond when convenient. This update is scheduled for Friday.,newsletter_updates
596,Service Problem,Could you help me resolve this issue with my account? Please respond when convenient. This update is scheduled for Wednesday.,customer_support
3953,Upcoming Event,Please find the invitation for the upcoming seminar. Please respond when convenient. This update is scheduled for Tuesday.,events
2915,Schedule Update,Can we reschedule our meeting to Thursday afternoon? Please respond when convenient. This update is scheduled for Thursday.,meetings
2327,Account Statement,I have a question regarding the payment shown on my account. Please respond when convenient. This update is scheduled for Wednesday.,finance
3767,Upcoming Event,Please find the invitation for the upcoming seminar. Please respond when convenient. This update is scheduled for Tuesday.,events
3441,Travel Confirmation,I would like to change the date of my hotel reservation. Please respond when convenient. This update is scheduled for Wednesday.,travel
3852,Upcoming Event,Please find the invitation for the upcoming seminar. Please respond when convenient. This update is scheduled for Thursday.,events
4133,Exclusive Discount,Enjoy exclusive discounts on selected products today. Please respond when convenient. This update is scheduled for Wednesday.,promotions
4592,Weekly Update,Welcome to our monthly newsletter. Please respond when convenient. This update is scheduled for Monday.,newsletter_updates
2144,Payment Update,Your invoice is due for payment by the end of this month. Please respond when convenient. This update is scheduled for Friday.,finance
1572,Interview Invitation,Could you provide an update regarding my job application? Please respond when convenient. This update is scheduled for Wednesday.,job_career
4080,Exclusive Discount,Shop now and receive free delivery on qualifying purchases. Please respond when convenient. This update is scheduled for Thursday.,promotions
1123,Hello,I wanted to check how you are doing. Please respond when convenient. This update is scheduled for Wednesday.,personal
2787,Schedule Update,The meeting agenda is attached for your review. Please respond when convenient. This update is scheduled for Wednesday.,meetings
2968,Meeting Reminder,The team meeting has been scheduled for Monday at 10 AM. Please respond when convenient. This update is scheduled for Monday.,meetings
2505,Meeting Request,Can we reschedule our meeting to Thursday afternoon? Please respond when convenient. This update is scheduled for Wednesday.,meetings
3466,Travel Confirmation,The flight schedule has been updated by the airline. Please respond when convenient. This update is scheduled for Monday.,travel
676,Support Request,I am having trouble with my order and need some assistance. Please respond when convenient. This update is scheduled for Tuesday.,customer_support
2809,Schedule Update,The team meeting has been scheduled for Monday at 10 AM. Please respond when convenient. This update is scheduled for Thursday.,meetings
3349,Hotel Reservation,The flight schedule has been updated by the airline. Please respond when convenient. This update is scheduled for Thursday.,travel
729,Order Issue,Could you help me resolve this issue with my account? Please respond when convenient. This update is scheduled for Friday.,customer_support
413,Project Update,We need your approval before proceeding with the business plan. Please respond when convenient. This update is scheduled for Tuesday.,business
3147,Hotel Reservation,I would like to change the date of my hotel reservation. Please respond when convenient. This update is scheduled for Tuesday.,travel
1517,Job Application,I am interested in learning more about the internship opportunity. Please respond when convenient. This update is scheduled for Thursday.,job_career
826,Order Issue,The service is not working properly. Please check the problem. Please respond when convenient. This update is scheduled for Monday.,customer_support
3268,Travel Confirmation,The flight schedule has been updated by the airline. Please respond when convenient. This update is scheduled for Tuesday.,travel
3975,Upcoming Event,Please RSVP for the upcoming company event. Please respond when convenient. This update is scheduled for Friday.,events
617,Support Request,The service is not working properly. Please check the problem. Please respond when convenient. This update is scheduled for Thursday.,customer_support
115,Project Update,Please review the quarterly business report and share your feedback. Please respond when convenient. This update is scheduled for Monday.,business
418,Business Update,Please review the quarterly business report and share your feedback. Please respond when convenient. This update is scheduled for Thursday.,business
3070,Travel Confirmation,Can you help me book a hotel for my business trip? Please respond when convenient. This update is scheduled for Wednesday.,travel
1626,Job Application,I am interested in learning more about the internship opportunity. Please respond when convenient. This update is scheduled for Friday.,job_career
4951,Weekly Update,Here is your regular update with the latest information. Please respond when convenient. This update is scheduled for Wednesday.,newsletter_updates
4186,Exclusive Discount,Get 30 percent off your next purchase this weekend. Please respond when convenient. This update is scheduled for Friday.,promotions
2897,Meeting Request,Please confirm your availability for tomorrow's meeting. Please respond when convenient. This update is scheduled for Friday.,meetings
4672,Monthly Newsletter,Welcome to our monthly newsletter. Please respond when convenient. This update is scheduled for Friday.,newsletter_updates
2083,Payment Update,Could you confirm whether my refund has been issued? Please respond when convenient. This update is scheduled for Friday.,finance
754,Order Issue,The service is not working properly. Please check the problem. Please respond when convenient. This update is scheduled for Tuesday.,customer_support
2547,Meeting Reminder,Can we reschedule our meeting to Thursday afternoon? Please respond when convenient. This update is scheduled for Friday.,meetings
3970,Upcoming Event,Please find the invitation for the upcoming seminar. Please respond when convenient. This update is scheduled for Friday.,events
3374,Travel Confirmation,The flight schedule has been updated by the airline. Please respond when convenient. This update is scheduled for Thursday.,travel
4108,Limited Time Deal,Get 30 percent off your next purchase this weekend. Please respond when convenient. This update is scheduled for Wednesday.,promotions
2445,Invoice,I have a question regarding the payment shown on my account. Please respond when convenient. This update is scheduled for Friday.,finance
4381,Limited Time Deal,Our special offer is available for a limited time. Please respond when convenient. This update is scheduled for Tuesday.,promotions
1067,Checking In,Would you like to join us for lunch tomorrow? Please respond when convenient. This update is scheduled for Thursday.,personal
3914,Conference Update,Please RSVP for the upcoming company event. Please respond when convenient. This update is scheduled for Wednesday.,events
3499,Hotel Reservation,Please send me the details of my upcoming trip. Please respond when convenient. This update is scheduled for Friday.,travel
2739,Meeting Request,Can we reschedule our meeting to Thursday afternoon? Please respond when convenient. This update is scheduled for Thursday.,meetings
4001,Special Offer,Shop now and receive free delivery on qualifying purchases. Please respond when convenient. This update is scheduled for Thursday.,promotions
1569,Interview Invitation,I am interested in learning more about the internship opportunity. Please respond when convenient. This update is scheduled for Friday.,job_career
2428,Invoice,Could you confirm whether my refund has been issued? Please respond when convenient. This update is scheduled for Wednesday.,finance
3747,Event Invitation,The event schedule has been updated. Please respond when convenient. This update is scheduled for Thursday.,events
4640,Latest News,Read the latest news and updates from our organization. Please respond when convenient. This update is scheduled for Wednesday.,newsletter_updates
1688,Job Application,We would like to invite you for an interview for the open position. Please respond when convenient. This update is scheduled for Friday.,job_career
852,Support Request,My product arrived damaged. Please help me with a replacement. Please respond when convenient. This update is scheduled for Friday.,customer_support
3547,Event Invitation,We are organizing a celebration and would love you to join us. Please respond when convenient. This update is scheduled for Monday.,events
896,Service Problem,My product arrived damaged. Please help me with a replacement. Please respond when convenient. This update is scheduled for Wednesday.,customer_support
4593,Weekly Update,Welcome to our monthly newsletter. Please respond when convenient. This update is scheduled for Friday.,newsletter_updates
336,Business Update,Please find the latest sales figures attached for discussion. Please respond when convenient. This update is scheduled for Friday.,business
2840,Meeting Reminder,Please confirm your availability for tomorrow's meeting. Please respond when convenient. This update is scheduled for Friday.,meetings
3088,Hotel Reservation,The flight schedule has been updated by the airline. Please respond when convenient. This update is scheduled for Wednesday.,travel
1349,Checking In,Please call me when you have some free time. Please respond when convenient. This update is scheduled for Friday.,personal
1016,Checking In,I wanted to check how you are doing. Please respond when convenient. This update is scheduled for Thursday.,personal
2817,Meeting Reminder,Can we reschedule our meeting to Thursday afternoon? Please respond when convenient. This update is scheduled for Tuesday.,meetings
1632,Career Opportunity,I am writing to apply for the software developer position. Please respond when convenient. This update is scheduled for Wednesday.,job_career
2490,Account Statement,Your invoice is due for payment by the end of this month. Please respond when convenient. This update is scheduled for Monday.,finance
3731,Event Invitation,We are organizing a celebration and would love you to join us. Please respond when convenient. This update is scheduled for Friday.,events
3252,Hotel Reservation,Can you help me book a hotel for my business trip? Please respond when convenient. This update is scheduled for Thursday.,travel
4635,Monthly Newsletter,Welcome to our monthly newsletter. Please respond when convenient. This update is scheduled for Friday.,newsletter_updates
2071,Payment Update,Your invoice is due for payment by the end of this month. Please respond when convenient. This update is scheduled for Tuesday.,finance
4453,Special Offer,Enjoy exclusive discounts on selected products today. Please respond when convenient. This update is scheduled for Tuesday.,promotions
4883,Monthly Newsletter,This week's newsletter includes important announcements. Please respond when convenient. This update is scheduled for Wednesday.,newsletter_updates
1636,Career Opportunity,I am writing to apply for the software developer position. Please respond when convenient. This update is scheduled for Tuesday.,job_career
2480,Account Statement,Could you confirm whether my refund has been issued? Please respond when convenient. This update is scheduled for Monday.,finance
2266,Account Statement,Could you confirm whether my refund has been issued? Please respond when convenient. This update is scheduled for Wednesday.,finance
2960,Meeting Request,The meeting agenda is attached for your review. Please respond when convenient. This update is scheduled for Wednesday.,meetings
4732,Monthly Newsletter,Welcome to our monthly newsletter. Please respond when convenient. This update is scheduled for Tuesday.,newsletter_updates
3060,Flight Booking,Can you help me book a hotel for my business trip? Please respond when convenient. This update is scheduled for Wednesday.,travel
2142,Account Statement,Could you confirm whether my refund has been issued? Please respond when convenient. This update is scheduled for Friday.,finance
3119,Hotel Reservation,The flight schedule has been updated by the airline. Please respond when convenient. This update is scheduled for Wednesday.,travel
4726,Latest News,Welcome to our monthly newsletter. Please respond when convenient. This update is scheduled for Friday.,newsletter_updates
4046,Exclusive Discount,Shop now and receive free delivery on qualifying purchases. Please respond when convenient. This update is scheduled for Thursday.,promotions
3357,Flight Booking,The flight schedule has been updated by the airline. Please respond when convenient. This update is scheduled for Tuesday.,travel
2745,Meeting Reminder,Can we reschedule our meeting to Thursday afternoon? Please respond when convenient. This update is scheduled for Friday.,meetings
3507,Upcoming Event,Please find the invitation for the upcoming seminar. Please respond when convenient. This update is scheduled for Friday.,events
1680,Interview Invitation,I am interested in learning more about the internship opportunity. Please respond when convenient. This update is scheduled for Friday.,job_career
4250,Limited Time Deal,Enjoy exclusive discounts on selected products today. Please respond when convenient. This update is scheduled for Wednesday.,promotions
3148,Flight Booking,Can you help me book a hotel for my business trip? Please respond when convenient. This update is scheduled for Tuesday.,travel
2295,Account Statement,Please find the latest invoice attached to this email. Please respond when convenient. This update is scheduled for Tuesday.,finance
581,Support Request,I have not received my order yet and would like an update. Please respond when convenient. This update is scheduled for Friday.,customer_support
1471,Hello,Please call me when you have some free time. Please respond when convenient. This update is scheduled for Tuesday.,personal
4071,Exclusive Discount,Enjoy exclusive discounts on selected products today. Please respond when convenient. This update is scheduled for Tuesday.,promotions
3344,Hotel Reservation,The flight schedule has been updated by the airline. Please respond when convenient. This update is scheduled for Thursday.,travel
4584,Monthly Newsletter,Here are this week's latest company updates. Please respond when convenient. This update is scheduled for Wednesday.,newsletter_updates
3673,Upcoming Event,We are organizing a celebration and would love you to join us. Please respond when convenient. This update is scheduled for Tuesday.,events
560,Support Request,The service is not working properly. Please check the problem. Please respond when convenient. This update is scheduled for Friday.,customer_support
2850,Meeting Request,The meeting agenda is attached for your review. Please respond when convenient. This update is scheduled for Wednesday.,meetings
513,Service Problem,My product arrived damaged. Please help me with a replacement. Please respond when convenient. This update is scheduled for Thursday.,customer_support
1082,Checking In,Please call me when you have some free time. Please respond when convenient. This update is scheduled for Tuesday.,personal
1665,Job Application,Could you provide an update regarding my job application? Please respond when convenient. This update is scheduled for Friday.,job_career
1013,Checking In,Please call me when you have some free time. Please respond when convenient. This update is scheduled for Monday.,personal
1932,Career Opportunity,We would like to invite you for an interview for the open position. Please respond when convenient. This update is scheduled for Monday.,job_career
1151,Hello,Are you free to meet for dinner this weekend? Please respond when convenient. This update is scheduled for Wednesday.,personal
2839,Meeting Reminder,The meeting agenda is attached for your review. Please respond when convenient. This update is scheduled for Monday.,meetings
117,Business Update,Please review the quarterly business report and share your feedback. Please respond when convenient. This update is scheduled for Friday.,business
741,Support Request,The service is not working properly. Please check the problem. Please respond when convenient. This update is scheduled for Friday.,customer_support
4807,Latest News,Read the latest news and updates from our organization. Please respond when convenient. This update is scheduled for Monday.,newsletter_updates
3676,Conference Update,The event schedule has been updated. Please respond when convenient. This update is scheduled for Tuesday.,events
831,Order Issue,I am having trouble with my order and need some assistance. Please respond when convenient. This update is scheduled for Wednesday.,customer_support
120,Business Update,We need your approval before proceeding with the business plan. Please respond when convenient. This update is scheduled for Wednesday.,business
4854,Monthly Newsletter,Welcome to our monthly newsletter. Please respond when convenient. This update is scheduled for Friday.,newsletter_updates
4739,Weekly Update,This week's newsletter includes important announcements. Please respond when convenient. This update is scheduled for Thursday.,newsletter_updates
636,Support Request,Could you help me resolve this issue with my account? Please respond when convenient. This update is scheduled for Tuesday.,customer_support
4466,Limited Time Deal,Shop now and receive free delivery on qualifying purchases. Please respond when convenient. This update is scheduled for Wednesday.,promotions
4365,Special Offer,Shop now and receive free delivery on qualifying purchases. Please respond when convenient. This update is scheduled for Thursday.,promotions
4143,Special Offer,Enjoy exclusive discounts on selected products today. Please respond when convenient. This update is scheduled for Monday.,promotions
992,Support Request,Could you help me resolve this issue with my account? Please respond when convenient. This update is scheduled for Tuesday.,customer_support
877,Service Problem,I am having trouble with my order and need some assistance. Please respond when convenient. This update is scheduled for Tuesday.,customer_support
5,Business Update,Please find the latest sales figures attached for discussion. Please respond when convenient. This update is scheduled for Monday.,business
3052,Flight Booking,The flight schedule has been updated by the airline. Please respond when convenient. This update is scheduled for Friday.,travel
3125,Hotel Reservation,Can you help me book a hotel for my business trip? Please respond when convenient. This update is scheduled for Monday.,travel
2661,Meeting Request,I would like to arrange a meeting to discuss the project. Please respond when convenient. This update is scheduled for Monday.,meetings
2492,Payment Update,The payment has been processed successfully. Please respond when convenient. This update is scheduled for Friday.,finance
3855,Event Invitation,The event schedule has been updated. Please respond when convenient. This update is scheduled for Friday.,events
1716,Career Opportunity,Could you provide an update regarding my job application? Please respond when convenient. This update is scheduled for Wednesday.,job_career
1149,Weekend Plans,Would you like to join us for lunch tomorrow? Please respond when convenient. This update is scheduled for Friday.,personal
3262,Hotel Reservation,Please send me the details of my upcoming trip. Please respond when convenient. This update is scheduled for Tuesday.,travel
575,Order Issue,I am having trouble with my order and need some assistance. Please respond when convenient. This update is scheduled for Wednesday.,customer_support
3770,Event Invitation,Please RSVP for the upcoming company event. Please respond when convenient. This update is scheduled for Thursday.,events
3737,Conference Update,Please RSVP for the upcoming company event. Please respond when convenient. This update is scheduled for Thursday.,events
4147,Limited Time Deal,Shop now and receive free delivery on qualifying purchases. Please respond when convenient. This update is scheduled for Monday.,promotions
854,Support Request,I am having trouble with my order and need some assistance. Please respond when convenient. This update is scheduled for Friday.,customer_support
1983,Job Application,Please find my resume attached for your consideration. Please respond when convenient. This update is scheduled for Friday.,job_career
2775,Meeting Reminder,The team meeting has been scheduled for Monday at 10 AM. Please respond when convenient. This update is scheduled for Friday.,meetings
1167,Weekend Plans,Would you like to join us for lunch tomorrow? Please respond when convenient. This update is scheduled for Friday.,personal
972,Service Problem,Could you help me resolve this issue with my account? Please respond when convenient. This update is scheduled for Monday.,customer_support
2702,Schedule Update,Please confirm your availability for tomorrow's meeting. Please respond when convenient. This update is scheduled for Thursday.,meetings
4496,Exclusive Discount,Shop now and receive free delivery on qualifying purchases. Please respond when convenient. This update is scheduled for Thursday.,promotions
3848,Conference Update,Please RSVP for the upcoming company event. Please respond when convenient. This update is scheduled for Thursday.,events
2369,Invoice,Please find the latest invoice attached to this email. Please respond when convenient. This update is scheduled for Tuesday.,finance
4116,Special Offer,Get 30 percent off your next purchase this weekend. Please respond when convenient. This update is scheduled for Wednesday.,promotions
4132,Exclusive Discount,Use this promotional code to receive a discount on your order. Please respond when convenient. This update is scheduled for Tuesday.,promotions
2951,Schedule Update,I would like to arrange a meeting to discuss the project. Please respond when convenient. This update is scheduled for Monday.,meetings
525,Order Issue,Could you help me resolve this issue with my account? Please respond when convenient. This update is scheduled for Thursday.,customer_support
2456,Payment Update,Could you confirm whether my refund has been issued? Please respond when convenient. This update is scheduled for Tuesday.,finance
1842,Career Opportunity,Please find my resume attached for your consideration. Please respond when convenient. This update is scheduled for Thursday.,job_career
538,Service Problem,My product arrived damaged. Please help me with a replacement. Please respond when convenient. This update is scheduled for Tuesday.,customer_support
2807,Meeting Reminder,I would like to arrange a meeting to discuss the project. Please respond when convenient. This update is scheduled for Wednesday.,meetings
4342,Exclusive Discount,Use this promotional code to receive a discount on your order. Please respond when convenient. This update is scheduled for Wednesday.,promotions
3176,Flight Booking,Please send me the details of my upcoming trip. Please respond when convenient. This update is scheduled for Thursday.,travel
785,Support Request,I have not received my order yet and would like an update. Please respond when convenient. This update is scheduled for Wednesday.,customer_support
4058,Exclusive Discount,Use this promotional code to receive a discount on your order. Please respond when convenient. This update is scheduled for Friday.,promotions
1410,Weekend Plans,I wanted to check how you are doing. Please respond when convenient. This update is scheduled for Wednesday.,personal
2538,Schedule Update,I would like to arrange a meeting to discuss the project. Please respond when convenient. This update is scheduled for Friday.,meetings
155,Project Update,We need your approval before proceeding with the business plan. Please respond when convenient. This update is scheduled for Friday.,business
3010,Travel Confirmation,I would like to change the date of my hotel reservation. Please respond when convenient. This update is scheduled for Tuesday.,travel
1687,Job Application,Could you provide an update regarding my job application? Please respond when convenient. This update is scheduled for Friday.,job_career
2902,Meeting Request,Can we reschedule our meeting to Thursday afternoon? Please respond when convenient. This update is scheduled for Monday.,meetings
4950,Weekly Update,Read the latest news and updates from our organization. Please respond when convenient. This update is scheduled for Tuesday.,newsletter_updates
3864,Event Invitation,You are invited to attend our annual conference next month. Please respond when convenient. This update is scheduled for Wednesday.,events
2734,Meeting Reminder,The team meeting has been scheduled for Monday at 10 AM. Please respond when convenient. This update is scheduled for Thursday.,meetings
1896,Job Application,Please find my resume attached for your consideration. Please respond when convenient. This update is scheduled for Friday.,job_career
570,Service Problem,Could you help me resolve this issue with my account? Please respond when convenient. This update is scheduled for Tuesday.,customer_support
1817,Interview Invitation,Please find my resume attached for your consideration. Please respond when convenient. This update is scheduled for Monday.,job_career
2066,Payment Update,Please find the latest invoice attached to this email. Please respond when convenient. This update is scheduled for Wednesday.,finance
128,Business Update,We need your approval before proceeding with the business plan. Please respond when convenient. This update is scheduled for Friday.,business
3395,Travel Confirmation,Please send me the details of my upcoming trip. Please respond when convenient. This update is scheduled for Monday.,travel
3328,Hotel Reservation,Please send me the details of my upcoming trip. Please respond when convenient. This update is scheduled for Monday.,travel
4987,Latest News,Here is your regular update with the latest information. Please respond when convenient. This update is scheduled for Friday.,newsletter_updates
2976,Meeting Reminder,Can we reschedule our meeting to Thursday afternoon? Please respond when convenient. This update is scheduled for Monday.,meetings
981,Service Problem,Could you help me resolve this issue with my account? Please respond when convenient. This update is scheduled for Thursday.,customer_support
2301,Account Statement,The payment has been processed successfully. Please respond when convenient. This update is scheduled for Wednesday.,finance
191,Business Update,The client has requested an update on the project timeline. Please respond when convenient. This update is scheduled for Thursday.,business
1140,Weekend Plans,Would you like to join us for lunch tomorrow? Please respond when convenient. This update is scheduled for Monday.,personal
700,Order Issue,I have not received my order yet and would like an update. Please respond when convenient. This update is scheduled for Monday.,customer_support
4781,Monthly Newsletter,Here is your regular update with the latest information. Please respond when convenient. This update is scheduled for Wednesday.,newsletter_updates
607,Support Request,I have not received my order yet and would like an update. Please respond when convenient. This update is scheduled for Tuesday.,customer_support
4277,Limited Time Deal,Our special offer is available for a limited time. Please respond when convenient. This update is scheduled for Wednesday.,promotions
302,Business Update,Please review the quarterly business report and share your feedback. Please respond when convenient. This update is scheduled for Tuesday.,business
3421,Travel Confirmation,Please send me the details of my upcoming trip. Please respond when convenient. This update is scheduled for Tuesday.,travel
4821,Weekly Update,This week's newsletter includes important announcements. Please respond when convenient. This update is scheduled for Friday.,newsletter_updates
1061,Weekend Plans,Please call me when you have some free time. Please respond when convenient. This update is scheduled for Friday.,personal
2566,Meeting Reminder,The team meeting has been scheduled for Monday at 10 AM. Please respond when convenient. This update is scheduled for Wednesday.,meetings
4995,Monthly Newsletter,Read the latest news and updates from our organization. Please respond when convenient. This update is scheduled for Tuesday.,newsletter_updates
1070,Checking In,I wanted to check how you are doing. Please respond when convenient. This update is scheduled for Thursday.,personal
2525,Schedule Update,Can we reschedule our meeting to Thursday afternoon? Please respond when convenient. This update is scheduled for Monday.,meetings
2206,Account Statement,Please find the latest invoice attached to this email. Please respond when convenient. This update is scheduled for Tuesday.,finance
1244,Hello,Are you free to meet for dinner this weekend? Please respond when convenient. This update is scheduled for Tuesday.,personal
17,Business Update,Please find the latest sales figures attached for discussion. Please respond when convenient. This update is scheduled for Friday.,business
3121,Hotel Reservation,Your flight booking has been confirmed for next Monday. Please respond when convenient. This update is scheduled for Friday.,travel
4643,Latest News,Welcome to our monthly newsletter. Please respond when convenient. This update is scheduled for Tuesday.,newsletter_updates
816,Service Problem,My product arrived damaged. Please help me with a replacement. Please respond when convenient. This update is scheduled for Monday.,customer_support
3068,Travel Confirmation,The flight schedule has been updated by the airline. Please respond when convenient. This update is scheduled for Friday.,travel
4785,Monthly Newsletter,Welcome to our monthly newsletter. Please respond when convenient. This update is scheduled for Monday.,newsletter_updates
960,Service Problem,I have not received my order yet and would like an update. Please respond when convenient. This update is scheduled for Tuesday.,customer_support
226,Project Update,Please find the latest sales figures attached for discussion. Please respond when convenient. This update is scheduled for Wednesday.,business
3355,Travel Confirmation,The flight schedule has been updated by the airline. Please respond when convenient. This update is scheduled for Thursday.,travel
2486,Payment Update,I have a question regarding the payment shown on my account. Please respond when convenient. This update is scheduled for Monday.,finance
563,Service Problem,The service is not working properly. Please check the problem. Please respond when convenient. This update is scheduled for Monday.,customer_support
3437,Travel Confirmation,Can you help me book a hotel for my business trip? Please respond when convenient. This update is scheduled for Wednesday.,travel
1694,Career Opportunity,We would like to invite you for an interview for the open position. Please respond when convenient. This update is scheduled for Monday.,job_career
1046,Weekend Plans,I wanted to check how you are doing. Please respond when convenient. This update is scheduled for Thursday.,personal
3447,Hotel Reservation,The flight schedule has been updated by the airline. Please respond when convenient. This update is scheduled for Thursday.,travel
4566,Latest News,Read the latest news and updates from our organization. Please respond when convenient. This update is scheduled for Monday.,newsletter_updates
955,Support Request,I have not received my order yet and would like an update. Please respond when convenient. This update is scheduled for Monday.,customer_support
4986,Latest News,Here is your regular update with the latest information. Please respond when convenient. This update is scheduled for Monday.,newsletter_updates
2736,Meeting Request,The meeting agenda is attached for your review. Please respond when convenient. This update is scheduled for Thursday.,meetings
4904,Weekly Update,Here is your regular update with the latest information. Please respond when convenient. This update is scheduled for Monday.,newsletter_updates
4736,Weekly Update,This week's newsletter includes important announcements. Please respond when convenient. This update is scheduled for Wednesday.,newsletter_updates
4824,Latest News,Welcome to our monthly newsletter. Please respond when convenient. This update is scheduled for Wednesday.,newsletter_updates
1219,Hello,Are you free to meet for dinner this weekend? Please respond when convenient. This update is scheduled for Friday.,personal
1528,Interview Invitation,We would like to invite you for an interview for the open position. Please respond when convenient. This update is scheduled for Thursday.,job_career
3988,Conference Update,We are organizing a celebration and would love you to join us. Please respond when convenient. This update is scheduled for Thursday.,events
1301,Checking In,Are you free to meet for dinner this weekend? Please respond when convenient. This update is scheduled for Friday.,personal
4892,Latest News,Here are this week's latest company updates. Please respond when convenient. This update is scheduled for Wednesday.,newsletter_updates
161,Business Update,The client has requested an update on the project timeline. Please respond when convenient. This update is scheduled for Friday.,business
4068,Special Offer,Use this promotional code to receive a discount on your order. Please respond when convenient. This update is scheduled for Monday.,promotions
957,Order Issue,I am having trouble with my order and need some assistance. Please respond when convenient. This update is scheduled for Tuesday.,customer_support
3792,Event Invitation,We are organizing a celebration and would love you to join us. Please respond when convenient. This update is scheduled for Wednesday.,events
3235,Flight Booking,Your flight booking has been confirmed for next Monday. Please respond when convenient. This update is scheduled for Wednesday.,travel
2870,Meeting Request,I would like to arrange a meeting to discuss the project. Please respond when convenient. This update is scheduled for Tuesday.,meetings
3778,Event Invitation,Please RSVP for the upcoming company event. Please respond when convenient. This update is scheduled for Monday.,events
4434,Special Offer,Get 30 percent off your next purchase this weekend. Please respond when convenient. This update is scheduled for Tuesday.,promotions
2962,Meeting Request,The meeting agenda is attached for your review. Please respond when convenient. This update is scheduled for Friday.,meetings
2201,Account Statement,Your invoice is due for payment by the end of this month. Please respond when convenient. This update is scheduled for Monday.,finance
99,Quarterly Report,Please review the quarterly business report and share your feedback. Please respond when convenient. This update is scheduled for Friday.,business
2558,Meeting Request,The team meeting has been scheduled for Monday at 10 AM. Please respond when convenient. This update is scheduled for Monday.,meetings
3184,Hotel Reservation,Your flight booking has been confirmed for next Monday. Please respond when convenient. This update is scheduled for Monday.,travel
254,Business Update,We need your approval before proceeding with the business plan. Please respond when convenient. This update is scheduled for Tuesday.,business
3924,Event Invitation,You are invited to attend our annual conference next month. Please respond when convenient. This update is scheduled for Tuesday.,events
4200,Special Offer,Our special offer is available for a limited time. Please respond when convenient. This update is scheduled for Friday.,promotions
1446,Hello,I hope you are doing well. Let me know when we can catch up. Please respond when convenient. This update is scheduled for Monday.,personal
1649,Career Opportunity,I am interested in learning more about the internship opportunity. Please respond when convenient. This update is scheduled for Monday.,job_career
4683,Monthly Newsletter,Read the latest news and updates from our organization. Please respond when convenient. This update is scheduled for Wednesday.,newsletter_updates
4724,Monthly Newsletter,Welcome to our monthly newsletter. Please respond when convenient. This update is scheduled for Wednesday.,newsletter_updates
3992,Conference Update,The event schedule has been updated. Please respond when convenient. This update is scheduled for Friday.,events
1697,Career Opportunity,Could you provide an update regarding my job application? Please respond when convenient. This update is scheduled for Tuesday.,job_career
3192,Travel Confirmation,Please send me the details of my upcoming trip. Please respond when convenient. This update is scheduled for Tuesday.,travel
4500,Exclusive Discount,Enjoy exclusive discounts on selected products today. Please respond when convenient. This update is scheduled for Friday.,promotions
1155,Hello,I hope you are doing well. Let me know when we can catch up. Please respond when convenient. This update is scheduled for Monday.,personal
2256,Invoice,I have a question regarding the payment shown on my account. Please respond when convenient. This update is scheduled for Wednesday.,finance
1683,Interview Invitation,We would like to invite you for an interview for the open position. Please respond when convenient. This update is scheduled for Thursday.,job_career
3171,Flight Booking,Please send me the details of my upcoming trip. Please respond when convenient. This update is scheduled for Monday.,travel
2057,Invoice,The payment has been processed successfully. Please respond when convenient. This update is scheduled for Friday.,finance
4091,Exclusive Discount,Shop now and receive free delivery on qualifying purchases. Please respond when convenient. This update is scheduled for Tuesday.,promotions
3109,Hotel Reservation,Can you help me book a hotel for my business trip? Please respond when convenient. This update is scheduled for Wednesday.,travel
4549,Weekly Update,Here is your regular update with the latest information. Please respond when convenient. This update is scheduled for Friday.,newsletter_updates
3724,Conference Update,The event schedule has been updated. Please respond when convenient. This update is scheduled for Thursday.,events
2050,Account Statement,The payment has been processed successfully. Please respond when convenient. This update is scheduled for Thursday.,finance
3644,Upcoming Event,Please find the invitation for the upcoming seminar. Please respond when convenient. This update is scheduled for Friday.,events
4928,Weekly Update,Read the latest news and updates from our organization. Please respond when convenient. This update is scheduled for Wednesday.,newsletter_updates
624,Service Problem,My product arrived damaged. Please help me with a replacement. Please respond when convenient. This update is scheduled for Monday.,customer_support
263,Quarterly Report,Please review the quarterly business report and share your feedback. Please respond when convenient. This update is scheduled for Tuesday.,business
3370,Hotel Reservation,Your flight booking has been confirmed for next Monday. Please respond when convenient. This update is scheduled for Tuesday.,travel
4062,Special Offer,Our special offer is available for a limited time. Please respond when convenient. This update is scheduled for Thursday.,promotions
1803,Career Opportunity,Please find my resume attached for your consideration. Please respond when convenient. This update is scheduled for Friday.,job_career
4737,Monthly Newsletter,Here is your regular update with the latest information. Please respond when convenient. This update is scheduled for Monday.,newsletter_updates
4993,Monthly Newsletter,Read the latest news and updates from our organization. Please respond when convenient. This update is scheduled for Friday.,newsletter_updates
2386,Invoice,Please find the latest invoice attached to this email. Please respond when convenient. This update is scheduled for Wednesday.,finance
1960,Interview Invitation,I am interested in learning more about the internship opportunity. Please respond when convenient. This update is scheduled for Tuesday.,job_career
2977,Schedule Update,The meeting agenda is attached for your review. Please respond when convenient. This update is scheduled for Tuesday.,meetings
489,Project Update,We need your approval before proceeding with the business plan. Please respond when convenient. This update is scheduled for Friday.,business
1844,Interview Invitation,I am interested in learning more about the internship opportunity. Please respond when convenient. This update is scheduled for Thursday.,job_career
1735,Job Application,We would like to invite you for an interview for the open position. Please respond when convenient. This update is scheduled for Monday.,job_career
2912,Schedule Update,I would like to arrange a meeting to discuss the project. Please respond when convenient. This update is scheduled for Tuesday.,meetings
3220,Travel Confirmation,Please send me the details of my upcoming trip. Please respond when convenient. This update is scheduled for Wednesday.,travel
147,Project Update,The updated project proposal is ready for your review. Please respond when convenient. This update is scheduled for Wednesday.,business
1987,Interview Invitation,We would like to invite you for an interview for the open position. Please respond when convenient. This update is scheduled for Friday.,job_career
1370,Hello,Would you like to join us for lunch tomorrow? Please respond when convenient. This update is scheduled for Friday.,personal
2812,Schedule Update,I would like to arrange a meeting to discuss the project. Please respond when convenient. This update is scheduled for Friday.,meetings
660,Service Problem,Could you help me resolve this issue with my account? Please respond when convenient. This update is scheduled for Wednesday.,customer_support
1795,Career Opportunity,I am interested in learning more about the internship opportunity. Please respond when convenient. This update is scheduled for Friday.,job_career
2512,Schedule Update,I would like to arrange a meeting to discuss the project. Please respond when convenient. This update is scheduled for Tuesday.,meetings
3398,Travel Confirmation,I would like to change the date of my hotel reservation. Please respond when convenient. This update is scheduled for Friday.,travel
4283,Special Offer,Enjoy exclusive discounts on selected products today. Please respond when convenient. This update is scheduled for Monday.,promotions
1148,Hello,Please call me when you have some free time. Please respond when convenient. This update is scheduled for Monday.,personal
3273,Flight Booking,I would like to change the date of my hotel reservation. Please respond when convenient. This update is scheduled for Monday.,travel
609,Order Issue,My product arrived damaged. Please help me with a replacement. Please respond when convenient. This update is scheduled for Thursday.,customer_support
3583,Conference Update,You are invited to attend our annual conference next month. Please respond when convenient. This update is scheduled for Friday.,events
1931,Job Application,We would like to invite you for an interview for the open position. Please respond when convenient. This update is scheduled for Wednesday.,job_career
198,Project Update,Please find the latest sales figures attached for discussion. Please respond when convenient. This update is scheduled for Thursday.,business
2932,Meeting Request,The meeting agenda is attached for your review. Please respond when convenient. This update is scheduled for Thursday.,meetings
2328,Payment Update,I have a question regarding the payment shown on my account. Please respond when convenient. This update is scheduled for Tuesday.,finance
4390,Limited Time Deal,Shop now and receive free delivery on qualifying purchases. Please respond when convenient. This update is scheduled for Wednesday.,promotions
767,Support Request,The service is not working properly. Please check the problem. Please respond when convenient. This update is scheduled for Thursday.,customer_support
4497,Exclusive Discount,Enjoy exclusive discounts on selected products today. Please respond when convenient. This update is scheduled for Monday.,promotions
4219,Limited Time Deal,Use this promotional code to receive a discount on your order. Please respond when convenient. This update is scheduled for Tuesday.,promotions
3256,Flight Booking,Please send me the details of my upcoming trip. Please respond when convenient. This update is scheduled for Wednesday.,travel
203,Quarterly Report,We need your approval before proceeding with the business plan. Please respond when convenient. This update is scheduled for Wednesday.,business
3511,Event Invitation,Please RSVP for the upcoming company event. Please respond when convenient. This update is scheduled for Thursday.,events
1734,Career Opportunity,I am interested in learning more about the internship opportunity. Please respond when convenient. This update is scheduled for Monday.,job_career
2778,Meeting Reminder,The meeting agenda is attached for your review. Please respond when convenient. This update is scheduled for Thursday.,meetings
1708,Job Application,Please find my resume attached for your consideration. Please respond when convenient. This update is scheduled for Tuesday.,job_career
3475,Flight Booking,I would like to change the date of my hotel reservation. Please respond when convenient. This update is scheduled for Wednesday.,travel
855,Support Request,I am having trouble with my order and need some assistance. Please respond when convenient. This update is scheduled for Thursday.,customer_support
4738,Weekly Update,Here is your regular update with the latest information. Please respond when convenient. This update is scheduled for Thursday.,newsletter_updates
4098,Special Offer,Enjoy exclusive discounts on selected products today. Please respond when convenient. This update is scheduled for Tuesday.,promotions
2161,Account Statement,Please find the latest invoice attached to this email. Please respond when convenient. This update is scheduled for Wednesday.,finance
699,Service Problem,My product arrived damaged. Please help me with a replacement. Please respond when convenient. This update is scheduled for Wednesday.,customer_support
4948,Latest News,Welcome to our monthly newsletter. Please respond when convenient. This update is scheduled for Tuesday.,newsletter_updates
3000,Meeting Reminder,The meeting agenda is attached for your review. Please respond when convenient. This update is scheduled for Monday.,meetings
3697,Event Invitation,Please RSVP for the upcoming company event. Please respond when convenient. This update is scheduled for Tuesday.,events
1637,Job Application,We would like to invite you for an interview for the open position. Please respond when convenient. This update is scheduled for Thursday.,job_career
3458,Flight Booking,Please send me the details of my upcoming trip. Please respond when convenient. This update is scheduled for Tuesday.,travel
3582,Upcoming Event,Please find the invitation for the upcoming seminar. Please respond when convenient. This update is scheduled for Tuesday.,events
1292,Hello,I hope you are doing well. Let me know when we can catch up. Please respond when convenient. This update is scheduled for Friday.,personal
4660,Weekly Update,Welcome to our monthly newsletter. Please respond when convenient. This update is scheduled for Friday.,newsletter_updates
1854,Interview Invitation,Could you provide an update regarding my job application? Please respond when convenient. This update is scheduled for Wednesday.,job_career
3764,Conference Update,You are invited to attend our annual conference next month. Please respond when convenient. This update is scheduled for Thursday.,events
3305,Hotel Reservation,Please send me the details of my upcoming trip. Please respond when convenient. This update is scheduled for Wednesday.,travel
4913,Weekly Update,Read the latest news and updates from our organization. Please respond when convenient. This update is scheduled for Tuesday.,newsletter_updates
3744,Conference Update,The event schedule has been updated. Please respond when convenient. This update is scheduled for Wednesday.,events
3446,Hotel Reservation,Your flight booking has been confirmed for next Monday. Please respond when convenient. This update is scheduled for Friday.,travel
1999,Interview Invitation,Could you provide an update regarding my job application? Please respond when convenient. This update is scheduled for Monday.,job_career
664,Order Issue,I have not received my order yet and would like an update. Please respond when convenient. This update is scheduled for Wednesday.,customer_support
4780,Weekly Update,Here are this week's latest company updates. Please respond when convenient. This update is scheduled for Wednesday.,newsletter_updates
3749,Conference Update,The event schedule has been updated. Please respond when convenient. This update is scheduled for Monday.,events
4414,Exclusive Discount,Get 30 percent off your next purchase this weekend. Please respond when convenient. This update is scheduled for Thursday.,promotions
4745,Latest News,Read the latest news and updates from our organization. Please respond when convenient. This update is scheduled for Monday.,newsletter_updates
710,Order Issue,My product arrived damaged. Please help me with a replacement. Please respond when convenient. This update is scheduled for Friday.,customer_support
1283,Hello,Are you free to meet for dinner this weekend? Please respond when convenient. This update is scheduled for Monday.,personal
2676,Meeting Request,The meeting agenda is attached for your review. Please respond when convenient. This update is scheduled for Monday.,meetings
4030,Special Offer,Enjoy exclusive discounts on selected products today. Please respond when convenient. This update is scheduled for Monday.,promotions
1307,Weekend Plans,Please call me when you have some free time. Please respond when convenient. This update is scheduled for Tuesday.,personal
2238,Invoice,I have a question regarding the payment shown on my account. Please respond when convenient. This update is scheduled for Wednesday.,finance
3303,Flight Booking,Can you help me book a hotel for my business trip? Please respond when convenient. This update is scheduled for Wednesday.,travel
2039,Account Statement,Could you confirm whether my refund has been issued? Please respond when convenient. This update is scheduled for Monday.,finance
1530,Job Application,I am interested in learning more about the internship opportunity. Please respond when convenient. This update is scheduled for Monday.,job_career
1664,Job Application,We would like to invite you for an interview for the open position. Please respond when convenient. This update is scheduled for Wednesday.,job_career
4935,Latest News,Here are this week's latest company updates. Please respond when convenient. This update is scheduled for Tuesday.,newsletter_updates
4954,Monthly Newsletter,Here is your regular update with the latest information. Please respond when convenient. This update is scheduled for Thursday.,newsletter_updates
3628,Conference Update,The event schedule has been updated. Please respond when convenient. This update is scheduled for Monday.,events
2694,Meeting Reminder,The meeting agenda is attached for your review. Please respond when convenient. This update is scheduled for Thursday.,meetings
3061,Hotel Reservation,I would like to change the date of my hotel reservation. Please respond when convenient. This update is scheduled for Friday.,travel
1598,Career Opportunity,Could you provide an update regarding my job application? Please respond when convenient. This update is scheduled for Wednesday.,job_career
2730,Meeting Request,The meeting agenda is attached for your review. Please respond when convenient. This update is scheduled for Tuesday.,meetings
2626,Meeting Request,Can we reschedule our meeting to Thursday afternoon? Please respond when convenient. This update is scheduled for Thursday.,meetings
3158,Travel Confirmation,The flight schedule has been updated by the airline. Please respond when convenient. This update is scheduled for Thursday.,travel
3315,Flight Booking,The flight schedule has been updated by the airline. Please respond when convenient. This update is scheduled for Friday.,travel
1723,Career Opportunity,I am writing to apply for the software developer position. Please respond when convenient. This update is scheduled for Friday.,job_career
1060,Hello,I hope you are doing well. Let me know when we can catch up. Please respond when convenient. This update is scheduled for Friday.,personal
4637,Latest News,Read the latest news and updates from our organization. Please respond when convenient. This update is scheduled for Tuesday.,newsletter_updates
3243,Travel Confirmation,I would like to change the date of my hotel reservation. Please respond when convenient. This update is scheduled for Monday.,travel
1679,Job Application,Please find my resume attached for your consideration. Please respond when convenient. This update is scheduled for Friday.,job_career
1758,Interview Invitation,Could you provide an update regarding my job application? Please respond when convenient. This update is scheduled for Thursday.,job_career
4192,Exclusive Discount,Our special offer is available for a limited time. Please respond when convenient. This update is scheduled for Tuesday.,promotions
564,Order Issue,I have not received my order yet and would like an update. Please respond when convenient. This update is scheduled for Monday.,customer_support
2791,Meeting Reminder,Can we reschedule our meeting to Thursday afternoon? Please respond when convenient. This update is scheduled for Tuesday.,meetings
864,Order Issue,I am having trouble with my order and need some assistance. Please respond when convenient. This update is scheduled for Wednesday.,customer_support
1485,Checking In,Are you free to meet for dinner this weekend? Please respond when convenient. This update is scheduled for Friday.,personal
207,Project Update,Please find the latest sales figures attached for discussion. Please respond when convenient. This update is scheduled for Thursday.,business
4489,Exclusive Discount,Enjoy exclusive discounts on selected products today. Please respond when convenient. This update is scheduled for Friday.,promotions
871,Support Request,My product arrived damaged. Please help me with a replacement. Please respond when convenient. This update is scheduled for Tuesday.,customer_support
4494,Special Offer,Shop now and receive free delivery on qualifying purchases. Please respond when convenient. This update is scheduled for Monday.,promotions
503,Service Problem,I have not received my order yet and would like an update. Please respond when convenient. This update is scheduled for Friday.,customer_support
1029,Checking In,Would you like to join us for lunch tomorrow? Please respond when convenient. This update is scheduled for Tuesday.,personal
3841,Upcoming Event,You are invited to attend our annual conference next month. Please respond when convenient. This update is scheduled for Friday.,events
2691,Schedule Update,The meeting agenda is attached for your review. Please respond when convenient. This update is scheduled for Wednesday.,meetings
1571,Interview Invitation,I am interested in learning more about the internship opportunity. Please respond when convenient. This update is scheduled for Tuesday.,job_career
2774,Schedule Update,Can we reschedule our meeting to Thursday afternoon? Please respond when convenient. This update is scheduled for Friday.,meetings
2732,Meeting Request,Please confirm your availability for tomorrow's meeting. Please respond when convenient. This update is scheduled for Friday.,meetings
805,Order Issue,I am having trouble with my order and need some assistance. Please respond when convenient. This update is scheduled for Tuesday.,customer_support
3646,Upcoming Event,You are invited to attend our annual conference next month. Please respond when convenient. This update is scheduled for Tuesday.,events
2455,Account Statement,Your invoice is due for payment by the end of this month. Please respond when convenient. This update is scheduled for Thursday.,finance
4599,Monthly Newsletter,Here are this week's latest company updates. Please respond when convenient. This update is scheduled for Monday.,newsletter_updates
3105,Hotel Reservation,I would like to change the date of my hotel reservation. Please respond when convenient. This update is scheduled for Tuesday.,travel
4876,Weekly Update,Read the latest news and updates from our organization. Please respond when convenient. This update is scheduled for Friday.,newsletter_updates
201,Quarterly Report,Please find the latest sales figures attached for discussion. Please respond when convenient. This update is scheduled for Monday.,business
3100,Flight Booking,Your flight booking has been confirmed for next Monday. Please respond when convenient. This update is scheduled for Wednesday.,travel
2279,Payment Update,I have a question regarding the payment shown on my account. Please respond when convenient. This update is scheduled for Tuesday.,finance
3562,Upcoming Event,Please RSVP for the upcoming company event. Please respond when convenient. This update is scheduled for Friday.,events
4475,Special Offer,Our special offer is available for a limited time. Please respond when convenient. This update is scheduled for Tuesday.,promotions
4515,Latest News,Read the latest news and updates from our organization. Please respond when convenient. This update is scheduled for Friday.,newsletter_updates
392,Business Update,We need your approval before proceeding with the business plan. Please respond when convenient. This update is scheduled for Friday.,business
1496,Hello,I wanted to check how you are doing. Please respond when convenient. This update is scheduled for Monday.,personal
2696,Meeting Reminder,The team meeting has been scheduled for Monday at 10 AM. Please respond when convenient. This update is scheduled for Wednesday.,meetings
2028,Account Statement,Your invoice is due for payment by the end of this month. Please respond when convenient. This update is scheduled for Wednesday.,finance
2569,Schedule Update,I would like to arrange a meeting to discuss the project. Please respond when convenient. This update is scheduled for Wednesday.,meetings
65,Quarterly Report,We need your approval before proceeding with the business plan. Please respond when convenient. This update is scheduled for Friday.,business
3885,Event Invitation,You are invited to attend our annual conference next month. Please respond when convenient. This update is scheduled for Friday.,events
2063,Invoice,Your invoice is due for payment by the end of this month. Please respond when convenient. This update is scheduled for Wednesday.,finance
493,Quarterly Report,The client has requested an update on the project timeline. Please respond when convenient. This update is scheduled for Monday.,business
380,Business Update,Please review the quarterly business report and share your feedback. Please respond when convenient. This update is scheduled for Thursday.,business
4860,Weekly Update,Welcome to our monthly newsletter. Please respond when convenient. This update is scheduled for Wednesday.,newsletter_updates
3994,Upcoming Event,You are invited to attend our annual conference next month. Please respond when convenient. This update is scheduled for Tuesday.,events
4888,Monthly Newsletter,Here is your regular update with the latest information. Please respond when convenient. This update is scheduled for Wednesday.,newsletter_updates
1077,Weekend Plans,I hope you are doing well. Let me know when we can catch up. Please respond when convenient. This update is scheduled for Thursday.,personal
879,Service Problem,The service is not working properly. Please check the problem. Please respond when convenient. This update is scheduled for Wednesday.,customer_support
338,Quarterly Report,Please review the quarterly business report and share your feedback. Please respond when convenient. This update is scheduled for Tuesday.,business
1017,Weekend Plans,Are you free to meet for dinner this weekend? Please respond when convenient. This update is scheduled for Thursday.,personal
1276,Hello,I hope you are doing well. Let me know when we can catch up. Please respond when convenient. This update is scheduled for Wednesday.,personal
3799,Event Invitation,The event schedule has been updated. Please respond when convenient. This update is scheduled for Monday.,events
4552,Weekly Update,Read the latest news and updates from our organization. Please respond when convenient. This update is scheduled for Monday.,newsletter_updates
3343,Travel Confirmation,The flight schedule has been updated by the airline. Please respond when convenient. This update is scheduled for Thursday.,travel
4912,Weekly Update,This week's newsletter includes important announcements. Please respond when convenient. This update is scheduled for Tuesday.,newsletter_updates
996,Service Problem,My product arrived damaged. Please help me with a replacement. Please respond when convenient. This update is scheduled for Thursday.,customer_support
1982,Career Opportunity,We would like to invite you for an interview for the open position. Please respond when convenient. This update is scheduled for Monday.,job_career
4298,Special Offer,Enjoy exclusive discounts on selected products today. Please respond when convenient. This update is scheduled for Wednesday.,promotions
162,Business Update,Please find the latest sales figures attached for discussion. Please respond when convenient. This update is scheduled for Friday.,business
4799,Latest News,Read the latest news and updates from our organization. Please respond when convenient. This update is scheduled for Wednesday.,newsletter_updates
1501,Interview Invitation,We would like to invite you for an interview for the open position. Please respond when convenient. This update is scheduled for Thursday.,job_career
3844,Event Invitation,Please find the invitation for the upcoming seminar. Please respond when convenient. This update is scheduled for Friday.,events
2614,Schedule Update,Can we reschedule our meeting to Thursday afternoon? Please respond when convenient. This update is scheduled for Thursday.,meetings
3462,Hotel Reservation,I would like to change the date of my hotel reservation. Please respond when convenient. This update is scheduled for Tuesday.,travel
1022,Hello,Are you free to meet for dinner this weekend? Please respond when convenient. This update is scheduled for Monday.,personal
3074,Hotel Reservation,I would like to change the date of my hotel reservation. Please respond when convenient. This update is scheduled for Friday.,travel
3944,Conference Update,We are organizing a celebration and would love you to join us. Please respond when convenient. This update is scheduled for Thursday.,events
1586,Interview Invitation,I am writing to apply for the software developer position. Please respond when convenient. This update is scheduled for Monday.,job_career
1956,Interview Invitation,I am writing to apply for the software developer position. Please respond when convenient. This update is scheduled for Tuesday.,job_career
3153,Hotel Reservation,Your flight booking has been confirmed for next Monday. Please respond when convenient. This update is scheduled for Thursday.,travel
35,Business Update,The client has requested an update on the project timeline. Please respond when convenient. This update is scheduled for Wednesday.,business
4015,Limited Time Deal,Use this promotional code to receive a discount on your order. Please respond when convenient. This update is scheduled for Wednesday.,promotions
776,Order Issue,Could you help me resolve this issue with my account? Please respond when convenient. This update is scheduled for Friday.,customer_support
2557,Meeting Request,The team meeting has been scheduled for Monday at 10 AM. Please respond when convenient. This update is scheduled for Tuesday.,meetings
1479,Hello,Are you free to meet for dinner this weekend? Please respond when convenient. This update is scheduled for Monday.,personal
1364,Checking In,I hope you are doing well. Let me know when we can catch up. Please respond when convenient. This update is scheduled for Friday.,personal
2613,Meeting Reminder,The meeting agenda is attached for your review. Please respond when convenient. This update is scheduled for Friday.,meetings
2825,Schedule Update,Please confirm your availability for tomorrow's meeting. Please respond when convenient. This update is scheduled for Thursday.,meetings
2042,Invoice,Your invoice is due for payment by the end of this month. Please respond when convenient. This update is scheduled for Wednesday.,finance
242,Quarterly Report,The updated project proposal is ready for your review. Please respond when convenient. This update is scheduled for Monday.,business
2062,Payment Update,Could you confirm whether my refund has been issued? Please respond when convenient. This update is scheduled for Tuesday.,finance
2364,Invoice,Could you confirm whether my refund has been issued? Please respond when convenient. This update is scheduled for Wednesday.,finance
601,Order Issue,My product arrived damaged. Please help me with a replacement. Please respond when convenient. This update is scheduled for Thursday.,customer_support
2436,Payment Update,Please find the latest invoice attached to this email. Please respond when convenient. This update is scheduled for Thursday.,finance
2889,Schedule Update,Please confirm your availability for tomorrow's meeting. Please respond when convenient. This update is scheduled for Tuesday.,meetings
647,Service Problem,My product arrived damaged. Please help me with a replacement. Please respond when convenient. This update is scheduled for Thursday.,customer_support
3891,Conference Update,The event schedule has been updated. Please respond when convenient. This update is scheduled for Wednesday.,events
3557,Conference Update,Please find the invitation for the upcoming seminar. Please respond when convenient. This update is scheduled for Thursday.,events
3203,Travel Confirmation,I would like to change the date of my hotel reservation. Please respond when convenient. This update is scheduled for Monday.,travel
1529,Career Opportunity,Could you provide an update regarding my job application? Please respond when convenient. This update is scheduled for Tuesday.,job_career
1268,Hello,Please call me when you have some free time. Please respond when convenient. This update is scheduled for Tuesday.,personal
1900,Career Opportunity,We would like to invite you for an interview for the open position. Please respond when convenient. This update is scheduled for Tuesday.,job_career
4659,Weekly Update,Here are this week's latest company updates. Please respond when convenient. This update is scheduled for Friday.,newsletter_updates
3006,Hotel Reservation,The flight schedule has been updated by the airline. Please respond when convenient. This update is scheduled for Thursday.,travel
2735,Meeting Request,The meeting agenda is attached for your review. Please respond when convenient. This update is scheduled for Thursday.,meetings
190,Quarterly Report,The updated project proposal is ready for your review. Please respond when convenient. This update is scheduled for Tuesday.,business
1807,Job Application,I am writing to apply for the software developer position. Please respond when convenient. This update is scheduled for Wednesday.,job_career
976,Order Issue,My product arrived damaged. Please help me with a replacement. Please respond when convenient. This update is scheduled for Thursday.,customer_support
2748,Meeting Request,Please confirm your availability for tomorrow's meeting. Please respond when convenient. This update is scheduled for Wednesday.,meetings
2048,Account Statement,Please find the latest invoice attached to this email. Please respond when convenient. This update is scheduled for Friday.,finance
2559,Meeting Reminder,Can we reschedule our meeting to Thursday afternoon? Please respond when convenient. This update is scheduled for Wednesday.,meetings
1083,Weekend Plans,Would you like to join us for lunch tomorrow? Please respond when convenient. This update is scheduled for Thursday.,personal
475,Project Update,Please find the latest sales figures attached for discussion. Please respond when convenient. This update is scheduled for Monday.,business
2905,Meeting Request,The meeting agenda is attached for your review. Please respond when convenient. This update is scheduled for Monday.,meetings
4844,Weekly Update,This week's newsletter includes important announcements. Please respond when convenient. This update is scheduled for Tuesday.,newsletter_updates
4118,Limited Time Deal,Our special offer is available for a limited time. Please respond when convenient. This update is scheduled for Wednesday.,promotions
3386,Travel Confirmation,I would like to change the date of my hotel reservation. Please respond when convenient. This update is scheduled for Thursday.,travel
4556,Weekly Update,Read the latest news and updates from our organization. Please respond when convenient. This update is scheduled for Thursday.,newsletter_updates
1185,Checking In,Would you like to join us for lunch tomorrow? Please respond when convenient. This update is scheduled for Monday.,personal
2434,Account Statement,I have a question regarding the payment shown on my account. Please respond when convenient. This update is scheduled for Wednesday.,finance
2392,Payment Update,Your invoice is due for payment by the end of this month. Please respond when convenient. This update is scheduled for Monday.,finance
770,Order Issue,Could you help me resolve this issue with my account? Please respond when convenient. This update is scheduled for Wednesday.,customer_support
1686,Interview Invitation,Could you provide an update regarding my job application? Please respond when convenient. This update is scheduled for Wednesday.,job_career
131,Business Update,We need your approval before proceeding with the business plan. Please respond when convenient. This update is scheduled for Monday.,business
2920,Schedule Update,The team meeting has been scheduled for Monday at 10 AM. Please respond when convenient. This update is scheduled for Thursday.,meetings
3172,Hotel Reservation,Your flight booking has been confirmed for next Monday. Please respond when convenient. This update is scheduled for Tuesday.,travel
3445,Flight Booking,The flight schedule has been updated by the airline. Please respond when convenient. This update is scheduled for Monday.,travel
4427,Special Offer,Get 30 percent off your next purchase this weekend. Please respond when convenient. This update is scheduled for Thursday.,promotions
467,Quarterly Report,The client has requested an update on the project timeline. Please respond when convenient. This update is scheduled for Friday.,business
3093,Travel Confirmation,Can you help me book a hotel for my business trip? Please respond when convenient. This update is scheduled for Friday.,travel
3773,Upcoming Event,Please RSVP for the upcoming company event. Please respond when convenient. This update is scheduled for Friday.,events
861,Support Request,I have not received my order yet and would like an update. Please respond when convenient. This update is scheduled for Monday.,customer_support
